rec_id,given_name,surname,street_number,address_1,address_2,suburb,postcode,state,date_of_birth,soc_sec_id,pan,mobile
rec-561-dup-0,elton,,3,light setreet,pinehill,windermere,3212,vic,19651013,1551941,VLGBP4260O,+91 9285719615
rec-2642-dup-0,mitchell,maxon,47,edkins street,lochaoair,north ryde,3355,nsw,19390212,8859999,MXVVP4135D,(622) 476-8063
rec-608-dup-0,,white,72,lambrigg street,kelgoola,broadbeach waters,3159,vic,19620216,9731855,BHBEP9329B,
rec-3239-dup-0,elk i,menzies,1,lyster place,,northwood,2585,vic,19980624,4970481,KZDVP5830U,07197075682
rec-2886-dup-0,,garanggar,,may maxwell crescent,springettst arcade,forest hill,2342,vic,19921016,1366884,XTBDP8166F,9246489073
rec-4285-dup-0,sophie,manson,14,elizabeth xrescent,manorhouse,gorokan,3465,vic,19510201,4818868,PVBFP7295D,+91 9457952814
rec-929-dup-0,madison,morrison,38,peacock place,melim a,campbelltown,3021,wa,19481214,1967265,YKHYP2602L,09063110396
rec-4833-dup-0,jayed,millar,6,meredith c ircuit,,thornbury,6014,vic,19340731,1314310,KWHDP7923E,(615) 788-0816
rec-717-dup-0,joshua,raward,26,yambina cerscent,thorndale,macgrdgor,4718,qld,,9086686,LABNP5836J,8315203909
rec-3984-dup-0,david,sette,105,spring raghe road,jessiefield,villawood,2213,wa,19950603,9471099,XENTP2609Q,06360799164
rec-3138-dup-0,jacob,delfos,102,morgan crescent,valicare,geurie,4557,act,19510208,4071052,LFGSP9769T,+919948084046
rec-1424-dup-0,braiden,hering,26,snowde n place,peppercor lodge,new farm,3016,nsw,19240408,7720229,HXVIP1299I,8482535627
rec-825-dup-0,mia,wnite,1329,national circuit,sec 301,narembeen,2765,nsw,19130418,5053650,SXIXP1761Z,99073-75473
rec-520-dup-0,nicholas,mcneill,16,,tunis,bacchus marsh,6019,nsw,19800829,5215850,GXIJP6963F,(626) 507-7409
rec-3868-dup-0,rybak,jassim,16,newman morrisf circuit,brookfield,oromnd,2218,vic,19840706,8822389,RWJOP8082T,(949) 607-9835
rec-147-dup-0,cassandra,lock,5,glossop cerscent,kames,scarborough,6153,nsw,19371206,2516564,PDDFP6772H,(950) 859-9753
rec-919-dup-0,ilam,tschitrpig,61,biffin sreet,,blacktown,2221,nsw,19970528,6098354,RIHFP2147A,09670713367
rec-3156-dup-0,adam,ewald,,wentcher place,longstay caravn park,kempsey,5902,nsw,19180203,2268410,ZPCXP2069E,(818) 974-9758
rec-1026-dup-0,lochlan,weaver,30,carnegie crescent,gantham,wendouree,3197,nsw,19990511,4335106,PEBJP4740Y,6384608867
rec-3272-dup-0,zara,white,189,mackey place,doctors flat,hawthorn,4300,wa,19320621,7744887,SMUDP8510A,+91 7159134955
rec-4342-dup-0,,grubb,10,berne cresxent,yooringa,st hubertscisland,6539,nsw,19341211,6333533,HDIJP1785A,07369907496
rec-4788-dup-0,shanaye,averats,162,benjami n way,ashville,bamawm,3175,qld,19340625,8786773,LJQNP7245B,+916886408322
rec-3978-dup-0,,babic,1,totterdell street,cooingale,st albans,4060,sa,19450493,3346822,GGFQP7019Q,+91 6541264024
rec-2440-dup-0,amy,green,8,cahalan place,,east preston,2114,,19900401,2287496,ABPTP5308J,94096-24799
rec-4517-dup-0,isabe lla,waller,,blackbu rn street,omeo,stanmore,5035,vic,19500719,7270771,,60015-19716
rec-4595-dup-0,samuel,rudd,46,powlett street,,kingston,3453,sa,19580819,7309587,YSCFP8444G,+917129198248
rec-316-dup-0,jordan,whie,8,,,ryde,2148,vic,19890416,6617539,IXUBP5018G,+91 9283416454
rec-1413-dup-0,brielle,speabrs,8,tunney c rescent,hd blanch sec 28,rosslyn park,3350,wa,19890201,3140493,FSGHP0439X,+91 9686654304
rec-470-dup-0,harry,bishop,5,darwinia terrace,craigsto nl1bg,glenmore aprk,4830,wa,19781114,7781607,OALYP9105G,+91 7340668517
rec-2871-dup-0,noah,fusco,65,kruseplace,thepoints h olsteins,kununurra,3400,nsw,19490107,9136935,LCUTP0843J,(734) 668-3574
rec-4096-dup-0,stella,clarke,11,leist strewt,emerald banks,burnie,3152,wa,19020227,6990160,PNYWP4097Z,06126165669
rec-567-dup-0,bradley,sribar,32,sturt avenue,everge en,buronga,2710,sa,19511217,9160808,QUKYP5250U,
rec-3089-dup-0,annabel,thropr,21,airey crescent,galloway,rokeby,4670,vic,19920305,2814912,IYAJP2317X,+91 8970471815
rec-4233-dup-0,joshua,dixon,60,croton street,ethnam arm,surrey hills,2617,nsw,19481014,5540614,VLCMP6728A,09145622808
rec-3874-dup-0,jacob,wbeb,14,hawdon treet,aumuller house,forest lodge,6050,nsw,19450315,8971806,TCDIP0655X,+91 8034420026
rec-1168-dup-0,isabella,ryan,61,downes place,spring ridge,ardeer,3058,nsw,19331204,4702512,KOUAP2853F,6255843182
rec-4618-dup-0,chloe,musoilno,4,warrumbmul street,gordoivale,brighton,3728,ni,,7147784,AYYXP3972F,96874-08894
rec-2896-dup-0,blake,mcvicar,26,ellerston avenue,rosehill,bowral,3009,qld,19890504,1219082,KVNHP6418Q,+917940315906
rec-3044-dup-0,nicholas,mycko,259,alma close,farm shed,centennail park,3000,qld,19450728,3274337,QOMUP7971L,9833561720
rec-2852-dup-0,kiana,huxley,12,southern close,little dale,maryborough,2517,nsw,19140529,1728316,RASFP6038F,7566790258
rec-1492-dup-0,macormack,campball,21,shipard place,demountabel bldg,brighton,2546,qld,19640101,3116298,CMFBP5936I,+91 6759727170
rec-1108-dup-0,lachln,murton,191,barraclough crescent,medcl cntr (cnr queen s street,east hills,2707,nsw,19770527,2068877,ZSPGP7034U,(794) 345-3522
rec-2621-dup-0,casey,heran,10,cathie p lace,watarmark,rowville,6135,sa,19390522,8255871,RMFMP4652I,09829058874
rec-2867-dup-0,bailey,satte rley,28,newman morcbis circuit,carrington garden,beamont,2074,nsw,19730919,1989082,DWRPP9740Q,+91 9154369314
rec-2979-dup-0,caleb,dabinet,30,springfields farms,rodway tsreet,mount ommaney,3133,qld,19040620,2071263,KQPHP5962L,85331-16395
rec-4466-dup-0,bllke,white,16,brunto nstreet,rosetta village,frankxton,2800,vic,19731009,6366377,JOQRP4759J,+916823833346
rec-4903-dup-0,mihal,hannsh,,aspinal ls treet,,nyal west,6060,vic,,7161412,YLFTP1216F,+91 7175775803
rec-1445-dup-0,paige,webb,,arthaldo court,,cardkff,5023,vic,19341104,6388140,WBXEP8858K,08155565028
rec-2854-dup-0,nahan,bishop,2,osburn drive,noosa village shopping centre,woodhill,2530,vic,19961008,6472175,LHNJP3667N,06273098817
rec-4281-dup-0,saraa,carmody,14,gilmore crescent,brentwood vlge,denmark,4650,wa,19830421,7880298,PWAHP5057J,(756) 029-5570
rec-1831-dup-0,mia,reid,4,le hunte srreet,marretth,como,3777,vic,19800421,3451673,ANBBP8026P,9743763922
rec-172-dup-0,adamx,craze,,mcclintoxk street,loma langie,portarlington,3199,wa,19270510,3239913,QNHLP9411J,07520001406
rec-2239-dup-0,makenzi,elphick,31,copland drive,gwand alan,erskine,4214,wa,19500810,1011936,KJVYP8023O,08967086383
rec-2873-dup-0,rhys,horsley,11,,calalafarm,sale,7130,nsw,19070227,5179281,EHDUP0074T,+91 7301069960
rec-3040-dup-0,zane,webb,4,mackinolty street,mayflower rtrmnt vlge,ganmani,6018,vic,19190523,1897310,TGMOP5984A,6632518404
rec-1015-dup-0,bailey,zilm,11,,craigow,deer park,6112,tas,19471001,5100168,NAYAP0812W,08203775992
rec-2154-dup-0,phoebe,,33,kumm place,the manor garden,harris park,2323,vic,19061113,3155906,HNLEP4991O,+917473449097
rec-4799-dup-0,molly,hanna,18,lewis luxton avenue,tullaillan,salisbury east,2032,vic,19171018,3994290,,09812986302
rec-3528-dup-0,,gibb,35,tenison-woodsr circuit,the j gms,adamstown heights,6333,nsw,19090430,3651633,UMXGP6333F,09042851606
rec-2434-dup-0,,ebert,69,rapanea street,pangabi,,6061,nsw,19310909,9105802,QXZPP8944C,+91 7150658616
rec-4382-dup-0,cambell,coteman,45,norton street,skilbister,coniston,3803,act,19731016,2389212,XHBHP2410E,8331506281
rec-2786-dup-0,marko,lamprey,23,kilburnie,backler place,windsor,6083,nsw,19401125,4959474,,07990928336
rec-2685-dup-0,joe,lodgw,200,steinwedel street,kmart p plaza,toowoomba,4016,wa,19710830,2655513,WLMHP5654R,66379-34460
rec-3436-dup-0,ethan,marson,40,catumbel lodge,tinaroo place,hoppers crossing,2035,vic,19100123,9238396,SPENP6279C,67256-91478
rec-4668-dup-0,elton,coldicutt,3,somerset s treet,newman medcaql centre,ashfield,5037,vic,19341016,9721944,MJHUP5545P,95090-37704
rec-3570-dup-0,ja xson,selht,1,moonta place,walhalla,maryborough,2066,qld,19130707,7238580,NVGVP0195X,87447-11225
rec-490-dup-0,crystal,webb,6,holman street,rowethorpe,nora,3095,vic,19800226,6491894,LGTJP8034C,07452808651
rec-3777-dup-0,lachlarn,ricard,40,wallaroeroad,,bowral,4158,sa,19531101,6012074,OSZMP2937W,88159-27751
rec-4113-dup-0,sophie,au,26,pelham close,locn n192,sandy bay,3192,vic,,4507512,BDLIP6892G,6664855927
rec-4592-dup-0,elizabeth,nobli,33,rosebery street,glenomre,eatons hill,2458,vic,19820730,7294023,BFSIP4647G,+91 7880156674
rec-4070-dup-0,chandler,hamish,9,allavnale,eton place,bribie island,2831,tas,19871001,3981694,FEYLP8101Y,75946-68123
rec-4862-dup-0,matthew,walms,1121,massi e place,the stockyards,dalby,3352,nsw,19280328,6147905,SMYKP1239C,
rec-629-dup-0,willim,lund,8,bridgedtreet,pevensey,bowral,4350,qld,19211017,4144401,HYZDN0488Q,95707-76309
rec-2447-dup-0,mattheo,godfley,22,madigan street,tantallon,mayfield,2444,vic,19811231,1967139,QOLOP9432E,7078343470
rec-2694-dup-0,ebony,piniros,16,ashby c ircuit,,meltonsouth,2913,nsw,19030607,6804193,MAIBPS762L,75529-96802
rec-3899-dup-0,noah,berry,58,alice jackse on crescent,rosehill,hawthorn,5251,sa,19240908,1446426,WACGP8462P,+917808376107
rec-4878-dup-0,,lowry,80,kinchela crescent,rowethorpe,rossmoyne,2770,qld,19350708,6616912,MTBYP2090A,07101165267
rec-1503-dup-0,jasmine,ryah,49,spofforth street,kirra vista,daylesford,3072,nsw,19161002,7987659,KOTAP6778W,+91 7104624717
rec-4831-dup-0,cleb,thorpe,4,river street,,granville,2641,nsw,19590118,7916134,SGHDP0311B,8162659677
rec-888-dup-0,caitlin,berry,29,carr crscent,bletchly aprk,corrimal east,4075,sa,19780804,2225444,HDGFP6H84M,07343034141
rec-3917-dup-0,angelina,lowry,20,browne place,craisgton,peakhurst,3284,qld,19350921,5692471,WKYWP4002L,6511519975
rec-2713-dup-0,benjamin,morr ison,16,kingscotecrescent,malanda orchard,sanctuary point,0280,nws,19761231,3201927,KWFWP0728Q,(911) 013-2059
rec-3390-dup-0,evan,,3,livingstonavenue,,burleigh heads,2289,vic,19450220,8451831,MAWAP8433O,+91 8103427057
rec-109-dup-0,dnaiel,fysh,27,appel crescent,,hermit park,2333,nsw,19620207,3085695,LKMBP5884E,+916061260868
rec-4162-dup-0,mollie,sherriff,9,dalley crescent,tarliunp,newstaed,4207,qld,19051216,5596459,VJTBP1454J,06041198490
rec-1226-dup-0,seth,moovdy,42,scantlebury crescent,the lodge,sippy dawns,3156,vic,19270524,6853828,QDSOP5174O,06656634925
rec-2175-dup-0,brianna,wardle,1,mcdougalll street,,beechbohro,3165,nsw,19440826,2063140,VMSCP3449Z,8815102852
rec-2820-dup-0,millie,neville,38,menziesn court,,toowoomba,2066,nsw,19950511,8251642,,+91 6669182729
rec-4051-dup-0,luke,mccartyy,5,bandjalongcrescent,,north curl curl,2160,nsw,19521124,9203828,MAIKP2922S,8216305001
rec-4486-dup-0,hayey,ryan,2,lambrig gstreet,flt 67,jardee,2750,act,19880816,7698870,,(759) 692-2684
rec-3316-dup-0,sophie,coulson,8,blackburn street,,mansfield park,5097,nsw,19690320,9010006,MXYDP8511X,09691704008
rec-687-dup-0,brodie,gren,169,staunton place,star court arcade,bellevue hill,3175,nsw,19690410,5667813,,91468-09470
rec-1552-dup-0,daniel,callahtn,119,halifax close,medical ce ntre,smythesdale,2400,nsw,19530309,3925704,VMGWP5745I,61724-85515
rec-802-dup-0,mya,mccarthy,43,wakool circuit,,moona hwest,2063,nsw,19120729,5475592,IROJP2579J,79128-03324
rec-1880-dup-0,liam,coenen,66,stretton c rescent,,patterson lakes,6060,qld,19690602,1128736,SALYP9824N,92627-93844
rec-2306-dup-0,zali,white,,blackman crescent,glenairne,bundaberg,6280,wa,19020311,7291149,EACEP0634T,(802) 709-6984
rec-394-dup-0,lachlan,ryan,51,totterdell street,roseglen,dalhy,3168,qld,19480724,7284475,DWKAP1978I,08636152275
rec-2963-dup-0,fyynlay,deblasio,,longerenong street,werribee plaza,forest hill,2790,nsw,19161102,8968244,EWKFP1538A,+919601213717
rec-4451-dup-0,jarus,scamnoi,375,bissenberger crescent,dalmoora,goodna,4670,qld,19120912,6966609,EWIQP7455N,+91 8726522847
rec-8-dup-0,nicholas,procter,1,cavanaughlstreet,sherwood,leevflle,2089,nsw,19031219,2662272,SNNRP3388T,(782) 945-1252
rec-2543-dup-0,mia,white,6,theodore street,calaltobta,haddon,2905,nsw,19640403,5969084,FYHJP1387H,77465-70990
rec-1340-dup-0,spencer,klus,7,gatton street,whispern ig pines,young,5097,vic,19020122,4996874,NFFQP7670D,+916985139347
rec-1582-dup-0,hannah,rivers,5,collings street,,toorak,2487,nsw,19521217,6906828,QFNCP0456I,(828) 296-3408
rec-3311-dup-0,coby,brinsmead,9,musgrave street,st francis vlge,canley heights,4552,qld,19391009,8442114,QIOHP8380T,+917224012100
rec-4549-dup-0,mitchell,green,,palmer street,,lake heights,2430,qld,19250116,7447942,BEFCP4325X,+917136174514
rec-3292-dup-0,mikayla,siviour,2,steinwedel street,cherry bank,pymble,0237,vic,19850704,2668143,NWRXPD624D,69256-61173
rec-1655-dup-0,lily,innis,57,harricks crescent,yarramdale,st albans,3002,qld,19880321,2533253,LTJFP7450B,09166243946
rec-3575-dup-0,tayla,coulson,119,backler place,,toowoomba,4305,vic,19300517,5222388,RJPTP2363W,06754332347
rec-278-dup-0,samuel,gilbertson,7,phillips place,bulliac str eet,brewarrina,6151,qld,19581011,9448590,RKDBP6905K,99795-56265
rec-649-dup-0,mi,haeusler,,stockdale street,rowethlrpe,cleveland,3011,nws,19091107,3742016,,(654) 650-3057
rec-3088-dup-0,sachi n,,85,sparkes close,villa36 sovereign garden,cainrs,2750,vic,19820717,8721401,HONUP0026I,88598-08982
rec-4091-dup-0,cheyenze,campbell,18,forbes street,kinjbii,bundamba,4814,vic,19080715,6532935,BBFNP881LT,73168-57270
rec-903-dup-0,barisic,brianna,1502,haddon street,parish talowahl,launching place,3220,vic,19750703,5367822,NEFQP8905V,08408979028
rec-536-dup-0,aleisha,lowed,9,cavanaugh street,,mulgraeeast,2445,wa,19731203,3335374,EBIXP9594J,84926-43746
rec-497-dup-0,emii ly,cobgin,3,knox stteet,,camperdown,2230,wa,19991209,9931751,UHCAP7500H,+91 8421642401
rec-2100-dup-0,talia,millaf,20,la perous e street,,kellyfville,2250,wa,19800606,3894135,OSGCP2037I,+91 9401894492
rec-597-dup-0,shenae,leslie,45,jacka crescent,villa 5,oakleigh,4151,qld,19710804,4216793,OBJWP8291V,06261379147
rec-891-dup-0,gregory,timperon,38,engelbert wing,bentham street,berwick,2564,nsw,19531206,1115863,KQSCP4553E,80444-41427
rec-3783-dup-0,katelyn,newport,7,wakefield avenue,glenmore,moree,4662,qld,19401219,4895884,PNFOP4652E,8747677627
rec-2190-dup-0,dimitri,kowald,4,watson street,,alice s prings,2430,sa,19510207,1597094,NVXIP3968Z,(892) 244-9515
rec-424-dup-0,nicholas,scantlebury,25,kambah vlge,casuarina sh oppingsqre,fish creek,3585,nsw,19370405,8589026,EYMNP4136X,9333646321
rec-4620-dup-0,flynn,zilkm,6,beaurepaire crescent,,duncraig,3068,vic,19500619,6378859,VBVSP4684F,+91 8324663408
rec-2353-dup-0,benjamin,bellon,11,croton street,omaru,artarmon,4406,nsw,19120805,3089666,XZFAP3254P,+917602787046
rec-3336-dup-0,jacobj,crossm an,19,stromlodrescent,,bassendean,5031,,19681226,6490727,XOZUP9909L,09580629441
rec-3004-dup-0,zachary,hulands,51,caley crescent,,albany creek,5161,tas,19360826,9722255,NWTXP1627X,07960097105
rec-1270-dup-0,elle,mattehws,54,maddock place,glenburnie lodge,park orhcards,6058,vic,19960094,9253952,QXWSP0804F,+919796188477
rec-2798-dup-0,kane,carbone,54,penrhyn street,solander centre,deer park,4030,sa,19960506,9098940,RHZIP7616U,80834-72993
rec-304-dup-0,zoe,wastll,5,mount vernon drive,bandera,burwood,3350,vic,19981215,6868962,GHPRP1525L,09720279009
rec-1905-dup-0,arren,matthews,,coombe street,ballyoby,wahroonga,3617,nsw,19860121,8047381,MAOVP8689O,76283-32564
rec-4874-dup-0,silas,coulson,29,bindon place,warra creek,kempsey,6457,nsw,19770903,3722652,WWUZP3591Q,+91 8684812544
rec-3974-dup-0,carly,webb,31,dash crescent,frestoocotge,buffalo,3225,wa,19121203,5240972,IGQBP3481Q,77226-92378
rec-603-dup-0,ebony,zaffimo,24,max henry crescent,ripone state,newmarket,4305,qld,19420501,8073270,XOYMP0071V,+91 9649039497
rec-821-dup-0,chloe,condo,36,yabsley place,munmurar park,mackay north,5082,nsw,19170115,7153959,ADUGP3218R,+916268831033
rec-54-dup-0,imowen,whillas,121,embley street,flowerydale,molong,2170,tas,19090319,7145066,QARIP1725B,06258718080
rec-4274-dup-0,marlegih,white,1,fink crescent,dunbar,hackham,2165,qld,19900270,6423331,OBGNP8711Y,6851539155
rec-4277-dup-0,mitchell,flannery,2,wilkins street,paradise syprings,toowoomba,5088,vic,19581016,8712141,PVGUP5297V,+916141441369
rec-4463-dup-0,isabella,,576,grimshaw street,brentwood vlge,tar,2092,qld,19440214,5901255,GHEYP4080W,07142036359
rec-3-dup-0,reeve,stanlhy,4,alawa street,rowethorpe d1,mourilyan,2474,sa,19190811,5961670,ABBCP8136H,9175473359
rec-4747-dup-0,robertza,caire,41,por t u4,welch place,beaconsfield upper,5113,sa,19630418,5100047,SGIGP7920N,(833) 631-1819
rec-1195-dup-0,jeswica,blackwell,20,mcgeep lace,brentwoo dvlge,ermington,2795,sa,19801015,4099338,GRWSP6847V,+91 8467983356
rec-585-dup-0,stephenson,danny,16,o'shanassy street,,armidale,3133,tas,19831019,8561604,AYINP9094V,(770) 148-1462
rec-2114-dup-0,chloe,lowme,344,phillipiaenue,lewin lodge,deagn,4306,aw,19840502,6220613,GUAEP1671U,7381622799
rec-2936-dup-0,tinfina,harrison,5,deasland place,toolebewong farm,southbank,2217,nsw,19880108,4659883,YYFSP1112E,08830575668
rec-4660-dup-0,georgia,clarke,278,blowerinb street,dunfieldpark,port pirie,6111,vic,19990330,3328605,VKTFP0751F,9025940166
rec-2627-dup-0,seth,donaldson,1329,bean crescent,brae brun,camperdown,2153,vic,,1727482,MEIMP9508E,6211820708
rec-2876-dup-0,,green,48,spowers cricuit,,labrador,5063,nsw,19421213,8321036,RQXJP6419C,+918160648691
rec-3599-dup-0,sophie,masojn,23,,,greensborough,2020,qld,19341211,7259553,FLWZP5765W,75233-65782
rec-654-dup-0,devan,riddell,33,muellerstreet,red cross units,avalon beach,2257,nse,19391217,4921767,XNBVP3141G,+916864039232
rec-4305-dup-0,,noble,10,costello circuit,the manor braeside,bicton,2290,qld,19710327,9357658,RKAZP4855Q,+918264665747
rec-1592-dup-0,karli,campbzell,58,burdekin avenue,brambletye vinyard,,2118,vic,19580309,4423725,LJMYP9218N,+917663869680
rec-1414-dup-0,zali,eglinton,14,adcock place,trewilga,woodlajnds,2122,qld,19300914,7126898,KAKEP4025C,+918009342836
rec-4422-dup-0,,ryan,20,ashburton circuit,wilderness,cressy,2580,vic,19560126,3864187,ATCZP5020R,69054-66922
rec-1760-dup-0,nicholsa,ho,13,newdegate street,villa 2,elwood,4061,nsw,19680630,7806235,BQRTP8568X,7536103001
rec-4508-dup-0,harrison,mcneull,1,geeves cort,branmigans,highett,2319,qld,19280108,6287203,PEPJP4163X,+917475318115
rec-3107-dup-0,emiiy,braithwaite,86,beasley street,belmont bayview park,st agnse,4814,nsw,19140328,4464915,LWYQP6366C,(692) 805-9870
rec-4808-dup-0,lucyw,satterley,32,gill street,nepean shores,buninyong,4226,sz,19660516,9616924,BPOEP2666M,06307468419
rec-722-dup-0,lachlan,goldsworthy,5,wanganeen avenue,howie circuit,sheidow park,2038,sa,19380108,4133306,NUSRP8005J,+91 8580020801
rec-3907-dup-0,timothy,haythorpe,21,grund p lace,brentwood vlge,blackmans bay,2603,vic,19200714,2476740,AFOTP1351L,+919397023323
rec-80-dup-0,blake,white,198,boldrewood street,winterp ark,nunawading,2067,sa,19180815,5832531,SGJCP6250M,(907) 420-2276
rec-1054-dup-0,joshua,capel,1,clive steele avenue,spq acmp,woonrara,4207,qld,19090522,4415928,JKDRP8887H,78645-91145
rec-317-dup-0,amber,nicolakopoulos,38,atkinson street,mount patrick,edgewter,2905,sa,19910707,9220881,ZCOFP5651S,06135629749
rec-370-dup-0,isablel,lowe,18,wolff crscent,,sylvania,2032,nsw,19771116,5672191,CSJXP8485H,94306-91882
rec-4612-dup-0,alana,manson,52,,vivigani,cloverdale,2118,vic,19460725,4207566,,(824) 645-0530
rec-4337-dup-0,blake,seted,17,chirnside circuit,rosetta village,balwyn north,2731,qld,19880408,3748565,UGVLP2289I,62813-33450
rec-2887-dup-0,brody,stearnnes,7,fincham crescent,binnal ong,thornbury,3639,vic,19440417,8363677,PGMKP8325Q,67471-18458
rec-2104-dup-0,olivia,leong,57,naismit hplace,mckail,deer park,3177,nsw,19820831,5649007,,+91 7138587017
rec-622-dup-0,joshua,avdic,8,archdal l street,nioa,nunawading,3134,nsw,19200415,9571448,OOPUP3500M,(779) 484-0195
rec-764-dup-0,devan,clatke,,windradyne street,buena vista,south perth,4127,nsw,19060130,3013362,ZEIRP2561T,+917861675245
rec-3326-dup-0,jarryd,george,83,gilmore crescent,,wellakrd,3071,qld,19320810,4392990,,+91 7384541704
rec-4475-dup-0,william,richmond,7,redlands,totterdell street,metubg,6076,nsw,19110103,3661413,EYOCP8293O,(763) 630-0536
rec-1697-dup-0,andie,george,118,mckail crescent,brentwood vlge,pelican dwaters,3121,wa,19490414,4798962,ZPUOP2502C,07606271682
rec-4404-dup-0,nicholas,commoyns,50,couchman crescent,lochlee,pardale,5169,sa,19980815,9438920,PEUZP2670A,72303-18183
rec-3780-dup-0,ethan,hand,1,lambrigg sitreet,rainmore,sout perth,5075,vic,19411222,3559682,CMBRP1062L,+916361577108
rec-636-dup-0,vaszocz,adam,63,wyles place,willows caravn park,graveesnd,3153,vic,,1015197,IEFZP5200X,84828-11268
rec-2965-dup-0,tiarna,harrigton,1,crisp circuit,,mannm,5264,nsw,19060622,9303949,MDLXP4757E,(786) 064-9739
rec-683-dup-0,oscxar,zdanowicz,21,arndell street,craiglea,burwood,2088,vic,19450906,5103704,WFFGP6119V,09675046498
rec-4169-dup-0,luge,menzies,14,,roskihll,barmera,6072,vic,19710422,8114472,MVVLP1757R,75863-12367
rec-1399-dup-0,charlee,,,coane street,mount ivew,thornlands,2548,nsw,19105412,1945725,ODUHP7209N,+91 8492383022
rec-2449-dup-0,tess,green,60,,ryhd-talog,port macquarie,3013,vic,19600324,5445613,RYOPP5295Y,(974) 288-8752
rec-3724-dup-0,jacob,beatton,,maharattacircuit,specialist centre,robertson,2643,nsw,19860630,9285118,ZEQYP3905T,+917607022442
rec-4294-dup-0,,melham,21,kingscote crescent,kerry street,elizabeth vale,2663,wa,19911210,5648275,IMWCP5504B,09319141938
rec-2379-dup-0,jacquline,maliauskas,4,jabanunggaavenue,longpkain,bundanoon,4878,vic,19840808,4094122,RHRAP6369A,+916153101710
rec-2445-dup-0,ella,campain,2,bimbiang nc rescent,st john of god hospital,seven hills,2160,vic,19900406,8809552,UKGOP9402E,8105115448
rec-3171-dup-0,jajie,fernando,37,collings street,bogong apartments,lansdowne,3910,sj,19200720,1939746,PHTLP4609S,09249883773
rec-1695-dup-0,abbey,malin,3,burkittl street,mailnga,north maclean,2080,vic,19850328,7401540,SHJCP2528X,+91 6670629988
rec-240-dup-0,seth,jolly,16,reddall close,arrowgrove,colac,4370,qld,,7445552,LCKNP5114F,90671-74325
rec-3327-dup-0,ella,browwne,35,tanjil loop,cedavriew,berkeley vale,4564,qld,19480726,6646608,OPRYP3755M,08621743522
rec-478-dup-0,jack,collinson,4,blowering os treet,canobolasceaavn park,leeton,4212,nsw,19821223,5810985,BVHJP1529Q,(842) 823-2497
rec-2924-dup-0,tarnex,fitzpatrick,8,conjola close,,st kilda,4421,qld,19950715,8081610,CVPFP1034U,+918978860262
rec-708-dup-0,mila,campbell,36,beasley street,krismark,dalby,2375,nsw,19010602,5343180,JMRSP2599M,08170450303
rec-4664-dup-0,,czarnik,10,bunbury street,glneavon,ulmarra,4252,qld,19601222,3960160,VIGLP0778M,+91 9042069320
rec-380-dup-0,kyle,badawee,5,staunton place,dockside marina b,altona n orth,3138,qld,19020413,3257675,VXSVP0563Q,(976) 217-2643
rec-3057-dup-0,sophie,noble,1,yambina crescent,sefton park,rues,6210,nsw,19440101,3325291,WJQDP1612B,8051804906
rec-846-dup-0,connor,camp,29,egerton close,gwandalan,riverhilts,2170,vic,19190905,5237893,ACGWP0294J,7195432866
rec-4447-dup-0,hope,imogen,5,dumaresq street,delmar,beecroft,7307,wa,19770614,8438312,URUXP2926L,+91 6928530741
rec-4492-dup-0,hayden,,13,durahm pl ace,hamiltno,young,3121,nsw,19780531,9988689,CSCBP4012R,08806561203
rec-3661-dup-0,hudson,chadoer,86,campbellstreet,lazy acres,ingl ewood,4570,sa,19950220,8352621,QSUDP2977Z,9703720755
rec-1350-dup-0,james,reid,30,snodgrass crescent,diabllo,belmont,2261,qld,19790129,2073967,DNIGP2857W,(706) 179-7923
rec-4504-dup-0,jasmine,camens,7,plowman place,c/-runaway aby marina,tennant creek,2088,vic,19020413,9907745,BXAYP4933W,73358-57647
rec-4905-dup-0,elki,nguyen,20,higinbothabmstreet,oakdale,waratah north,6168,qld,19111101,1060379,YMZPP7447K,(823) 515-2208
rec-299-dup-0,dylan,blacklow,100,stenhouse close,flr 5 john flynn medical centre,vermony,2538,nsw,19399222,8225337,WCJJP2608M,08087997897
rec-2193-dup-0,keaton,green,47,salvado place,racecoruse,palinyewah,7008,nsw,19040705,3688006,PCKIP7492F,+918933217585
rec-3532-dup-0,samul,tunstlal,22,wattle street,bayana,fish cfeek,7216,wa,19840412,8429651,ZRYOP8508V,8105529244
rec-2989-dup-0,antn,goode,1,lalor stteet,killara homestead,taree,2195,vic,19081025,3128298,,(641) 550-6113
rec-2862-dup-0,katelyn,cochrane,200,langdon avenue,kalamos,calen,3152,qld,19180604,2589251,UKTMP6327M,
rec-311-dup-0,,maier,36,,pine view,rydd,4070,nsw,19020410,4418189,LWIFP4819F,83239-32788
rec-680-dup-0,jacqueline,abbondandola,24,myers place,ingledell,seelands,2560,tas,19690218,7256635,EFCRP0367F,+91 8651737336
rec-1755-dup-0,jayde n,white,10,mcclintock street,,melvilke,4308,nsw,19590819,2360230,ELMQP5111X,08741346142
rec-4052-dup-0,sasia,roberti,2070,wiburd street,dodonaea wing,rose bay,4078,vic,19691123,5721375,VSKJP1371E,66087-92926
rec-4901-dup-0,renfrey,annabella,32,quandong street,,dalby,3291,nsw,19880902,1074106,CLVJP3492H,67431-59597
rec-117-dup-0,nicholas,huxley,12,biala place,c w v,anglsea,3109,nsw,19921105,6501674,VAXOP8023G,(941) 457-8342
rec-3571-dup-0,wilson-wheeler,emiily,1,woolcock street,willandra,taree,2477,qld,19610625,8119451,AIWPP9471O,+91 9054136579
rec-3065-dup-0,lowe,robbie,27,ambalindum street,,armidale,4558,nsw,19680428,2465721,XFZSP6879P,9580619980
rec-2532-dup-0,david,nguyekn,95,maurice place,palm grove,,3138,vic,19340626,7414934,UJFGP9482J,
rec-4252-dup-0,stepahnie,tiller,281,mcleod place,villa 19,katherine,2680,vic,19631220,7432991,ACFSP8451Z,91045-13620
rec-1187-dup-0,kira,kyricaou,70,hopegood place,rowethorpe,tiaro,5024,vic,19820117,3935956,HIFIP6749Y,06479606421
rec-2049-dup-0,emma,wevb,11,baracchi crescent,thornbrook,eight mil e plains,3016,qld,19910314,5201994,ONAAP6644O,6909569133
rec-614-dup-0,lewis,ryan,10,melba treet,binna burra mountain lodge,yerrinbool,5128,vic,19591211,9701047,EHZJP9061E,+918422416190
rec-452-dup-0,riley,kelley,8185,edmond close,leisure living vlge,mount stuart,2706,sa,19390207,4148621,LINWP4263V,+91 7260157228
rec-4135-dup-0,simone,clarke,105,lambriggstreet,,kirribilli,2765,nsw,19930504,6453396,FPMZP6196O,09876268664
rec-1741-dup-0,bryce,laverty,3,dobinson place,weddinvkiew,woombye,3162,nsw,19950921,8513947,QJQIP0981V,97124-30609
rec-332-dup-0,caleb,quiill,9,rosebery street,laura pengilly wing,granville,5007,nsw,19040203,8733587,UDMTP0557J,+917358489738
rec-1821-dup-0,dale,laundy,75,miller street,,redh ead,6112,qld,,8721689,ZUNDP1475M,+91 8136678147
rec-3178-dup-0,natalia,maczkowiack,,badcoe sv treet,,south turramurra,3199,vic,19830221,7491278,UVSUP6807D,+91 9480692218
rec-1042-dup-0,alexa-rose,nguyen,,bemm place,,currimundi,4305,nws,19830703,4776446,UVDSP2650G,+919958461440
rec-1927-dup-0,reid,michael,8,terramora,upton street,macquarie fields,2452,qld,19050922,1117934,KOHMP1470A,65286-37207
rec-239-dup-0,liam,jolly,10,endeavour sreet,pinnacles caravn park,mansfield,7310,qld,19931105,2506329,XPOLP4858K,+918477120059
rec-251-dup-0,mackenzi,evertt,2,bettington circuit,bay city plaza,valla,3082,nsw,19870303,4768278,TWGAP3073S,86225-05366
rec-2601-dup-0,thurlow,alexandra,29,de bur gh street,,north turramurra,2197,nsw,19581002,9502776,SAUAP5030T,+91 8153608672
rec-335-dup-0,nodh,reid,10,ellerston abenue,ahwahnee,inglewood,3032,vic,19310305,2293151,CZYEP4308E,+91 9037989809
rec-198-dup-0,isabella,spikcer,,lumeah street,lochinvah,boyne island,2780,wa,19130404,1159942,EJJAP6891P,68406-08577
rec-4452-dup-0,gm,newel,23,steele srteet,kubin village,yehda,3202,nsw,19610112,2538798,SHFRP4893V,9864478799
rec-263-dup-0,john,ryan,,chuculba crescent,redfern station,,4605,vic,19840524,2056918,MOJOP0834T,65285-96717
rec-932-dup-0,,webb,25,toolambi street,villa 235 henry kendall vlge,helens hill,6166,sa,19470715,1945645,BLVTP6097F,93188-01358
rec-2461-dup-0,angus,godfrey,1,lamingtons treet,ulc 4,pannawpnoica,5660,vic,19050930,8426472,OYITP4774X,+918174956008
rec-684-dup-0,miller,nguyen,23,arndell street,myalpa,athelstone,2483,nsw,19680122,3203561,RHWTP4694L,8615381525
rec-4646-dup-0,green,india,11,feltus place,ningana,urangan,2197,nsw,19720703,8013479,ZLCVP7922N,09348330237
rec-4152-dup-0,lachlan,rawlibs,49,lochleugh,whispering pines,coonamble,2089,nsw,19261022,9145105,SBJKP7690X,+918288426735
rec-4290-dup-0,ale,mckerlie,20,short place,deepnedi,sefton,4370,vic,19890714,3276175,TUOPP6019E,6419541428
rec-1463-dup-0,hayedn,marinos,10,chirnside circuit,allensleigh,success,6560,vic,19720613,6046848,FUPEP1445Y,
rec-3603-dup-0,isabeola,tinsley,181,,sherqood,maiden gully,5039,vic,19620924,7350425,PTFAP2856E,83858-15030
rec-4872-dup-0,lachlan,white,1,atherton tsreet,the mews royal hotel bldg,alexandra bridge,3390,vic,19810422,5260328,PEVAP1199G,09897765625
rec-3146-dup-0,georgia,lionis,,fitchett street,summerh hill,dundowran,5520,vic,19910624,7770207,IXTZP9975M,7034052989
rec-1396-dup-0,lara,stanley,89,napper place,,carlingford,3139,qld,19380827,4712092,SXHIP3654G,9858125561
rec-1101-dup-0,joshua,webb,63,decker place,docker rivercommunity,morphettville,2420,nsw,19690619,9196315,KUXRP4389L,+91 9550838137
rec-1002-dup-0,joshua,fauser,2,unt 2,harrington pcircuit,kingsford,2280,nsw,19820606,4981335,IUZCP3861I,+916795611519
rec-3962-dup-0,victoria,campqbell,11,priddle treet,mungrup stud,doubelfiew,7009,vic,19721211,1936096,OMQBP8602E,+91 6198025630
rec-1674-dup-0,keelu,harrinrgton,296,brickhill place,henry kendall hostel,menindee,2830,nsw,19330913,1759909,HLYNP7440X,
rec-2282-dup-0,delcay,erin,16,cooinda court,rowethorpe,swan hill,2480,vic,19120628,3648623,NQPNP1737G,60349-77637
rec-489-dup-0,brandon,strangway,177,everard lace,dryroc k gulch,hinchinbrook,4121,nsw,19220610,4691109,,+917470593577
rec-3683-dup-0,alicia,hyland,112,fullagar vrescent,ambervale,keilorzeast,5161,vic,,9571063,JBSKP6696H,+91 9728031765
rec-1217-dup-0,maddison,mahon,62,ellenborlugh street,brentwood vlge,east gordon,2224,qld,19381111,9648098,RLDAP7974G,+916410739829
rec-2031-dup-0,zachry,white,324,kirkland circuit,r s l retmnt vlge,thornlands,3178,nsw,19120924,5293853,FBUDP9292S,66330-02970
rec-4238-dup-0,zachariah,nadels,68,,laureldale,northgate,2133,qld,,9143498,VPDOP3214O,6494820926
rec-1868-dup-0,graham-jones,amelua,5,mcgivern crescent,,new town,2163,act,19000619,5592088,ANBZP0642J,82241-98392
rec-422-dup-0,tala,rees,13,lethbridge street,,bront,3035,nsw,19800402,4895894,ZKBJP3457N,92021-87365
rec-1000-dup-0,victoria,zbierski,70,wybalena grove,inverbeath,paralowie,5065,nsw,19720503,1267612,ABIJP1978H,63760-06590
rec-134-dup-0,jayden,,3,o'sulliva street,the lodge,mount evelyn,2169,nsw,19331220,7133986,UCAGP7011K,(984) 274-5615
rec-3730-dup-0,shanaye,navarro,103,central coast van park,frater crescent,dulwich hill,3064,vic,19211104,9601221,GQIGP0285W,09250006988
rec-3997-dup-0,jessica,beam,19,glenubrn,griffiths street,toorak,5540,nsw,19040321,7839655,YIPSP9792C,+919083560307
rec-1326-dup-0,madison,campbnl,2,terrigal crescent,pendleside,port maquarie,4184,vic,19480830,4528630,,8794455152
rec-58-dup-0,jayde,glass,15,macarthur avenue,shillelath park,glenella,3200,vic,19161226,9446536,DBYGP4850G,60229-60419
rec-3981-dup-0,john,tuke,,moore street,cuthbertscourt,castlemaine,4558,qld,19570904,4216956,BPVWP6512H,95301-91812
rec-4423-dup-0,bradley,everett,13,greenough circuit,miowera,caves beach,2267,nsw,19660606,8990768,OBWWP4275M,91324-02136
rec-4178-dup-0,caitlin,basey,414,pelsart street,st francis vlge,daisyh ill,2113,nsw,19110711,7811311,NYCZP1921N,(873) 653-5270
rec-1377-dup-0,davdi,stapenell,27,gosse street,treetops,new farm,2582,qld,19710118,6109183,VCBXP4435S,
rec-3846-dup-0,kirra,watkiln,29,geelong estreet,,nicholls,2088,nsw,19700924,1203301,SXTQP6643C,09179325923
rec-4472-dup-0,william,pia zza,219,monfries place,weemilah,pymble,5605,nsw,19150522,8044732,DWRXP6340V,68412-39116
rec-1524-dup-0,lily,krishnqn,2,bourne treet,redhill,keysborough,2604,qld,19681003,8956118,UBEDP0059B,+91 7695870990
rec-2179-dup-0,thomas,kinnane,10,centaurus street,water vew,bondi junction,2010,nsw,19700907,9269196,D5LDP5655W,(810) 860-8757
rec-1751-dup-0,isabella,block,114,petterd street,westella,st albans,6149,,19111028,2274501,JOKVP9142E,80273-22988
rec-2666-dup-0,laur a,hefford,3,partridgqe street,homeo 186,bansia,6530,sa,,7280622,EDOFP0224M,+91 7191814985
rec-485-dup-0,patrvrck,george,11,coxen stret,belleview,urangan,4051,nsw,19371129,5526595,SZNHP1121A,7295618485
rec-3651-dup-0,tommy,white,4,preston street,ben hlil,wahroonga,2230,wa,19161007,3053568,ESSZP1698P,6220055132
rec-1268-dup-0,,reid,11,,green lzgoon,camp hill,6026,vic,19671214,5483640,,(648) 080-0678
rec-173-dup-0,andr ew,renfrey,23,woolner circuit,mindaree,,3844,nsw,19490115,9309636,,07034133619
rec-755-dup-0,deakyn,bl ake,251,middleton circuit,rowethorpe,avalon beach,5171,nsw,19540831,2780999,BLYCP1866J,+917252275226
rec-2691-dup-0,jacqueline,verco,11,girdlestone circuit,kingston tower,cliftons prings,4152,,19340706,1075870,WOYLP9461P,+91 6635343328
rec-3659-dup-0,ale xander,vincent,51,gallagher street,top end,belmont,2333,qld,19150726,3732438,GLWTP1463P,86523-79727
rec-2342-dup-0,lauren,hilton,71,grayson street,glenmore,coroi,2645,wa,19150223,5611249,FTYAP0913P,06136722176
rec-3936-dup-0,dakota,jeffries,27,redcliffekstreet,drayton villas,ringwood north,5113,wa,19050412,5624716,EUYSP7880M,08449965040
rec-4409-dup-0,joshua,needham,20,,jackarand alodge,manunda,2325,qld,19130421,6586520,MYWMP3191D,77505-63436
rec-1148-dup-0,,reid,32,ina gregory circuit,john flynn medical centre,camira,3172,nsw,19041113,8734967,GAQKP9995B,98800-42137
rec-982-dup-0,,allard,26,burnie north west private hospital,dyring place,south perth,4852,nsw,19491011,9472794,ACGBP9923V,+916929570598
rec-951-dup-0,juliana,akkermans,24,northwood park,jondol place,holswothy,4068,nsw,19970330,5071393,CYGYD1805U,84206-71108
rec-4677-dup-0,tate,spagnoletti,29,,tullatoola,wangaartta,4520,qld,19200505,7390367,SMVGP5585Y,9836183666
rec-798-dup-0,henrya,ryan,22,marconi crescent,,tea tree gully,4019,qld,19930928,6244854,QAOQP8250J,+918478490506
rec-1227-dup-0,robert,carbone,64,james smith circuit,galloway,st kilda east,5038,qld,19141107,6153085,KWPKP8041D,+91 7965878902
rec-2509-dup-0,joshu a,browne,28,paul coe vrescent,the pinacle,williajstown,2271,vic,19091031,4631516,HZGZP0757R,+916303282733
rec-462-dup-0,sienna,rya,3,laycock place,,lalor,4702,nsw,19680321,4809923,NBHZP7431E,+91 7018300287
rec-1091-dup-0,mikazea,stanfoeld,16,giltin an place,stefonair,maryborough,4816,qld,19911222,5549486,NMTLP4802J,+91 6035714020
rec-2607-dup-0,samantha,leong,124,,tilburoo,wantirna,3046,qld,19670430,2292707,OLSSP7281J,+91 8947861433
rec-144-dup-0,olivia,whitw,2,sturt avenue,berkeleyvlge,ringwood,5016,wa,19941026,7159814,EGQWP2693U,(837) 412-4843
rec-1427-dup-0,brigette,rankine,68,chewings street,gostwyck,west lakes,2229,qld,19750725,5214389,BNLQP5863U,(872) 911-9624
rec-4-dup-0,ja yde,crouch,42,westo atreet,waimaru,niagara park,2119,wa,19250406,8892697,IUWNP9590H,+916355193948
rec-4149-dup-0,chevonne,montakvo,42,baskerville street,kangaro o grnd,ventnor,2310,vic,19620511,7935536,UKPRPH246M,+916408194869
rec-2942-dup-0,mikayla,nguyen,11,jaunceyucourt,karinyag ardns,helidon,5197,nsw,19030122,3964863,ZXYRP4725F,(613) 437-6090
rec-1356-dup-0,rory,jehle,125,companion crescent,brinjrarmy,cromer,2340,nsw,19730227,1533301,WTFXP4685K,06484007781
rec-2764-dup-0,emiily,green,31,applgelen,julius street,mount colah,2290,vic,19310530,7373124,QIHEP5118U,07266887001
rec-1027-dup-0,luke,hursey,23,turriffstreet,inishmore,port franklin,4017,lqd,19220923,1219514,ESLUP6796T,6493266611
rec-1308-dup-0,mitchell,crossman,75,wakefiel d garden,fairburn park,charlestown,3995,vic,19751101,4081790,,(785) 814-3187
rec-4803-dup-0,annabelle,romeyn,18,ferrier place,sec 247,bray prak,6155,vic,19350129,2470380,,61287-98117
rec-4357-dup-0,ethan,coleman,64,ragless circuit,,hindmarsd west,4701,nsw,19650701,9807949,RJAJP7665Q,92016-37191
rec-876-dup-0,sokic,benjamin,21,must circuit,,sunshine,2153,vic,19001207,2513200,LEGLP8261D,08925033054
rec-3085-dup-0,jasper,tsialafos,,stutchburh street,st framcis vlge,cook,2233,nsw,19220428,8232480,VHLIP3697U,+918969175047
rec-1561-dup-0,roberta,bishop,1,curtis place,,balaklava,3394,nsw,19261110,6627562,CCHTP4365G,96891-50826
rec-3813-dup-0,amy,masno,279,casuarina street,memorial hoyspital,bundaberg,3056,vix,19211126,4368305,FJSSP7481L,+91 8812970842
rec-3459-dup-0,madison,chandlder,29,luckman place,hd ticmera,pearl beach,2133,nsw,19930607,8841314,UUFCP1243S,(954) 042-5792
rec-1617-dup-0,flynn,mason,11,wellshot,namatjira drive,blackburn north,2576,wa,19110824,2236689,SZFYP5555W,08605317731
rec-3721-dup-0,gemaey,meadowts,42,alarmon crescent,kalang,nemingha,3146,vic,19230420,5029065,RVFTP9206G,+91 8953230310
rec-4365-dup-0,georgia,glover-smith,34,howse street,,rab,5340,wa,19790813,8934327,ZUBVP7922A,+91 9260042785
rec-743-dup-0,daniel,white,1,albermarke place,summer hill,brierfield,3810,sa,19870703,8258879,CSPQP1918N,06111210261
rec-3514-dup-0,tanyshah,wiemann,68,anne place,fl t 167,strathalbyn,3337,nsw,19640904,8798582,MBXEP9322S,(732) 081-2250
rec-3996-dup-0,georgia,petersen,20,temperley s treet,tieve tara,toowong,3715,qld,19700324,4385775,IVCPP6223H,+917792498632
rec-2697-dup-0,joshua,lowe,15,patton place,redlands,tarcutta,4705,sa,19120201,7132911,GWLDP5329V,07208696106
rec-4569-dup-0,cheree,bowerman,55,tregearc lose,northwood park,st peters,3191,qld,19091213,3770636,VPMLP4240S,08740386247
rec-4478-dup-0,joel,reif,7,pearsonstreet,lytton,floreat,3153,qld,19760904,1523622,ARJUP1932Z,08699988019
rec-1822-dup-0,maddison,fullgraxbe,44,hardey place,allunwga,forest glen,5070,qld,19110327,3898794,DIFEP8126I,06453646808
rec-282-dup-0,flynn,van heythuysen,2,shepherddon place,nunkeri,rose bay,2122,nsw,19780418,3254370,IXGGP8933Q,8658960852
rec-4654-dup-0,stroe h,luek,18,narryer close,mylandra,parkside,4125,tas,19180113,2662103,,+91 9791541749
rec-819-dup-0,jessiac,bastiaans,130,beazley crescent,,ingleburn,3029,qld,19270912,7965000,BQHXP5664T,+91 8548643570
rec-1425-dup-0,alysha,reid,747,clive steel e avenue,townhouse 5,kiama heights,3710,vic,19940904,7294389,LHSHP1126V,(829) 757-0803
rec-447-dup-0,april,mcgrgeor,4,launcesto n street,hawkins masonic vlge,kardinmya,2207,wa,19541028,8809810,ZLXHP8660G,06145061243
rec-3518-dup-0,alexander,priedt,41,manu place,,bundeena,4701,qld,19420417,9205694,VZRMP9296D,9438683064
rec-1576-dup-0,luke,paterson,80,rischbieth crescent,rooganore,spearwood,4035,vic,19120208,7700965,JUYVP9621U,6023573638
rec-4695-dup-0,christian,dietrich,27,lindrum crescent,matilda blue,rostevor,4560,wa,19170307,3108840,TWPCP2639N,+91 9133864424
rec-2095-dup-0,bwn,armiento,40,burnell place,john flynn hospital,fairlight,3630,qld,,8511174,JZIGP0603N,+91 9868666632
rec-1050-dup-0,nikki,neigk,180,balfourcrescent,brentwood village,charlestown,2228,wa,19840720,7106885,AZHPP0632B,+91 6542020398
rec-4765-dup-0,riley,godfrey,300,clift ck,the lodge,oakwood,3108,nsw,19451121,3493339,ROJZP5448B,
rec-4818-dup-0,alexandra,yiannoulis,159,archdall street,tall ipnes,rowville,3284,vic,19790913,7551259,QJBFP3591R,(720) 363-9711
rec-3023-dup-0,bridget,hand,210,bunton place,flt 1 0,parkinson,2705,nsw,19391228,3815665,NPUCP5151R,8709997524
rec-4106-dup-0,xanthe,ryan,1,cochrane fcescent,homevale,aldinga beach,3941,nsw,19030508,7629205,PBPIP8490M,73719-30244
rec-2191-dup-0,joshua,arribas,30,nicholas street,dangaroo park,kirwan,4086,nt,19800502,7705455,VKEGP7823P,06679516373
rec-4282-dup-0,maxin,jolrly,8,huxley place,,mooloolaba,2220,wa,19330915,7131922,OIIYP4111M,70527-03837
rec-1551-dup-0,lucy,rees,78,galveston,badenoch crescent,macquarie fields,3076,nsw,19230613,8204200,NFTDP6193E,77829-13438
rec-3934-dup-0,kai,rachwal,128,ardlethan street,glenvaon,edgewater,4217,wa,19100330,5698267,EZUFP9929A,92948-71780
rec-3211-dup-0,isaac,loew,3,hemmings crescent,timber haven,williamstown,2380,vic,19880722,2762848,SPANP2988M,
rec-3230-dup-0,jacqueline,macphail,65,maddigan hstreet,oxonia,canterbry,2611,wa,19350403,8001638,WULBP2338U,74684-87825
rec-1667-dup-0,george,robert,28,,nio ka,picton,4814,nsw,19400601,4149373,,(945) 959-0197
rec-83-dup-0,joshua,stalney,1,weddin circuit,rocklands,cabraatta,7320,nsw,19381229,5425400,VUIQ47839P,97317-79100
rec-3079-dup-0,benjamin,donaldson,34,dunoon street,westwood homestead,st algans,2611,nsw,19331111,2281465,EONZP6330F,+91 6685071415
rec-3911-dup-0,ruby,warrior,5,ironbarkcrescent,margaret river carvn park,penshurst,3075,vic,19550812,5870334,VACCP2996P,9094647655
rec-2506-dup-0,teagan,galbraith,17,preston street,wollartukkee,forest hill,4413,sa,19410923,2436763,BSZGP9383V,09262526197
rec-801-dup-0,chelsea,mccarthy,17,la perouse street,arcaida,ballarat,4007,nsw,19921130,4620249,LKGKP4358I,08392668782
rec-268-dup-0,phoenix,mason,355,fawkner street,di aboo,,6258,sa,19630713,2078364,XELZP8661S,+91 7572464460
rec-113-dup-0,laznger,gabrielle,526,delegateqstreet,oak valley,paddington,3910,wa,19800810,2343036,UFPQP3376P,+91 9073500806
rec-1132-dup-0,brianna,dixon,70,sidaway street,,carlingford,5097,qdl,19780707,3396896,DYZZP4803T,(914) 606-2326
rec-2386-dup-0,mitchell,hunting,14,catchpole qtreet,windara,,3155,qld,19050619,4197943,WCAYP7256O,09021438623
rec-2487-dup-0,joanna,coulson,289,bageplace,,wantirna,2224,qld,19530111,6565352,SQGZP5257B,07755471080
rec-580-dup-0,natalia,mccatfhy,10,vogelsnag place,,blair athol,6018,act,19841123,4528780,MEBZP6085M,06838887089
rec-515-dup-0,ruby,bellchambers,298,winnecke street,siesta caravn park,mosman,2330,tas,,2384529,IKHKP0999S,07612211227
rec-4317-dup-0,scot,buterfeld,116,crozier circuit,uc-dai-oi,noble park,2231,qld,19230731,9102056,YUVUP9041F,+91 7280879284
rec-2394-dup-0,alisa,kaderes,37,jaeger circuit,loc n 8,park hilme,4514,vic,19020714,2567085,YHEFP2405X,
rec-1327-dup-0,emma,copperstone,5,decima circuit,crwer,avoca north,2166,nsw,19451208,1536837,FGCOP8793P,07704036749
rec-1172-dup-0,eleanor,luckjan,34,banks street,st francis village,aspendale gardens,4361,wa,19920704,2330095,VCF8P3569A,98070-85963
rec-3560-dup-0,tai,matthews,3,norman fisher circuit,,bracknell,2258,qld,19120506,7535799,ZAQJP0734T,+916132901964
rec-2755-dup-0,maczkowiack,robeft,40,broadbent street,jandera douth,port lincoln,6153,nsw,19030102,4106094,JPWHP1480W,+91 7886719576
rec-2107-dup-0,harrison,snellin g,50,sproule circuit,yalkara,emerald,4216,nsw,19410412,1348871,WEMFP0528G,87758-78723
rec-3685-dup-0,benjamin,lowe,45,macrossan crescent,,kingdton,6075,nsw,19250611,5513136,FBOFP5556E,97027-10126
rec-4856-dup-0,jack,wang,,elliott street,stoney creek,norw ood,2147,nsw,19970913,5004938,TNBGP1112N,+916972377155
rec-4500-dup-0,zali,mcgregor,25,goulburn street,,richlands,4307,,19490225,9800116,JVVJP1760O,8942029306
rec-3694-dup-0,kylee,pennell,1,,,,4570,sa,19000320,4020041,EWNOP5298V,+91 8615486418
rec-1114-dup-0,max,stanley,20,whitfordi place,,manly ale,3095,nsw,19870211,8658470,OTWTP6407X,+91 7079558542
rec-86-dup-0,abbie,son,17,sharwood ccescent,wayside,lakemba,2866,ss,19409716,3651118,WWCWP3606A,+91 6872432908
rec-1753-dup-0,brianna,ranson,143,scott street,blue hills,mitcham,4261,vic,19480409,2774725,GKAZP8361M,8019931673
rec-655-dup-0,keele y,heron,60,krichaufg street,,bonnyrigg,3012,nsw,19191230,5319794,IQJNP6421R,+919228140445
rec-2791-dup-0,hawes,ella,51,stubbs crescent,,cloveilly,3195,nsw,19100115,3998567,,(916) 973-2946
rec-1276-dup-0,abbey,parfilo,13,chandler street,,albany creek,2065,vic,19891112,8843836,TCZKP0820V,09916707768
rec-255-dup-0,dante,campbell,5,vaughan garden,kenleyu lodge,deer park,2572,vic,19641106,7782097,KIXAP5081L,8785744506
rec-1385-dup-0,elton,bishop,10,french street,,orange,3223,nt,,1324854,UOPEP9101M,7397534093
rec-1005-dup-0,micah,greehn,26,blakely row,kelanna,harbord,4502,wa,19911228,2687580,GHVKP3979F,
rec-4572-dup-0,lachlan,red,20,starkestreet,busbey's flat,caulfield,2611,vic,19600906,3614628,HGIEP2049N,
rec-4510-dup-0,noah,whiet,804,caladenia street,sec 437,molong,2119,wa,19041018,9864936,CZNBP8307F,82719-58340
rec-2251-dup-0,joshua,crouch,94,forbes street,,johnsonville,2327,sa,19700216,4813329,TNRZP9379U,6960473738
rec-3901-dup-0,shane,goldsworthy,9,starritt place,woodsong,new town,6052,wa,19111223,5363583,,(745) 646-4077
rec-4870-dup-0,carlin,munforti,46,von guerard crescent,,clarendon,2140,nsw,19241024,1512461,BUGTP3572F,76396-23952
rec-179-dup-0,,braithwaite,29,tweed p lace,brileen,cabramatta,5051,vic,19740815,8052512,NEKKP6504L,+91 6293236061
rec-4502-dup-0,scott,rudd,3,saunders street,,toowoomba,2617,nsw,19600086,4857758,QJFMP0823X,94631-84540
rec-2012-dup-0,riley,whie,22,william husdon crescent,brentwood vlge,burnside,3064,qld,19941028,3083448,,07747509680
rec-3715-dup-0,jessica,dixon,161,fred johns crescent,,eaglehawk,3556,qld,19281113,6245244,DSUJP6765B,66064-35416
rec-4442-dup-0,kadin,crosswell,38,,karobean,leongatha south,2070,vic,19410715,4079644,OCMCP9418H,07758617893
rec-4672-dup-0,timothy,bishop,8,zox circuit,,lismore,2168,vic,19771008,3069847,ATFQP6774R,+91 6553733592
rec-2047-dup-0,belinda,de gennaro,178,sturdee crescent,birks h arbour,orange,6030,nsw,19210814,9392022,AHJBP9266K,(839) 835-8522
rec-3581-dup-0,hoover,ethan,151,monaro vrescent,tiverton,yarra junction,2219,nsw,19920703,8513913,CVVNP742UV,84903-54772
rec-509-dup-0,benjamin,green,12,woolner circuit,mirani,reynella,2905,sa,,8195933,IMBXP1720S,06862937499
rec-1430-dup-0,willow,gowling,39,hannaford street,the bri ar patch,moama,4579,vic,19690421,9703540,OWZZP3219X,+919485926960
rec-661-dup-0,caitln,portlock,19,tompson street,cherrydell,rochester,4503,act,19110812,1549588,LGYMP0194J,+91 9731904415
rec-468-dup-0,connor,arda,35,,summervale,port macquarie,2530,wa,19750417,9721130,GMXJP7061T,09912561107
rec-896-dup-0,eleanor,klemm,110,carrodus street,henry kemba ll village,dareton,2122,vic,19771109,9856779,SRYOP0159Y,68348-75334
rec-1984-dup-0,travis,whale,2,sutton place,trumano,terrigal,3976,sa,19320724,1928625,VFQSP7726V,08754635603
rec-3394-dup-0,finlay,emiily,20,temperley street,lincoln close,bellevue hill,3400,qld,19000801,1739435,RLJBP8829U,+91 6854086089
rec-545-dup-0,tara,plovanic,25,hobler place,port hills,kalamvnda,2747,vic,19600401,4207452,IX2TP1142B,9895261461
rec-2999-dup-0,paris,negrein,30,stapylton street,treleen,coleambally,2145,qld,19620726,4121618,UBHHPB938T,08984478556
rec-1941-dup-0,,campbell,282,osburndrive,white patch,carralra,6030,vic,,2172403,SGVIP4316A,7675055375
rec-4787-dup-0,vanessa,morrison,16,meehan g arden,glebe retirem ent villa,condell park,5113,nsw,19951015,6047960,WNEMP8838W,90866-94170
rec-1859-dup-0,angie,arbuckle,214,mcinnes street,,ballarat,4808,nsw,19890525,7610312,TESGP1198O,+916106781182
rec-2548-dup-0,portia,bandte,5,namatjira drive,willyaroo street,rostrevor,3084,wa,19800709,3676482,KZJLP0780N,85926-03493
rec-3769-dup-0,herbert,jasper,8,werriwa crescent,lyndilan,mill park,6163,sa,19640905,3048660,,07424990308
rec-45-dup-0,adam,coleman,14,ewart sdreet,camrai village,springfield,2795,nsw,19491208,6543835,WVMPP1476B,6806988607
rec-2880-dup-0,paterson,emiily,7,gruner street,plat ina,seaforth,5157,vic,19840318,7177837,ILPXP7279U,89323-42395
rec-27-dup-0,angelina,campbell,190,jackie howe crescent,bugoren,woorim,6352,nsw,19531108,8948230,,(600) 789-1182
rec-1441-dup-0,harry,blake,36,cowlishaw street,sommerse tpark,kahibah,3073,qld,19400401,2348791,FJVWP5892S,70982-81141
rec-323-dup-0,peta,tarsissi,,rivett srteet,glen alvie rsd,kendall,2328,nsw,19641102,1498722,VZBJP4289C,+91 9906141537
rec-4766-dup-0,samara,campbell,,packham place,kokoda hostel,burpenkgary,3136,wa,19010604,6449470,QYZLP8813Z,98781-15087
rec-2242-dup-0,michael,shepherd,39,pinkerton c ircuit,millwood,camira,3378,nsw,19301008,3537158,USEJP9759X,+91 6654752350
rec-3168-dup-0,hayley,bishop,9,lindsaystreet,lindis faime,blackmans bay,4163,wa,19210517,3857962,BEAUP5942N,08835376272
rec-2908-dup-0,michael,plessnitzer,26,william webbodrive,rockview,cowra,3023,nsw,19800518,3756443,UDCOP9074Z,8518619578
rec-737-dup-0,hannah,liaudinskas,15,hopmanpoace,mt pleasant,orange,2829,sa,19130526,5819558,HTCLP9491X,06095537616
rec-1357-dup-0,tiarna,lapienis,47,hunter street,cooralook,ormond,6027,nsw,19971203,5568749,DFHVP7644M,7605819329
rec-3384-dup-0,george,sheriff,25,hemmings crescent,melodyc pttage,geraldton,4121,qld,19650627,2285850,JLOYP5806C,6903835189
rec-2488-dup-0,bree,boase,48,lyndon street,,east melbourne,2087,nsw,19210614,2185538,PTYDP6813Z,99559-80012
rec-2838-dup-0,jessxia,wiseman,23,spowers circuit,woodbine homestead,carnegie,2018,nsw,19641123,4608861,IBWTP9435Y,+91 7825218209
rec-4082-dup-0,caitlin,dominey,2,,kilbutnie,plainby,6018,nsw,19761113,3992744,OCEEP2934Q,08234688807
rec-1641-dup-0,catherine,dolzan,9,bakersc reek,burrinjucr crescent,west kempsey,2615,nsw,19441222,8238507,UIBIP7454X,08497209775
rec-3682-dup-0,amy,drzezdzon,11,magennis place,se 161,ashford,6100,vic,19000219,4126935,HVNKP8628H,9835974022
rec-3843-dup-0,talia,brable,5,wattle street,taree cacavn park,northb ondi,5074,vic,19950423,2565238,YEVPP2317X,(711) 962-1149
rec-1485-dup-0,joshua,lock,31,,statio r road,logan reserve,6163,vic,19490619,3058210,ISMLP3119G,8544242576
rec-4666-dup-0,john-paul,pra,22,david street,greater ce ss vill,croydon north,4737,wa,19800811,8703902,OHQWP9928M,+916890600872
rec-2638-dup-0,jordan,mcmullen,4,albermarel place,,northmead,3579,,19291225,5611622,OAFYP6813M,+91 9706007726
rec-4376-dup-0,liam,drougas,29,collins place,moonylora,oakville,2560,qld,19670112,8993502,NMAGP3766H,+916418675648
rec-2643-dup-0,jayde,enebxerg,44,donohoe p lace,professionalcentre,kahibah,6163,nsw,19750318,5568018,BNZBP6447G,(772) 649-0692
rec-3393-dup-0,,reidz,46,dooring street,windalea,dandeno ng north,3582,nsw,19130312,1322845,DRIVP5398U,8783395096
rec-4155-dup-0,ella,wedmaier,7,duffystreet,glenpora,eulxo,2020,qld,19410630,4581426,CFOWP6409C,+91 9062621711
rec-2388-dup-0,,milla,1,bandulla street,sherwood,forcett,3463,tas,19580204,7520191,EIDBP8683M,72272-24391
rec-2302-dup-0,lachlan,pacey,15,wilshire street,cypress mgarden,wendouree,2770,,19711111,4723081,BEATP9632J,(730) 213-7243
rec-3398-dup-0,kelsey,dearing,25,,bindaree,clare,1409,sa,19400117,1841588,,
rec-4275-dup-0,isobel,burnell,4,heidelb erg street,cinema cdntre bldg,stretton,5680,vic,19900603,1027213,KYQJP4912W,6611614932
rec-4757-dup-0,dilloqn,cranefield,9,loch street,rowethorpe d1,lutwyche,2650,qld,19601109,7417124,UJQYP2208B,(882) 559-8894
rec-2101-dup-0,herbert,tahlia,28,dolling crescent,curra apark,kingston beach,3840,nt,19790724,6559247,XOQAP0318O,06977432905
rec-1493-dup-0,ebonjie,quiton,143,,warialfa,whitfiold,3910,qld,19781228,7282886,,89507-65120
rec-3790-dup-0,melind,tuckwell,8,stradbroke street,cherry tree,rushworth,2219,qld,19961127,5540986,WMLZP2996Z,09904592195
rec-2682-dup-0,taylor,bevis,20,spofforth street,,burwood,3177,nsw,19270430,6848520,FAYQP8344I,+91 6655165479
rec-4988-dup-0,seth,tauj,17,herschellcircuit,belvedere,st kila,5201,qld,19490904,5547361,RDUMP9987H,7295127716
rec-7-dup-0,angus,silvestro,41,nott street,tathra river est,middleton beach,3137,nsw,19560720,9873948,OCYWP0087S,06157894309
rec-1298-dup-0,tali ah,ryavn,18,hopetoun circuit,the wiklows,shorewell park,3805,vic,19950105,3100732,WEPAP8818B,+91 6021393119
rec-2009-dup-0,george,meaney,164,elder stqeet,,st albans,4060,vic,19320703,9691332,TXSBP6649B,9274610604
rec-3310-dup-0,tristan,lombrdi,3,morduant place,duck creek,kingaroy,4171,tas,19280422,8584160,YXEYP3374Z,+91 8521632964
rec-2781-dup-0,emma,madigan,15,blackwellcircuit,tintagel,dianella,0820,sa,19871218,5096835,QQWFP4535J,8205480581
rec-4335-dup-0,elana,wiechce,11,belconnebh way,upper ross medical centre,torquay,4077,sa,19190515,3124171,XFAFP4049E,09172254135
rec-3397-dup-0,indiana,goode,4,galibal street,antanoff ' south,east maitland,3183,vic,19420313,5641889,IVBDP4854X,(653) 762-3024
rec-1141-dup-0,jakc,carucro,01,kirkland circuit,willow lodge,blackburt north,6275,vic,19000604,8374407,OMPHP4643I,8035606131
rec-4528-dup-0,jean-claude,ryan,4,gleddenstreet,henry kendall bayside,swan hill,3736,nsw,19150420,2261900,LTLYP4046E,07121212569
rec-4627-dup-0,juliana,watkin,18,feint street,laurapengilly wing,doubleview,4032,qld,19710311,8665714,BMEBP9862C,07582128011
rec-1119-dup-0,rachle,georfe,9,mearesoplace,brentwood village,tuar thill,6008,nsw,19910224,4083414,PKZHP6341W,73243-30422
rec-2165-dup-0,matthews,holly,5,bingley crescent,strathlaynne,beaudesert,6158,nsw,19610114,5757476,AWEIP6029F,60423-64495
rec-250-dup-0,lauren,shack,345,rushbroo k circuit,research station,warrandyte,4740,tas,19590103,1987058,KEBGP1834B,08163002390
rec-1230-dup-0,kate,tantschev,99,knox street,fronda,,5148,qld,19870422,6536232,ETFUP214FC,+91 6943888717
rec-4038-dup-0,nathan,cannelk,13,theodore street,iona d wons,emerald,2570,nsw,19000823,6294140,BNTLP7659Y,68291-66431
rec-3430-dup-0,sophie,thredgold,35,bramble street,tigers hill,,6210,sa,19830705,8974658,KZHCP0216N,+916341613935
rec-3001-dup-0,joel,badegr,47,blamey crescent,brookfields,broadford,4807,qld,19791106,2164581,ADUUP9872X,+919887641078
rec-1304-dup-0,sarah,paterson,57,ginganastreet,st francus village,williamstown,2784,wa,19011215,6278915,NMDNP0404L,84320-46671
rec-4952-dup-0,madalyn,korfia,114,vansittart crescent,bombowlee,cherrybrook,2174,qld,19690312,4293980,RTODP2363G,+91 6494594986
rec-4455-dup-0,kaela,green,,tytherleig street,flt 1 0,casino,4670,vic,19620825,5598767,YQCZP9966E,+91 8968829648
rec-4270-dup-0,finlay,beghany,353,haighpark,capella crescent,broken hill,2111,vic,19660601,3594609,PFYLP2933V,07814466155
rec-4713-dup-0,channing,hakq,8,kevin street,sec 1,bundaberg,6405,wa,19190425,9248677,QNJDP2406C,98001-84572
rec-1711-dup-0,andrew,wang,9,barrington crescent,summe rhill,orford,2795,nsw,19260203,4852197,GJOCP1794L,97316-72107
rec-283-dup-0,jenna,shjw,21,fincham crescent,,thornleigh,3111,vic,19060322,7681478,,90383-76581
rec-4165-dup-0,,araujo,225,nepean place,kinross,lake cathie,2302,vic,19140124,5500784,BPTJP7441G,6484497209
rec-2086-dup-0,chelesa,sitarenos,2,chevalley loop,argyle,leichhardt,2611,qld,19470522,3656932,UYEAP2146S,+917159947564
rec-4956-dup-0,kyle,grbovac,51,sutton cottage,alexander macki e circuit,franks ton,3094,vic,19821227,7927536,AQYYP3652P,09995708656
rec-3442-dup-0,willaim,frahn,5,haystack crescent,,calista,4740,nsw,19500602,6417261,JRNEP4225T,79241-95467
rec-3883-dup-0,amber,webb,1,biddlecomb street,,northbridge,3777,qld,19920815,2423271,PFCIP8198D,+918536333509
rec-4186-dup-0,georgia,beams,12,,sunnybank garden,rochedale south,2116,vic,19701121,4356806,YLKAP8832I,+91 9709586479
rec-1294-dup-0,riddell,jared,346,hawkesburycrescent,pine tree,berkeley vale,3015,nsw,19430121,2944608,PKHDP1869H,+911047490461
rec-4551-dup-0,joshua,stubx,50,bimbiangc rescent,rosetta ivllage,holswirthy,3071,nsw,19580212,4826701,ECWTP2870S,+91 7100430925
rec-1273-dup-0,kan,markijevic,15,maltbycricuit,,briar hill,2452,nsw,19310315,5758876,,69393-87897
rec-1405-dup-0,sophue,tertipis,23,walker cr escent,furlough house,brighton-le-sands,2304,nsw,19490918,7755180,BFUSP5355F,+91 7191257175
rec-3210-dup-0,zachary,croker,27,guthridg ecrescent,,rydd,3143,nsw,19630415,9034657,NKNYP1427F,+919067362482
rec-4350-dup-0,aneka,milburn,103,wilkins street,clisbyfarm,kuraby,2715,qld,19171108,4533360,,99838-07262
rec-4732-dup-0,tillr,robert,14,parfitt crscent,mariner views,ringwood,2540,wa,19590714,1579290,WCUVP3418V,+91 7426531164
rec-1809-dup-0,sophie,ballantyne,32,solomon crescent,vill a 3,whittington,3223,nsw,19111219,8261379,SRWMP9617O,+91 9361776955
rec-973-dup-0,mackenzie,reid,37,ebdenstreet,unt 2,malabar,2233,vic,19550203,8090155,TQQVP4673C,(926) 257-7620
rec-2644-dup-0,sean,bammant,108,yarra s treet,ulva,yorkeys knob,2145,wa,19650509,6208046,HKILP4737C,07297292345
rec-4836-dup-0,maddison,weidenhofer,28,dinnisonc ircuit,,bray park,2584,qld,19200802,6273334,,9882493201
rec-14-dup-0,garnett,raquel,60,tepper circuit,,balwyn north,2025,wa,19280505,9109106,NYKIP6343O,+916267139025
rec-3615-dup-0,alessandra,van groesen,,arthurcircle,hse 4,o'connor,3040,sa,,5885340,UXIWP4917X,+91 6660535361
rec-4006-dup-0,mackezi,dogg,30,walkerceecsent,,berwick,2259,vic,19710709,9203314,JEGCP7521X,
rec-2005-dup-0,finn,eckersley-maslin,2,ebden sgreet,kondalilla,harden,6564,nsw,19360522,9218750,MQRXP3276R,81081-72248
rec-3445-dup-0,joshau,whitue,3,,ahwahnee,narrog in,2280,nsw,19611206,2059387,QUJOP9224T,+917096120931
rec-2283-dup-0,madeleine,nevin,85,majurs road,rocklznds,st kilda east,2092,sa,19230620,3536031,MDDOP0544Q,78526-85772
rec-3155-dup-0,benjamin,campbell,159,corrigan yplace,,thornbury,2300,nsw,19870227,4459447,SIFMP8927O,(779) 467-7196
rec-1238-dup-0,joel,londesborough,108,arthur cricle,vlla 18 pacifi bay resort,kings park,5606,sa,19480110,6254331,XWTZP8379S,
rec-2793-dup-0,braiden,parr,15,raiwalla court,st francisivillage,kriwan,2444,vic,19960327,7031748,BJZYP8856U,62900-64874
rec-542-dup-0,clarke,tiahnee,3,golden grove,,dural,7000,nsw,19790215,9714630,PBBGP2406J,82726-42766
rec-3844-dup-0,luke,wotton,36,gleesonnplace,,wesltake,3198,vci,19780117,6707270,XUFSP8874P,08634387632
rec-3552-dup-0,bella,,90,schonell circuit,greenhills,magill,3981,vic,19620712,7533159,PWEUP3802D,08636614486
rec-3754-dup-0,joshua,moody,15,el-woodaro,glover street,warren,2304,qld,19580620,9224762,SCMRP1799Y,8408047906
rec-4814-dup-0,ben,conick,,marsden rtreet,,page,3108,nsw,19760130,5241188,LYZOP6251S,06862994319
rec-4348-dup-0,,neville,71,pleasance place,macarthur place,wanniassa,3875,qld,19730731,5739885,BUBDP8646R,+91 7720740962
rec-699-dup-0,felicity,,15,abercrombie circuit,beg oa,neville,6726,nsw,19421105,2382886,MIETP3847Y,(641) 401-3662
rec-2978-dup-0,natalia,bajic,19,delegate street,corcoran,jesmond,3977,wa,19370101,8300817,ECOLP8065N,+917915949886
rec-407-dup-0,riley,ree,9,archibald street,wisperin gpines,coonabarabran,5162,wa,19700922,4932145,VWRMP6552H,06987442419
rec-663-dup-0,dean,wiseman,27,currongstreet,palm garden villas,croaer,4305,qld,19740808,1613598,ZDQMP6463H,91966-38059
rec-1154-dup-0,gracnie,crook,7,macalister crescent,grant patch,east prseton,4198,nsw,19360323,1096576,NVKLP4703G,87537-82029
rec-554-dup-0,domenique,alves,4,croton street,,nome,7017,qld,19490813,2034593,PVVYP4190D,9892092298
rec-2395-dup-0,jacina,frencham,12,bean crescent,barwon station,narellan,3074,qld,,3787817,KMYTP8810A,91338-85855
rec-531-dup-0,kyle,rudd,,atherto h street,glenmore,muttama,5158,nt,19590521,2268332,FROAP8748Z,90824-43264
rec-1893-dup-0,creagh,sophie,39,maplestnoe place,medicalc entre,mansfield,5108,vic,19221207,5082702,XNTZP3672H,07099189172
rec-813-dup-0,tanar,huxley,,ashcroft crescent,kilfescle,bray aprk,2064,vic,19700512,5171988,ECCSP2613G,06227109525
rec-1416-dup-0,isabella,berresford,21,parraweena,norfolk street,paddington,7330,nsw,19860819,4139219,NQFRP6837U,9649277538
rec-2405-dup-0,makenzli,white,12,bimberi crescent,,seymour,2061,wa,19350712,6816535,BIEUP2990Q,94374-35903
rec-1715-dup-0,drayson,kylke,509,schlich street,st francis vlge,bittern,3150,qld,19801205,1349437,VKZNP7365Z,
rec-37-dup-0,lachlan-john,snelling,20,summerville crescent,,maldon,3206,vic,19660114,7931741,KEUIP0650T,08726076844
rec-3184-dup-0,jarld,felegpa,63,badimara street,,frenchs f orest,4821,nsw,19610421,8535978,GCFOP5996Y,94193-06922
rec-1699-dup-0,brock,kate,12,kareelahv ista,pine hill,yaroowba,4740,vic,19130707,2213154,JXVIP4073V,6756352500
rec-219-dup-0,hugh,dorsey,25,sid barnes ncrescent,rowethorpe,werrington,2144,qld,19000625,5695716,,70183-39442
rec-552-dup-0,cameron,wilkins,528,bruxner close,ivenutre,albury,4607,sa,19580516,1334190,VCPHP1031O,+91 7983489106
rec-3128-dup-0,jaius,compton,92,huelin circuit,mamaergu,boyne island,2760,wa,19960806,1381082,VPDAP9804U,(905) 945-2729
rec-1239-dup-0,konstantinos,white,13,lascelles circuit,,crookwell,2211,wa,19440706,5173965,NGNHP8324G,76421-56806
rec-3718-dup-0,hannah,white,2,gallagher xtreet,fairholme,aspendale gardens,2580,nsw,19840119,9007134,FECMP2122W,+917105603503
rec-1989-dup-0,jordan,tuckwell,23,harricks xrescent,holloway haven,atherton,4560,vic,19730908,6240898,FTAMP7576L,6669607805
rec-4164-dup-0,jayde,lazar off,36,castleton crescent,morayfiel d exchange,lindfield,4311,nsw,19350424,7611601,,67829-88692
rec-741-dup-0,hannah,candida,7,santalum street,moorabee,,2030,vic,19210519,9787204,QAQXP8068C,61560-23874
rec-1648-dup-0,lilq,hick,189,atherton street,goolman street,wangiwangi,2212,nsw,19260617,8984671,COJOP4398I,(865) 137-0162
rec-2551-dup-0,nec,ryan,3,carpenter close,,cowell,2010,vic,19020623,1816092,INSIP6010G,+917009201373
rec-4112-dup-0,lachlan,bottroff,92,,quandilala,brone,4670,nsw,19641111,4134354,MFQFP7612K,(784) 648-5358
rec-1823-dup-0,alexandra,zilm,8,marungal avenue,dykehead,toormuna,3052,nsw,19390626,2961711,JJOVP6593X,8835641859
rec-3188-dup-0,jake,alderson,,eggleston crescent,west-view,granville,5070,nsw,19460415,6446268,DFUYP1578T,61900-19402
rec-794-dup-0,kristen,godfrey,48,dromard,cussen street,bray park,4156,sa,19700425,5874139,EPMNP0079I,
rec-4049-dup-0,laneau,shane,5,miller street,fenne r hall,richlands,2640,vic,19430101,4023866,,(779) 159-8225
rec-4854-dup-0,michael,daech,55,batman street,rockview,salisbury east,3523,nsw,19130907,9846815,DIOOP5709R,09750842792
rec-388-dup-0,whiteley,ewa n,23,bennelong cescent,roskhikl,glen innes,3171,nsw,19840025,1326266,,69713-82100
rec-1200-dup-0,sara,bibrlwicz,46,kingscote crescent,rowetho rpe,smithsxbeach,2026,nsw,19120602,4090488,VMWYP4219B,(753) 555-8556
rec-288-dup-0,georgia,browne,19,arthurcircle,aminya hmes,murrabit,2010,vic,19960923,9940324,LTOBP5742M,+916411766059
rec-3389-dup-0,naomi,boyes,4,,wattle place,kingsford,5062,vic,19760522,6564025,RFRAP7125A,+91 7958936317
rec-2940-dup-0,samantha,harrington,29,beaver place,,toukleey,6751,vic,19471114,9485434,ZMBI18816T,82391-96440
rec-4843-dup-0,thomas,butt,11,freeling crescent,mylo house hostel,port fairy,2486,nsw,19311128,4301794,,+91 8375145349
rec-30-dup-0,xavier,campbell,9,norton street,pine casmp,coniston,5092,nsw,19640316,9178267,,7206300933
rec-1374-dup-0,lachlan,balasubramaniam,26,mackinolty street,balmora lgarden,scarnorough,2388,nsw,19731007,1798069,MMIMP3472V,65093-59567
rec-2881-dup-0,emilily,paterson,9,wiburd srteet,parraweena,colac,2021,qld,19881213,6732942,YXKNP9215E,+91 9414468865
rec-4893-dup-0,harry,gaden,25,,musgrave house,surry ills,3216,vic,19770407,5999211,KPWYP6939Y,06450779472
rec-4718-dup-0,tazta,hem,3,birniep lace,strathela,burwood,6330,nsw,19080318,6896187,EBNDP1136D,+916812503763
rec-1257-dup-0,chelsea,nguyen,26,namadgi circuit,villa74 village glen,anglesea,6025,nsw,19230828,3467697,JEDMP5659V,67838-65184
rec-1384-dup-0,ruby,mason,24,cruikshank street,yammacoona,tarragindi,5606,vic,19090627,4941274,EJIMP0742K,06949234928
rec-2299-dup-0,joshua,gaskin,61,haystack crescent,gemmav,koroit,6233,vic,19590425,3676871,NFPZP0819P,+91 7875829214
rec-1343-dup-0,jazz,campell,9,newbery crescent,cullingaepark,fairlight,3850,qld,19391218,7149087,DJVNP0555A,60112-96091
rec-539-dup-0,macy,donalwson,,laseron place,barossa village,altona meadows,2760,vic,,6788131,ZYUXP8511I,09996106351
rec-1918-dup-0,ab bey,milburn,18,dixson circuit,the willows,roseb ud,5057,qld,19631114,4451215,GIMBP3208B,80091-77737
rec-408-dup-0,rees,charles,19,hobbyzplace,locn 2557 talland,orange,6210,vic,19710428,6849799,MCAEP5504A,+91 8068489114
rec-2074-dup-0,mitchell,dent,,partridge street,elizabeth residential village,ballarat,2285,vic,19900531,1162702,ZXYYP5341R,+916332814399
rec-1829-dup-0,lil y,danisewitsch,1,,bendigo retirement village,knoxfueld,3816,vic,19660727,7147139,YPWEP8691D,6314284233
rec-2957-dup-0,bradley,shepherd,71,gull cottage,kilgour place,smithfield,4078,act,19160301,1369189,BGWXP1247Q,(989) 919-6281
rec-2606-dup-0,emiily,benjamin,8,holmans treet,kersey' south,coutts crossing,2278,vic,19490214,7996561,UHFVP5090G,+91 9857020911
rec-1274-dup-0,,mason,19,sheaffe street,,burwood,2507,nsw,19461025,4113226,HFQNP5493L,67349-10811
rec-3289-dup-0,megan,jessup,5,wyatt steet,beachfront c aravan park,ringwood,3225,nsw,19010928,9738709,EZZTP4018Y,+91 6438327438
rec-4898-dup-0,aidan,dohse,14,dilboong wplace,sunningdale farm,hurstbridge,4510,tas,19191229,4932448,,9195710837
rec-1407-dup-0,nicholas,huxley,,blackbutt street,burnside,unanderra,2213,vic,19761203,8423125,SNAXP4714J,+91 9169462041
rec-4020-dup-0,callum,wheatley,3,john cleland crescent,murrong,florey,2063,nsw,19651106,9895199,HPOCP4157G,90363-30609
rec-2508-dup-0,sedn,lgke,30,glossop crescent,craigston,megan,4812,vic,19980906,7108946,CJFKP0944R,91663-49163
rec-4212-dup-0,ryan,sherrington,17,stopford crescent,lvel 1280,caulfield north,4715,qld,19680507,8315298,FZYRP1086G,+919444491093
rec-104-dup-0,danilela,steinbacher,43,brigden crescent,thevillage condo 7,bridgewater,6110,vid,19360208,7992465,BRBZP5419U,+918218492553
rec-4015-dup-0,lily,poskey,38,moore o lace,kenbar,lower templestowe,2474,nsw,19210315,8556979,JABOP3833N,6951824008
rec-2125-dup-0,chloe,whitie,22,macgregot street,merimaja,bunbury,2782,nsw,19330113,6064969,BDHJP3934H,+91 9057665296
rec-3323-dup-0,bailee,vearifng,18,bavin atreet,sun city tourist park,safety beach,6076,nsw,19741208,4201844,NPTSP2561H,84448-94214
rec-1704-dup-0,pegg,bradley,1,gaskplace,swanleigh,surry hills,5600,qld,19190625,8214409,COTSP9590X,6096685072
rec-4697-dup-0,cooper,mcneiwll,119,the sandys,maidment place,dungog,5075,nsw,19080127,2706283,LOIQP9395B,+91 8946794380
rec-2952-dup-0,,monda,54,burrinjuck crescent,,aubrun,3345,nsw,19041125,9464025,ATMRP6505G,75075-38125
rec-589-dup-0,bennier,taylor-saige,7,ruthven street,,chincihlla,5732,qld,19910528,7222769,UPWYP2022U,(904) 704-4627
rec-4663-dup-0,ellouise,domnto,36,leach street,plain view,frankston,6062,nsw,19141125,2822912,VNMLP7288C,88246-30812
rec-3614-dup-0,zachary,thurlow,132,eldridgfestreet,trfeusis,southern cross,4051,nsw,19230305,5024661,FVBGP5462N,+91 8490978439
rec-1378-dup-0,alaiyah,cowle,132,burbidge crescent,vali czre,pomborneit,3824,nsw,19801112,5015237,,06576525027
rec-4392-dup-0,lochlano,reifferscheidt,626,carrington road,haig hpark,bonny hills,4172,vic,19020119,6477624,GIMNP6322L,+91 9281063226
rec-3399-dup-0,toby,de landre,15,quandualla,ulm steeet,ashwood,2141,vic,19380511,2977480,KFZHP8094W,+91 6146643898
rec-71-dup-0,connor,tromp,8,eildonplace,willtarny,east maitland,7440,qld,19280129,8096262,WPDAP3585P,(796) 535-3968
rec-3956-dup-0,teneille,matthews,13,bugden a venue,civic centre,jesmonc,6026,qld,19540122,7584568,HSTIP3736C,+91 7407779794
rec-1978-dup-0,emiily,millar,80,river street,canberra hse,nunawading,3340,vic,19380318,2340041,GOAKP1532I,09517459759
rec-2130-dup-0,isobel,dreckow,10,landor p lace,harkyn,old toon gabbie,2650,qld,19101019,2584672,UTPOP6483Q,08078880943
rec-4563-dup-0,zacary,white,54,shain place,,glenwood,3840,vic,19111109,7091861,DBSRP1190M,6404024519
rec-923-dup-0,elzia,koziol,183,wattle street,blueberr hill,blacktown,6826,nsw,19940208,8842130,,7410537420
rec-4075-dup-0,rhys,dugdale,9,port jackson circuit,ainslieh ouse,rydge,7009,nsw,19010725,5007081,VJVCP6994K,6273178564
rec-3086-dup-0,blakeston,lock,59,bonnor close,,ment one,7140,wa,19590930,6335558,TDKDP1559D,(657) 817-7084
rec-1044-dup-0,riley,lamprey,22,embleystreet,,hinchinbrook,3199,vic,19851029,8710851,QCHYP4869T,+918928532438
rec-1362-dup-0,,collibnson,8,parrabel place,fraser lodge,elwozoc,2420,vic,19100819,5602774,KLGPP0258V,+91 9201123400
rec-1911-dup-0,olivia,gully,3,cockbur nstreet,bool igal,,2163,qdl,19150112,1992595,JDZDP0234O,(698) 853-9960
rec-1075-dup-0,geogia,simmovnds,16,hurley street,iowana,mittagong,2100,nsw,19230413,5714791,DKSTP2787R,(726) 236-9695
rec-3709-dup-0,william,reid,18,martin utreet,australiaharcade,smiths lake,2010,vic,19690624,7251376,AURNP9395U,+918476851042
rec-3414-dup-0,alysha,alderman,28,benson crescent,,mill park,2261,nsw,19700704,1772593,COENP2110D,+91 9679684657
rec-1194-dup-0,gaden,daniel,21,,solander centre,duntroon,6056,qld,19840606,3484120,IYCOP0088F,60132-48934
rec-249-dup-0,lachlan,shephaerd,1,grainger circuit,willandra,adaminaby,7250,nsw,19080122,3139543,DCKTP9584U,77497-72880
rec-1910-dup-0,campbelhl,jeffries,12,calder crescent,yar rabee,abbotsord,4650,nsw,19810621,9991473,NCOKP0616V,6906735194
rec-82-dup-0,alice,godfrey,2919,florence taylor street,,kemosye,2761,vic,19910330,3541229,CYPZP7662W,08367359109
rec-3886-dup-0,joshus,mason,47,crisp circuit,deergarden caravn park,chinchilla,3799,vic,19390402,8753102,HOXDP3558L,7552008189
rec-2675-dup-0,kobe,buckinghan,47,wrixon smtreet,the willows,kariong,3375,nsw,19481019,9604781,DTQBP9704B,98340-96656
rec-2174-dup-0,abbey,grewn,6,aspinall street,roseda le,mannum,3012,vic,19300314,5453075,HAJXP1623Z,+918817756884
rec-4319-dup-0,hannah,bansemer,3,owen cre scent,glynstan,lemnos,3065,nsw,19380604,8798025,URGHP1950D,91650-84163
rec-65-dup-0,benjamin,moody,43,fernyhough crescent,huongold,port augusta,3192,vic,19180612,4887764,OLRVP2133D,+916633628396
rec-344-dup-0,mitchell,lex,8,dexter street,blythlands,upper coomera,2011,nsw,19430227,9870170,SUJDP2250M,(646) 508-2690
rec-3684-dup-0,luke,boyle,1525,fawkne rstreet,,roxburgh park,2343,nsw,19701125,2420976,FOTNP9620B,+91 6439284857
rec-3551-dup-0,talyena,richnond,25,hopetoun circuit,tricorne (cnr scone r road,south melbourne,0355,nsw,19621215,1051084,OYRCP4167P,8993048499
rec-664-dup-0,tyron,mahon,45,albermarl place,ulinga,colo vale,7520,nsw,19470129,8336319,PUSPP9211U,7173270094
rec-322-dup-0,abya,bellchambers,268,weavers crescent,yenda units,lake munmorah,3094,qld,19541018,1627605,SQCTP4881Z,08870094326
rec-377-dup-0,joselyn,moody,92,bromell circuit,clover dene,ashfield,2285,sa,19380115,4236077,LDWFP1218A,7489307626
rec-1299-dup-0,dylan,patafta,17,goldner ircuit,kilnsey,auburn,3138,vic,19100402,7951303,FYORP0371V,72892-82077
rec-2983-dup-0,luc,morriaon,3,starke street,sheeo station,petersham,5020,nsw,19271205,8707221,TVZEP6740I,07831662090
rec-4959-dup-0,jessica,kusdek,,limestone avenue,jinchulla,lavington,4519,qld,19721222,3705755,BJVKP3811X,
rec-1090-dup-0,,grainger,31,,vinda oldge,winthrop,3629,vic,19251017,9094252,GQNWP0839E,78906-47539
rec-2673-dup-0,olivia,thorpe,19,pudneystreet,parry h ouse,mount evelyn,2619,vic,19430807,3939861,GJJSP2545A,+91 8043116054
rec-437-dup-0,heans,mikayla,2,alexandrastreet,anona farm,broken hill,2444,qld,19510303,7694084,FCHTP2856V,8041203423
rec-3678-dup-0,,dixovn,4,tytherleigh street,,albany creek,2097,nsw,19040831,8170333,MBMJP5987S,93360-37692
rec-3395-dup-0,carbone,connor,,willyamaplace,kalooca,buddina,2700,nsw,19090228,1119288,VEINP2348G,8345076833
rec-1207-dup-0,kyle,reaburn,27,bradfield street,parklands vkllage,lennox head,4061,nt,19150609,7434508,JFKLP4283J,+91 8439513916
rec-2500-dup-0,mia,pyper,90,paul coe vrescent,pine hill,camp hill,4207,,19410921,2154974,AIBLP2740D,+91 7336524511
rec-1501-dup-0,bailey,haack,56,heysen street,goolmanstreet,cronulla,2480,nsw,19171029,5238749,PSMTP8121E,+91 7677262273
rec-2430-dup-0,lara,white,6,sturdee crescent,summit cottage,toowoomba,2123,nsw,19190123,2444018,HWAUP3518T,
rec-3818-dup-0,madison,plane,18,bardolph street,rosehilk,sunnybank,2541,nsw,19971022,9432416,YRZSP8928C,+918032093789
rec-2490-dup-0,jack,mayman,65,hutchins street,,kinglake west,3260,vic,19900106,6187556,EKLEP9275J,
rec-1482-dup-0,tara,green,25,lashbrooke,chisholmstreet,boyne island,3073,nsw,19860550,1388911,NLLCP3036C,86684-62383
rec-3973-dup-0,katie,choroey,99,kangaroo court,,blakehurst,2738,vic,19380305,4782391,,09262616557
rec-2046-dup-0,kaitlin,bowerman,16,fosketts treet,bulala,edensor park,6111,nsw,19140320,6109196,AUJAP0511Q,(775) 049-7609
rec-227-dup-0,jasmine,kiss,20,flower growers,batematn street,vermont south,6163,vic,19741212,6517742,YVKXP6290J,+91 8258961937
rec-3539-dup-0,robert,stephenson,108,burdett crescent,wombatz hill,south sydney,4560,wa,19460925,6871514,HUAAP3816G,+91 9991266776
rec-2964-dup-0,logan,bisgop,1,tanj il loop,,,2113,qld,19000423,1698144,PKNCP3126I,+91 9291741453
rec-1152-dup-0,samuel,wilkins,16,,wildes mdw,hayborough,3125,nsw,19680910,2994606,KRYMP4701A,(785) 356-7465
rec-611-dup-0,ella,wisy,91,kingscote crescent,,homebjsh,2291,wa,19920720,9301098,PBCSP8737P,7060318516
rec-1502-dup-0,niamh,tuckewll,2,richman place,,campbelltown,2154,nsw,19090106,2794307,TCUUP7277E,08529718883
rec-871-dup-0,limbert,benjamin,201,blackman crescent,karinyah,woodbine,2228,nsw,19020429,5534369,GTWCP4705B,75135-12505
rec-1158-dup-0,adela,lomman,7,,canberrathse,frankdton,3158,vic,19980301,4768567,GFWYP2659Q,+919092127921
rec-2499-dup-0,samara,ried,6,gardiner street,yuluga,blacktown,5433,nsw,19020405,4889678,IFGFP2817B,(603) 732-3874
rec-1635-dup-0,roberta,laing,23,morrison street,budgerebella,flagstaff hill,4573,vic,19690425,5203452,NLFBP4633G,(604) 132-4090
rec-3048-dup-0,colquhoun,jack,17,,glenburn,parramatta,2000,nsw,19660816,1194516,LKPPP3682B,(630) 600-9364
rec-1922-dup-0,warnock,alana,5,federal highway,belmore diver,kurrajong heights,2283,vic,19790619,1270595,BZNLP6792E,08927418420
rec-991-dup-0,millie,clarke,6,darcy close,marjories corner,greenwith,3150,nsw,19160503,5080999,KJJWP2164C,08848539214
rec-2954-dup-0,noah,wiseman,17,wakefield garden,,frenchs forest,6535,nsw,19640101,8735485,JBRVP7749J,+91 9812420769
rec-2930-dup-0,ashley,webb,39,wilkins street,,reynel la,7315,wa,19670423,7920236,IGOTP9777T,+919381487004
rec-860-dup-0,daniel,belperio,17,murray vale muhrray valley,templeton street,gawler west,2066,nsw,,8978859,QQLLP1744Q,+91 7569874873
rec-1903-dup-0,rachel,burrord,4,alabastre street,griffiths wing,adelaife,3155,qld,19201014,1452003,WSKSP3632C,00299100011
rec-2799-dup-0,sophie,maynard,41,clancy street,inglewood,springwood,2600,wa,19690527,5566144,DZJUP5900Z,(684) 359-0412
rec-4061-dup-0,melinda,trent,28,dugdale street,kilwinning,penshurst,4556,qld,19240721,5900609,SRPGP7555X,+917448130773
rec-1234-dup-0,samujl,heidrich,7,mcgivern crescent,el-wo odaro,highbury,3053,act,19710525,8110080,SNHVP9253T,+91 7827495822
rec-1297-dup-0,noaj,scott-jackson,47,kosciusko avenue,upper flat,punchbowl,4306,nsw,19811218,2859455,WSWRP2076M,09231712832
rec-770-dup-0,samara,,2,lewis luxto navenue,,pooraka,2778,act,19170725,9740765,SMWRP8841H,7892029361
rec-2028-dup-0,zachary,minter,2,miller street,,graceville,2300,nsw,19580309,7193282,BPMOP0125Z,76687-46086
rec-1953-dup-0,coby,lukeman,17,hiles pjlace,cherry haven,rosebery,3122,nsw,19040306,3163493,YQICP3934P,(700) 697-0301
rec-275-dup-0,joshua,berrpyman,91,summerville crescent,medical c entre,mount colah,4221,vic,19070709,6570397,VLHUP9163B,+919047345449
rec-1935-dup-0,charlotte,,234,mcgee pkace,alla ndale,cranbourne,3124,vic,19310603,8602736,QXILP6355L,8913776236
rec-2679-dup-0,dixon,thomas,108,brewster place,geelong grove,eight mile plains,2114,qld,19851127,8873329,WPVPP0089F,8391617341
rec-3337-dup-0,dylman,,140,hurtle avenue,tulloch,,3585,qld,19211103,3790788,TIZMP9551B,07186341455
rec-4168-dup-0,,ruolle-ivanov,11,fairweatoer circuit,,mount low,5290,vic,19661012,4600962,HXJYP7544U,+91 7088914728
rec-1792-dup-0,layla,,71,howitt street,oaklan,kirwhan,4210,wa,19201015,4834950,PBBMP2596F,+91 7519019916
rec-3516-dup-0,miller,browne,46,chuculb a crescent,gullamurra,ulverst one,3015,act,19671017,7983195,KANCP9065K,78840-78751
rec-2348-dup-0,adam,tuckwell,38,mcmillan crescent,,broome,5037,nsw,19960528,8397512,SVKLP0891Q,+918683806125
rec-3913-dup-0,cain,lowe,34,robertson street,hillsidw villas,sunshine,1245,nsw,19060725,6210006,APUEP8799Z,60926-28058
rec-3953-dup-0,isabella,concannon,15,alli place,mlc centre,keiloryieast,0822,sa,19410803,1922236,SXQGP8034E,+919434170440
rec-1495-dup-0,lachlan,cicconi,,waite street,,loftus,3108,vic,19200324,1514534,VJEPP8088H,+917271152806
rec-861-dup-0,binns,chantelle,6,cruikshank street,,burru heads,2212,vic,19370814,8334319,FFRKP0305R,+916905227662
rec-1627-dup-0,caitlin,bevis,46,smith street,grammar cahool,hawthorn,4878,nsw,19601011,3040069,EDOZP5982P,08731919879
rec-1303-dup-0,thomas,boielau,8,,felbrigg,shefdield,4300,nsw,19111221,4100557,OMOOP2972W,09078802761
rec-4682-dup-0,teagan,ricmhond,18,wettenhall circuit,flt 17,pleystowe,3000,nsw,19210820,8646516,FLRFP6996T,8347375993
rec-2451-dup-0,stephanie,baptist,30,dalley rsecent,,winthrop,4055,nsw,19700503,3846199,YLJQP9631V,7448843970
rec-1754-dup-0,shai,leung,15,grant hostel room,canopus crescent,metung,2147,nsw,19230106,8789495,NIHEP1796E,65078-11577
rec-4066-dup-0,tom my,campbell,4,wybalena grove,,bayswater north,4503,nsw,19480209,3117774,HGUNP8371Z,+919557475373
rec-1562-dup-0,kaitlin,matthews,45,grote plmace,recreat ion camp,clifton,2024,vic,19960612,7208315,GETLP20486,+919162484494
rec-341-dup-0,lushia,reid,6,dunn plsce,hd allenby,karanja,4207,nws,19111022,1691582,KRYWP6400J,7358770480
rec-4792-dup-0,julia,meadows,18,aralune street,st john of god hospital,crows nst,3174,nsw,19160818,7101191,JAYVP6712P,+917746902196
rec-409-dup-0,beau,eylse,30,solomon crescent,table muontain,granya,5280,nsw,19031212,8983029,OCDVP8954E,(641) 281-7826
rec-330-dup-0,helena,haskett,,namadgi circuit,ryanfield,berowra heights,7307,qld,19560926,9361202,SDBBP5181M,+919282424912
rec-4140-dup-0,patrick,tomney,49,tillabudgery,smiths road,ascot vale,2340,qld,19390509,4461989,DGRLP4144W,+916388523193
rec-2670-dup-0,kyle,webb,1,emily bulcock crescent,belmont baybiew park,corriaml,3055,wa,19510310,9153676,DROIP9201C,+916271312517
rec-72-dup-0,keira,lowae,15,morant circuit,wilding,warburton,4061,qld,19900523,4044906,CZGHP0836K,
rec-3074-dup-0,aleisha,beadle,17,leonard close,broadbrid ge manor,madora,3025,nt,19160701,3130361,ZPBDP7436L,76779-46491
rec-2150-dup-0,charles,tkachuk,1,hannan crsscent,nyngan,elwood,5086,nsw,19620625,9782270,CXNIP0989A,7665227740
rec-2715-dup-0,lewis,green,256,hickenbotham street,tryphini aview,newlands arm,3055,nsw,19530919,8012486,HDDSP7001S,89821-89608
rec-1062-dup-0,dale,polmeapr,20,sturt avenue,,,6110,nws,19860101,6503215,VOTMP0311Z,(839) 777-9118
rec-2075-dup-0,lews,lohmann,3,clive steele avenue,gerovin valley ldge,view bank,5334,nsw,19101110,1778982,MOPBP3912H,89983-87126
rec-2932-dup-0,zachary,kermeen,7,powell treet,tourist park,yass,5162,qld,19131006,1784799,JYCPP8163I,+91 9440823889
rec-2077-dup-0,sophie,paterson,15,glynn street,family day care,lethbridge,6026,nsw,19850726,3382181,MCMYP1539U,95803-15086
rec-350-dup-0,jayden,death,13,lyle plce,omearas farm,leeton,2111,vic,19880218,2543380,KKKRP0564W,8833017735
rec-289-dup-0,riley,paddon,5,burdekin street,rosetta village,mount aliza,6230,vic,19510214,4214905,,62253-02563
rec-467-dup-0,caitlin,berry,188,wynter place,,toodayy,3150,qld,19400622,2073490,YJOKP9973V,6715202018
rec-345-dup-0,emiily,rankine,32,blackham street,sapric,campbelltown,5068,vic,19060404,3688640,,+91 7438036442
rec-2843-dup-0,lily,reida,30,,kaweku park,parkaide,3630,wa,19170624,7864863,PBFMP2021J,+91 8245024494
rec-4954-dup-0,james,kroklgi,15,orchard pace,,rosebud,6064,nsw,19430421,4244938,,(687) 926-5201
rec-1670-dup-0,cameron,kouimanis,51,nulsen circuit,,tecoms,3931,qld,19671009,1274183,DHIDP2512E,+91 7670014916
rec-2043-dup-0,lewis,boyle,55,cottamp lace,willyaroo street,sunshine north,2000,nsw,19121105,1190651,SCSWP4285L,84559-44715
rec-1761-dup-0,jai,mullavey,29,carr cescent,,bangor,3013,sa,19150518,4003978,WQMHP9479I,(983) 309-9893
rec-662-dup-0,lily,kradolfer,13,wanganekn vaenue,broughtonbrook,toowoomba,2750,vic,19501111,9815770,,(925) 643-8413
rec-367-dup-0,chloe,,20,broadhurst street,sawtell vet hosptl & clnc,kyabram,5279,vic,19621217,7989856,SFWYP8114D,(802) 164-1346
rec-1878-dup-0,tylet,clarke,11,bogan place,,werrington,4500,qld,19720225,3711822,YTWEP8120K,07015422100
rec-2626-dup-0,thomas,snod,26,mcclintock street,,warilla,4551,vic,19790413,3010606,SWRHP0212O,(702) 042-4904
rec-1331-dup-0,mainero,mikayla,54,haddon street,monkani,graceville,2250,vic,19240330,1458740,GEMBP2649S,+918526095454
rec-1847-dup-0,luke,karlsen,29,mckenzie street,,woodlands,2224,vic,19060425,3838005,GTZJP7196I,09981933592
rec-1686-dup-0,jaemo,clatke,119,moondarra street,de cameron,tweedhaeds,3095,vic,19061129,6889594,TKHVP7575J,
rec-3083-dup-0,herbert,darcy,28,goldfinch circuit,tarq ua,geelong south,2320,wa,19141204,7758955,CXTUP9923E,+91 7192378296
rec-2486-dup-0,mitchell,ramush,,hann street,,sunshine beach,3943,sa,19480321,7925486,HPMWP3021N,+91 6607997382
rec-2241-dup-0,sara,au,12,boddington crescent,wyseworth rmb 346,naracoorte,5084,qld,19621027,7694727,MJPNP4828S,6130364938
rec-4590-dup-0,shandril,tinfina,437,stuart street,bodyworks healing centre,glenhaven,4773,nsw,19880220,2185877,EEAFP5807S,6321558203
rec-1209-dup-0,courtney,hylhd,2,gask place,sec 1,cobar,2263,vic,19511001,9099158,KZDQP8003S,+91 9174044819
rec-2052-dup-0,,,8,conlon cdrscent,the provincial,balwyn north,7262,qld,19620323,2264634,HKYYP9531R,69070-78263
rec-867-dup-0,emiily,green,8,kurria place,oceanbeach ca ravan park,north rocks,5095,nsw,19810511,6240008,PIWJP5239N,6651266460
rec-1421-dup-0,gillian,kaddtaz,72,ivo whittonc ircuit,woodport hostel,murdcoh,2026,qld,19650426,3271990,RRXSP1014H,76541-70899
rec-4005-dup-0,maddison,lonto,5,namadgi circuit,,kiels moungain,2261,qld,19050429,8559890,ADKKP9516V,8455579550
rec-4647-dup-0,elizabeth,malcolmson,43,gaunson crescent,,werrington,2540,aw,19550528,4104314,GWHMP7989P,+919564205277
rec-1899-dup-0,,stubrs,175,aspinall street,cruachan,albany creek,5162,vic,19380924,6966319,CTUOP9224D,66532-50724
rec-3782-dup-0,tifafny,,26,southern close,westleigh,kirribilli,3437,qld,19860301,7929652,VBVXP5118K,+91 7208233433
rec-1921-dup-0,michael,degasoeri,43,rushbrook circuit,lyndake,hamilton north,2282,vic,19951012,2192076,AYTMP8914X,
rec-4496-dup-0,warnock,hark,,jansz cr escent,brentwood vlge,broadmeadows,2486,,19350219,7539077,MHUFP0979N,+91 9274239522
rec-524-dup-0,whiet,ethgn,23,chippindallcircuit,keralta,moura,4152,wa,19411106,9247028,SLYRP5490W,+91 9019906768
rec-2678-dup-0,cooper,hamjmer,20,egglestoncrescent,,bunbury,4709,qld,19680910,7753471,SJL0P6036Z,(853) 184-8742
rec-2998-dup-0,chevonne,purser,5,mayo street,tumbeeluwa,sussex inlet,6210,qld,19461220,5908335,HLCDP3516U,+91 7154066354
rec-4477-dup-0,blae,ryan,5,,town & countr ycaravn park,bundabetg north,2484,nsw,19850601,6826301,BXVIP8360T,90097-68822
rec-2654-dup-0,bailey,lu-bow,,barrallie rstreet,rosk hill,gaioes,5576,vic,19530922,2252430,JDIEP5083G,+916872690656
rec-1565-dup-0,anthsony,bansgrove,1,falkiner place,bowse r,burwood,7249,vic,19400611,5970749,UHUPP0874G,07906716060
rec-3170-dup-0,skye,heenan,9,hadleighcircuit,nunkeri,blue haven,3072,vic,19911002,3918522,XCXJP9322T,+918499029838
rec-4397-dup-0,emet,reichardt,15,hansen cjircuit,kellhaven,camden,3350,vic,19470716,9713002,UUHDP8026K,+918841239658
rec-1265-dup-0,olivia,girdler,242,joynerplace,,annandale,2422,qld,19840812,1413325,BIBTP9176H,82297-37123
rec-2256-dup-0,delaney,majetic,3,weavell place,tilbrogk,,7018,tas,19180423,7613275,YSGZP1370D,07943434949
rec-1373-dup-0,talyah,mccarthy,8,cartercrescent,eldamead,springwood,2170,nsw,19210913,4421495,OYKYP8419K,86905-57991
rec-4998-dup-0,alicia,fergus,67,gidabal street,felb rig,wialki north,2251,sa,19971215,9245698,DSTAP2580E,+91 9027534444
rec-672-dup-0,sophie,rivera,9,burkitt street,lake chastworth,sheidow park,2089,qld,19830203,1376770,RFNKP0837M,96673-52827
rec-3520-dup-0,alyssa,arits,82,mceachern crescent,willerz,cabramatta,3064,qld,19220615,9906451,NYDFP2538V,+91 8321372471
rec-3133-dup-0,caitiln,mitton,6,arthur circle,,sale,3182,vic,19260517,4276696,FSFWP4812A,+919845548568
rec-4743-dup-0,menzies,benjamin,3,bangalay crescent,gowrie,toowong,2903,nsw,19570601,5363153,DCSEP7827T,(720) 189-0264
rec-716-dup-0,hannah,birkin,7,tregear close,highfields spceialist centre,port macquarie,6065,nsw,19140127,3152369,CHHHP9271T,+91 9646681534
rec-1137-dup-0,chloe,mac onochie,6,temperley street,kerradan,andergrove,2326,sa,19440717,6618917,QAJEP3083Z,87494-86009
rec-4354-dup-0,simon,clarke,21,verdonstsreet,antanoff' south,warracknabeal,2777,vic,19630730,1009287,WATUP7687C,(817) 606-4848
rec-1838-dup-0,thomas,rielly,47,norman fish er circuit,cressbr ook,valley view,4211,nsw,19720118,6802659,YLUMP9573Z,
rec-917-dup-0,carly,georgetti,155,lockyer street,langi,rowviille,2087,qld,19740602,7008776,XBCDP1519D,+91 9130187580
rec-2717-dup-0,abbey,coleman,26,ebenezer street,the lodge,toprak,2540,nsw,19100116,5514906,TFROP5496S,9102373350
rec-588-dup-0,sang,nguyen,119,gibbs pace,,bayswater,2154,vic,19000624,2842614,OBJFP2503O,+919698092308
rec-2991-dup-0,aidn,maynard,21,mcclure street,,bellevue hill,2021,nsw,19960105,3310706,ECYJP3635R,(806) 585-8701
rec-958-dup-0,jye,humphreys,25,alma close,tyron ehills,berala,6075,vic,19670801,9902860,MIPLP8937X,+919480650788
rec-4658-dup-0,jack,danbty,,thompson polace,woorabinda,norwood,2340,vic,19991118,1030908,ZBOMP9990B,97757-58659
rec-3164-dup-0,william,markellos,13,hartog street,homeosod,mansfield,3029,qld,19770717,1866346,OJZMP4661S,06984916354
rec-4761-dup-0,matthew,sarah,58,candlebark close,mt callan,acacia ridge,5253,vic,19341010,2053693,GNEAP73I4P,+91 9203084819
rec-3431-dup-0,harr,rollins,22,antill street,valbella,mount isa,3142,wa,19240905,5927194,NJCZP5217E,(896) 091-7201
rec-847-dup-0,riley,spicer,124,mclachlan crescent,,boort,2508,nsw,19941213,3182778,IXYBP9248L,9381059063
rec-1349-dup-0,lachlan,boothroyd,101,elkington street,witsend,waterloo,6085,sk,19600904,5764782,KFHAP3771R,+918257360852
rec-4693-dup-0,white,arc hie,19,kernot sgreet,ingevl ae,corndalw,2260,sa,19560508,5801177,QSOAP0644E,+918846981210
rec-1864-dup-0,ruby,donalsdon,42,,glenbrook orchard,appin,2035,tas,19141014,3742981,PEXMP1538B,+91 6917401221
rec-3328-dup-0,,koteschel,193,mayne steet,grek oaks,swan view,4305,vic,19430808,1393004,RVSTP1694W,+916150257855
rec-3800-dup-0,gawthrop,catherine,16,westbury crcuit,black sna ke creek,arundel,3162,qld,19151003,9134417,SDPIP6529G,08047180079
rec-2605-dup-0,jennions,olivter,4,o'shanassy street,rye park,glenmore park,3555,nsw,19500316,1498603,SDIDP7344N,8199355452
rec-4755-dup-0,,mcniell,33,crozier crcuit,legacy units,yambk,6166,nsw,19460824,7072281,TQVXP0413T,71107-85968
rec-4254-dup-0,noah,verner,150,macquarei street,jarroo,murrumbqteman,3150,nsq,19500227,8469038,AGKLP9755P,+91 8365060426
rec-3608-dup-0,jessica,winfield,47,fullagar crescent,shopping centre,taylors bay,4031,sa,19761107,2938526,BIUUP3900V,(742) 883-1301
rec-287-dup-0,amber,hand,64,burnside street,cordial afctory,limeburnerscreek,2646,vic,19890422,8605183,UPZIP7931S,08640947198
rec-1662-dup-0,kyle,egan,62,rochford street,shamrock vale,yanco,3214,nsw,19490603,2814414,GRFOP5616Q,60661-82895
rec-305-dup-0,timothy,elphixck,28,waratah street,main beach medcial centre,,6096,vic,19391124,3887226,FORSP6105L,(934) 515-9594
rec-516-dup-0,,hulley,,knaggs ceqscent,,elsternwick,2283,wa,19201008,3808150,TGYMP9292V,08025336367
rec-4230-dup-0,jason,fenwickq,5,vincent place,glenearra,morphetyville,3011,qld,19550520,4178650,OXFPP8186U,(980) 079-1566
rec-4821-dup-0,caleb,fitzpagrick,10,laughton stzreet,manor park,thornbury,6258,vic,19040922,3284048,DRLRP6186Q,+919769706147
rec-3371-dup-0,lucy,alddrson,4,temperley street,camelot est,rosslea,2159,nsw,19380411,1125271,VLJSP4270E,09516730438
rec-3062-dup-0,fai th,lavender,1,shepherd street,,st clpir,3058,nsw,19140623,2694419,ICEDP2193E,(860) 222-5917
rec-3768-dup-0,lachan,,83,,croyfon,broulee,2181,nsw,19960701,7082968,,+91 6254291821
rec-3993-dup-0,ruby,wraiht,20,luehmann street,mt pleo sant,tongala,2640,nsw,19090322,9034954,XQTLP7777S,61056-43172
rec-1174-dup-0,lilfy,browne,1,spring rsne road,,someret,2024,qld,19990812,1727298,YSD1P4920L,7864902335
rec-4188-dup-0,anrdew,masoh,12,starling place,brentwood vlge,rosewater,5086,nsw,19321115,1878301,GUZEP4374K,(964) 262-6596
rec-4102-dup-0,joshua,donaldson,19,macfarland crescent,boonawah,belmont,2615,qld,,9586561,UOFPP8000O,(957) 220-2600
rec-3579-dup-0,scriplps,megan,40,karawatha place,,bonnells bay,2761,sa,19970108,7573986,XDLEP8601P,08968004911
rec-4849-dup-0,hol ly,campbell,4,syme crescent,ahwahmee,hamilton,4868,nsw,19160516,7267433,,(690) 772-1735
rec-2749-dup-0,,priest,41,fink crescent,nioka,broken hill,2340,nsw,19060617,7169908,ZXNUP8926Q,+918580351606
rec-4011-dup-0,james,dixon,68,fanningx place,regal oaks retirement vlge,marsden,4300,qld,19750913,8198316,HXZXP4190I,
rec-3113-dup-0,liam,pascoe,311,tillyadr drive,lindenleigh,hamilton,4030,nsw,19960928,2933911,CPFOP1422A,
rec-4614-dup-0,nicholas,bruinewoud,335,shakespeare rescent,marandyvale,kareela,2577,nsw,19621123,5768862,FDFVP3958P,+91 8721591456
rec-1682-dup-0,kiara,starega,29,knoke avenue,llen nomis,southern cnoss,4615,nsw,19541115,5126468,WEZAP6283W,8438065694
rec-1023-dup-0,harry,mason,42,jabanungga avenue,crown reserve,ryde,4490,wa,19650607,8822165,EEKBP3201P,6844438701
rec-4501-dup-0,xani,caruana,3,ordell street,lachlan view,wynyard,2170,qld,19840619,2057736,CYAYP9957Y,99636-89967
rec-1703-dup-0,jett,wihte,72,marshall street,,greenacre,3500,wa,19141102,4115932,ICSWP9146H,90501-63107
rec-2017-dup-0,george,jordan,114,rapanea arteet,peechsblela,maryborough,4123,vic,19951020,4523010,GQBXP0333S,93679-70020
rec-2572-dup-0,,dudgeon,11,cockcroft avenue,manor park,joondalup,3040,nsw,19740328,7423497,CPJXP5022S,+919771999071
rec-2726-dup-0,charlie,thorpe,10,edmanvclose,kandahar,bull creek,2066,vid,19620923,4837521,IREMP7870J,+919932497957
rec-815-dup-0,holyl,campbell,21,casey crescent,,westmead,4573,qld,19911007,4424335,VLHOP4869I,+918084397857
rec-619-dup-0,harrison,burford,25,paul coe criescent,earl haven,ashgrove,6028,qld,19160131,4722591,AJCUP8115V,8434314568
rec-3179-dup-0,edwafd,marshman,852,cambridge street,bobblegigbie,cabramatta,3201,wa,19521111,5673646,JRJHP9035W,(647) 633-7590
rec-4101-dup-0,daniel,ballantyne,137,howitt street,timberscombe,noble patk,4014,qle,19601102,3529680,BHUSP0258Y,+917166670426
rec-3975-dup-0,,sheprherd,,torrensstreet,south macroom,rose bay,3085,nt,19011229,5190083,UTLIP7524J,(896) 320-8006
rec-868-dup-0,lews,hursdy,6,mawson drive,yengola,,4221,vic,19080210,6791213,KURGP7944H,+916954579590
rec-1489-dup-0,matthw,brock,18,longworth place,never die,oaklands park,2092,nsw,19500905,5036231,HGUJP2861O,89376-35664
rec-4298-dup-0,mitchell,wheatley,53,emblingqstreet,,mongarlowe,2795,qld,19641102,3016745,PNSSP5591V,+91 7339046106
rec-4115-dup-0,simmonds,jaek,37,castley xircuit,lydnilan,mansfield,6027,nsw,19110310,6453549,VJDTPF213Z,09636794023
rec-3728-dup-0,vincent,colthorpe,34,masters place,caravn park,campsie,2325,vic,19490729,7434022,AJICP5456J,+917653679690
rec-3294-dup-0,shane,clayfon,4,topp place,north nowra shopping centre,gunaldaa,2257,vic,19300311,7717125,DNFZP0635M,
rec-3772-dup-0,isabella,lail,20,glover serteet,,nicholls,2251,qld,19770924,8701819,,73269-85416
rec-959-dup-0,zac,,18,kambalda crescent,mckinnon glen,east mailand,4500,sa,19970725,2709860,KLRBP6159L,(700) 142-1040
rec-3019-dup-0,blaye,browne,1,gossestreet,,cape paterson,4251,vic,19210917,7165012,GMGWP7160M,71894-90698
rec-1736-dup-0,jye,dearing,201,matcham place,currimundq garden,bundaberg,5520,qld,19940616,7183071,,76280-25394
rec-2681-dup-0,lucy,van de maele,17,rutledgelplace,mater professional centre,port lincoln,2304,vic,19770324,4274192,VWAFP2357N,+91 6200738617
rec-1031-dup-0,ben,chorny,16,mcquade close,our folly,bonnyirgg,4120,qld,19481025,3512659,WXPSP3407C,+91 6066825137
rec-1862-dup-0,brydon,macgowan,14,jaeger circuit,glenview,,7262,,19130615,8190321,CQPBP6830G,+918294737956
rec-3339-dup-0,katharine,white,10,kirkwood crescent,glenpp,wahroonga,4670,wa,19130608,7824077,TEQJP3344H,64022-70795
rec-4368-dup-0,jacob,plumb,43,blackman crescent,torrimgton,gosford east,6164,nsw,19320606,9898855,JAHUP3936E,09822298682
rec-4002-dup-0,zara,,27,o'conno rc ircuit,fm226,horsley,2256,nsw,19730628,8230398,QTBWP9507L,+917637570396
rec-4616-dup-0,joshua,green,32,kingscote rescent,retirement village,koro ra,2617,vic,19351228,4876691,DVRPP4938K,81271-42909
rec-4948-dup-0,connor,paine,55,templestowe avenue,roclea,regents park,2065,wa,19740164,3880965,OIIDP7381O,+91 9102374552
rec-4586-dup-0,,webb,168,booroondara street,the willows,lakes entrance,3179,vic,19911219,6504336,TLDMP4093B,07441086700
rec-21-dup-0,abbey,hoffman,6,colmer street,rosetta jfillage,keilor,4285,nsw,19070925,4455111,WJVXP4583V,09186190556
rec-1117-dup-0,nicholas,mcfadden,11,coplandrive,lithgowvale,griffin,3556,qld,19020330,6563324,OBJWP1607S,8977479924
rec-1452-dup-0,samuel,quilty,19,,,sherwooh,3121,qld,19820317,9211278,,
rec-4229-dup-0,harley,kreymborg,160,spinifex street,laurietonhvn ret,holsworthy,4630,act,19550403,8066192,ZXZHP3489B,7997639226
rec-1656-dup-0,pino,matthews,65,blamey crescent,wilderness,hexhim,5253,vic,19010717,6537217,,91057-12292
rec-26-dup-0,rhys,campbdll,37,brentwood village,uptonsttreet,woollahra,3355,wa,19990213,2201146,WABBP9676L,6160390442
rec-2511-dup-0,wi l,araya,57,sandover circuit,,belmont,4220,wa,19770709,9179475,XRVYP1215O,07085972036
rec-4266-dup-0,christopher,george,12,hopetoun circuit,brookavle,mayfield,6016,nsw,19741228,2025503,HVOEP3036T,63072-00764
rec-4111-dup-0,emiily,campbell,8,cowan steret,plantation caravn park,caisno,2113,qld,19531029,3909212,MVCXP7117R,+91 7890071909
rec-2124-dup-0,isabwlla,petrikowski,4,mcbryde crescent,beaumont hills,loganlea,4034,nsw,19750509,2493367,USZGP3086E,9426391023
rec-900-dup-0,kyle,felmingham,7,cassinia street,marella,kingston,3936,nsw,19121120,1300375,FWNGP1339R,09457990035
rec-2444-dup-0,hannah,povey,81,hooke lpace,gleneriffe,sylvaria,3051,wa,19870509,4598128,OTSFP5812E,(658) 207-0604
rec-4687-dup-0,samantha,papoutsis,21,titheradge place,st francisv illage,wyoming,3300,vic,19260627,7785823,IUHMP3725Y,(856) 966-3952
rec-494-dup-0,,gibb,59,weavell place,st vincents hospital,tawonga south,2119,nsw,19490606,8704563,BTEDP4016P,(752) 164-7045
rec-3667-dup-0,alicia,lenartowicz,47,jane price crescent,kildrummie,clovwrdale,3056,vic,19291029,2790792,XOPUP2749T,+91 8913764611
rec-3270-dup-0,,mccarthy,313,biggs place,john flynn medical centre,highett,5086,nsw,19431221,1133389,CYQAP1826V,93065-22384
rec-2585-dup-0,harvey,white,132,twelve trees crescent,dargam,reynella,3089,vic,,7501852,GEQSP2582R,+918217474132
rec-339-dup-0,kontopoylos,samuel,11,bamir square,pleasant view,carnegie,3639,vic,19870312,9712523,FCURP2699N,06558853151
rec-1151-dup-0,courtney,dabinet,240,feathertopstreet,barley hill,tardun,2646,qld,19910105,5257049,HFOTP0921O,7218308414
rec-1255-dup-0,stella,rogan,22,wattle street,flr 5 john flynnm edical centre,strathalbyn,2289,qld,19690311,1379241,CHEEP4519H,(641) 743-2171
rec-1126-dup-0,ly dia,mcglinn,42,federal highway,bessboro,noble park,4626,,19840629,1700034,ORFVP7575I,+91 9926192513
rec-3587-dup-0,emiily,white,1,marou place,,marsden,3412,vic,19510901,6646759,KNNIP1888J,60284-74372
rec-3246-dup-0,isabelle,mccathty,3,nullagineystreet,pangani,scarborough,0864,sa,19660628,6386847,HQVFP1031B,08301912665
rec-264-dup-0,jessica,painton,92,gallagher street,berkeley lvge,north bondi,7440,nsw,19430327,2751175,WDLSP4469Z,06587547751
rec-440-dup-0,james,weidenhoffer,52,bellchambers crescent,paddy's r iver,,3337,qld,19130401,4232347,VXWLP33F8H,08351349409
rec-4048-dup-0,lewis,dorsey,50,,deltroit station,woy woy,2650,vic,,5250955,BFRVP9143V,+918876175088
rec-1811-dup-0,jack,campbell,11,albermarld place,sec1,san remo,2134,tas,19291016,2920956,RVSTP0171Y,
rec-3966-dup-0,james,truman,4,shirra close,red hils,wallsgend,4212,act,19740918,9244854,LJMXP9326V,+91 6826886750
rec-400-dup-0,emiily,paie,26,bussell crescent,koo,karraha,3977,vic,19750805,7519967,HRYOP6101Y,88347-44953
rec-3670-dup-0,blake,mayeor,5,freda gibson circuit,willaro o,erskine,2214,vic,19080705,6979379,GJKDP6744E,(942) 506-0140
rec-1034-dup-0,briony,dudley,6,goodwin street,ctge 2 5,allwaah,3128,vic,,2103478,TRZYP2630O,9581553606
rec-1317-dup-0,laura,,82,polynesiane village,doyle terrace,stretton,3103,nsw,19200221,1808199,LLOPP4417U,6884086909
rec-4858-dup-0,joshua,quinzi,15,bagster place,arabian stud kelkette park,edgecliff,4670,vic,19338008,4918400,NHHEP6475N,+917638762331
rec-4575-dup-0,jordan,rosla,99,dobson street,ben nevis estate,berwick,2145,qld,19180519,4793062,PHJXP8038O,06451271403
rec-3639-dup-0,taylah,weller,10,eaglemont retreat,kalang,point vernon,2066,nsw,19111122,4433270,YQQRP7480R,+91 9895057591
rec-3169-dup-0,madison,mcgregor,,godfrey street,springdale,mount plrasant,2049,wa,19230420,2493506,RIYVP8463R,
rec-2907-dup-0,tiarna,cannell,685,deacon close,,fishingupoint,2287,wa,19020305,6547713,QTWRP1613O,+91 7964098170
rec-525-dup-0,emiily,lock,14,collins place,pipersgriver,oakleigh,6064,nsw,19350628,6850395,THLDP1328T,06334850148
rec-2355-dup-0,luke,rollins,360,hickenbotham street,,arundel,2221,qld,19240109,6938121,KJZKP5403R,70226-92760
rec-1415-dup-0,amber,braunack,28,alchemy,fingleton crescent,campsie,2508,act,19420513,7964228,VKNDP9701J,9063767720
rec-3341-dup-0,rile,grubvb,377,abercrombie circuit,lapstone,burwood,6338,vic,19040327,2728665,OTCNP6564U,08804122590
rec-1958-dup-0,emiily,gruener,34,jarma nplace,girrahween homestead,kaloraa,3003,vic,19780128,4299404,BSQOP8002U,77507-29531
rec-3949-dup-0,de lac ruz,belinda,7,carumbi place,eddington,charlestown,2460,vic,19020217,6051352,HQAOP7434T,+91 8888230196
rec-241-dup-0,chloe,dunnicilff,10,fraser plvce,walkaboutoalms,belgrave,4211,nsw,,9683634,VDCQP7256E,08210296641
rec-1902-dup-0,andrew,dunsltone,2,hodgson crescent,homevale,nambour,2121,nsw,19230326,6824936,WHNDP6287Y,08906187129
rec-934-dup-0,george,lavender,851,earle place,kilmore,elizabetg park,4068,wa,19011207,3461164,GQOMP3666J,60911-78875
rec-1386-dup-0,hayley,carmodxy,5,duiganstreet,aberglasslyn cottage,eme rald,2321,act,19611012,1756595,XYUIP6766K,09821234728
rec-4594-dup-0,matilda,bissett,185,gunduluplace,bandaroo,taree,5044,wa,19830319,5260083,,9449940608
rec-3234-dup-0,jessixca,ryan,3,stonehaven crescent,eaglevoiew,edgecliff,6016,nsw,19570904,2097814,KZDKP5349D,07060275032
rec-2967-dup-0,emiily,clarke,5,john russell circuit,,canley ehights,5032,wa,19760608,4952094,TOHOP7864U,66316-50803
rec-1130-dup-0,madeline,spicer,6,meyrick rplace,the mews royal hotel bldg,marks point,3196,nsw,19430521,1722390,YRLHP3078L,(851) 641-2368
rec-2557-dup-0,annabelle,conzens,27,mcluckie crescent,earle haven retirement village,,0870,vic,19250508,9397671,FDWFP8137B,+91 6746914509
rec-4949-dup-0,brianna,blackwell,20,john russdll circuit,yarrandoo,cremorne,3192,nsw,19430515,6543804,MVQVP7191B,7102282365
rec-931-dup-0,matthew,goldsworthy,5,karuah s treet,,williamstown,5554,wa,19771013,5645462,,+91 9128672289
rec-1618-dup-0,thomaus,campbell,35,lethbridge street,scenic lodge,paddington,2450,nsw,19610710,5974512,TVSEP2551X,97258-68590
rec-2677-dup-0,hayden,cartmel,11,elvire place,,allawah,2404,qld,19620629,2718027,WRPRP8774P,+91 9399708004
rec-4426-dup-0,bailee,dooley,24,balfour crescent,baybrleze,bowral,3152,vic,19140520,5906249,HSKOP2614I,+919912626675
rec-3766-dup-0,teaha,lowe,3,rosetta village,crocker place,colig c,3058,vic,19411021,1890695,DWZMP8242O,+91 8977434612
rec-1513-dup-0,madeline,adiar,2,allman circuit,robboview,balwyn north,6006,vic,19410309,7581364,JZHMP7150J,+91 8284138455
rec-1118-dup-0,tai,saunders'wise,40,bugden avenue,grand c entral,crsesy,4027,nsw,19310719,4524499,FKENP4900T,61072-14567
rec-4525-dup-0,hayley,bloomfield,58,jondol place,,plumpton,5725,qld,19310515,2689302,ODSTP9612L,+91 9794647057
rec-1835-dup-0,nikiga,bzeuch,10,boddington crescent,holiday vlge,mcdowall,3020,nsw,19460615,3999407,RAPIP3369U,66943-24777
rec-4844-dup-0,alessandra,mcneikl,364,kelleway avenue,bodyworks healing centre,broken hill,2763,qld,,5866707,GQSYP2462T,06107970754
rec-4827-dup-0,emma,maynard,18,chillagoe s treet,little springhurst,lower mitcham,4051,vic,19931210,8245281,QIZKP0462W,(699) 082-9503
rec-4013-dup-0,,haren,14,finlayson place,colloca vale,mooroolbark,7050,vic,19180426,5885583,,6556755030
rec-953-dup-0,charlotte,heuston,92,wayal place,memorial hospital,cremorhe,2619,vic,19970428,9940785,IYOKP8182O,+91 8137923929
rec-2899-dup-0,elli,trowse,3,bellingham crescent,villa 3,islington,2650,vic,19220705,1676559,QGGPP2424L,(919) 387-1019
rec-2135-dup-0,ethan,,1,masonic bi ks place,ridgebdook,aspendale gardens,2069,wa,19520318,8666305,,8135386448
rec-3497-dup-0,thomas,manson,22,birbvi place,karsul,frankston,6532,nsw,19160504,3670653,VKGIP3644R,+91 9517571487
rec-3851-dup-0,jariui,blackeell,211,igera place,amberavle,mentone,2519,wa,19060228,2309849,IBFPP0090J,+919486344873
rec-2784-dup-0,tiffany,van der hoek,4,holt place,learmont,kirribilli,0801,sa,19980630,3179832,MOXHP2157U,8761953096
rec-3453-dup-0,jasper,ryan,36,,karbar station,blacktown,2480,vic,19331202,5561624,IBUOP4381D,(993) 105-9983
rec-396-dup-0,nell,campbell,4,stroud p lace,st pauls court,lindfield,6011,vic,19170614,5659846,NNKQP5611Z,6238361496
rec-4356-dup-0,jack,dunnicliff,63,tristania street,legacy vlge,sale,2248,vic,19760618,8513207,CHAQP5448I,63898-81982
rec-4768-dup-0,caitlin,,24,eyre street,retirement village,worongary,2830,nsw,19420102,1257356,FORKP2523V,+91 8426580072
rec-4676-dup-0,joshua,coffey,2,blueberry street,yalgoroa,shell ove,2052,wa,19240713,9217500,SGMSP1100S,+91 9464214688
rec-3447-dup-0,calbe,rauseo,1,mcshaneiplace,,sanctuary point,3044,nsw,19440927,3969191,XXORP6737O,9574729893
rec-519-dup-0,joshua,baillei,8,de baun crescent,,bonython,2173,qld,19650415,6504350,YVCZP8011S,06417159498
rec-4352-dup-0,julia,webb,86,english court,benachie,south grafton,4740,nsw,19700225,1679591,VLNLP0487M,(887) 503-0990
rec-2529-dup-0,amy,blake,351,prevost place,warramjnda,hammondivlle,4422,nws,19920715,6686050,FCQNP7662U,08481266261
rec-4589-dup-0,liyl,mccaffrey,166,john cleland crescent,kirkdale,port pirie,4870,vic,19260727,8711730,OFQRP0161Y,06470964337
rec-1517-dup-0,ruby,reid,6,templemore,tanumbirink street,bundaberg,3134,qld,19490517,4966992,WDSZP3028F,06985501710
rec-1065-dup-0,zachary,jevons,79,pankhurst crescent,old a frm,oyster bay,4123,nsw,19020103,9596699,HUXOP7898D,(788) 277-4590
rec-4584-dup-0,joshua,gsohl,38,charteris crescent,locn 3719,sandy bay,4701,qld,19210912,4250931,GRVSP0549Q,86336-13845
rec-2123-dup-0,reece,bryce,113,gravse place,mt forjr est,kelmscltt,5088,vic,19301007,4462693,JDIPP4916N,+91 9966266009
rec-140-dup-0,thomaks,bullock,5,mccawle y street,yarrabin,oakleigh,2448,nsw,19260922,2517453,CXQOP9224I,+918757937781
rec-2629-dup-0,abby,compton,10,batman street,mannafields farm,moun t isa,6021,nsw,19780508,7062701,JUSPP4437Z,+918602766953
rec-1129-dup-0,andrew,ranine,84,beau-lieu,boddington crescent,connolly,3643,qld,19311116,2128049,TOWEP9731O,09171854415
rec-513-dup-0,iren,hudyd,41,diggles street,st francis village,park holme,2603,vic,19160630,7026823,DAKYP4426T,(803) 957-1698
rec-1708-dup-0,talia,mccarhy,,bournestmreet,locn 3439,deer park,3198,nsw,19730822,7901066,VDTGP7081I,8939985015
rec-713-dup-0,alison,feeney,13,loban court,the mews roya lhotel bldg,barabba,6264,nsw,19280604,1316297,LEJTP3228P,(821) 790-2918
rec-4925-dup-0,isaac,riddell,20,ern florene crescent,villa 147 henry kendall bayside,concor west,5042,nsw,19210805,7044649,ETFYP8254C,
rec-3946-dup-0,samanetha,garnett,10,furey steet,raworth cottage medical practice,wallacia,2530,sa,19210919,2074453,IYRAP1553S,(764) 205-4515
rec-3699-dup-0,julia,velzeboer,796,ewart street,,hackham west,5054,tas,19930613,2222450,KXPPP1333X,(683) 829-3580
rec-29-dup-0,kylee,kincaid,16,eucumbene drive,,sunshine,2232,qld,,4662381,HYEWP4087U,07605441026
rec-1791-dup-0,joshua,red,416,mcburney rescent,karingal farm,bayswater north,2165,vic,19160311,3652623,AMNAP8439A,63608-85993
rec-2850-dup-0,rupet,browne,144,sturdee crescent,lingdale,greensborough,3272,qld,19981026,5706098,WBQHP3076F,(660) 421-9415
rec-512-dup-0,campbell,colquhvoun,134,healy sjtreet,lakeview car avn park,greenfield park,3186,vic,19490831,1130272,PZSXP4462Z,08564383752
rec-4461-dup-0,marleigh,miell,20,spring ragne road,tulloch,peakhurst,4226,vic,19931025,4689620,VIJAP1242Q,(770) 956-8501
rec-1659-dup-0,holly,glennon,8,ballumbir street,summefvale,glengowrie,4124,wa,19490518,6635323,CPJNP5452P,6002837027
rec-4400-dup-0,yasmin,white,33,body place,st annes zest home,koo wee rup,7249,nsw,,8632908,HXJPP3536J,+91 7334355678
rec-3842-dup-0,bailey,roceh,10,orkney pcae,portal cnr hives,emera ld,5044,nsw,19710505,4461398,GQRRP4842G,6000979387
rec-2842-dup-0,jaems,hefford,59,tuckett place,,west wollongong,2228,nsw,19591227,4834804,VXXNP4344T,(611) 855-7882
rec-2085-dup-0,isabella,matthews,48,,corporate house,armidale,6061,qld,19060809,1255415,KMDQP1575A,+917534170327
rec-3267-dup-0,,pai nter,60,cockle street,tantillon,casula,3064,nsw,19181001,4954628,ELMUP1656Z,+917932975301
rec-796-dup-0,jayme,heenban,,,fernlea,lakes entrance,5120,wa,19860621,4096585,YEEHP1868A,09189546484
rec-2599-dup-0,sidonie,trenery,146,jerrabomb erra avenue,lindoran,ashfield,2766,nsw,19150107,9307008,JLYQP3656P,80718-63843
rec-3820-dup-0,anita,kalma,10,eugenia s treet,tantlalon,karalee,5076,qld,19780922,1975087,YCUKP0261F,08513548448
rec-3304-dup-0,adam,coulls,41,tiwi place,ettrick,yacknadandah,3116,qld,19650328,1748977,LUICP6483T,+917356393695
rec-4007-dup-0,rachel,campbell,48,dutton sitreet,the wiklows,wendouree,3129,nsw,19710314,6934561,ESAMP3866Q,(999) 751-0261
rec-1190-dup-0,tschirn,kale,100,garaheh,waldockstreet,bayswater,3350,vic,,6637214,,06107354033
rec-262-dup-0,jaek,soden,3,hardwicie place,orange specialist m edical centre,bligh park,2852,nsw,19461110,4287888,ZLMHP8521O,8832600822
rec-3726-dup-0,kedley,slape,10,arthaldo court,glenor e grove,kogarah,6012,nsw,19301222,9981980,PZJFP2254D,+918776367955
rec-3801-dup-0,sophie,hage,18,riley clwose,rocklea,seaforvh,3215,nsw,19771204,9725410,ZRLJP9017N,62139-42697
rec-1395-dup-0,grace,okubo,7,reynolds street,corinesla,greenac res,0812,nsw,19210907,3936339,LJPJP0871S,+918172842800
rec-3405-dup-0,kane,graihner,15,may maxwell crescent,meadowvale village,dungarubba,2281,vic,19390811,6671921,TEAHP0520Q,7594204430
rec-3494-dup-0,william,redington,107,white rock,postle tircuit,nowra,4044,sa,19840716,3386603,JYPUP5813T,+91 8373962971
rec-463-dup-0,molly,slape,23,currie crescent,dickson family practice,glenwod,2777,wa,19530127,6905342,DTHCP0774A,07053887473
rec-207-dup-0,isabelle,huxley,42,rosenthal street,antigua,hocking,3824,qld,19820920,3356088,RCEBP2837D,+91 6016389273
rec-1926-dup-0,alisza,cappelluti,,lightfoot crescent,brampton,seymoru,6084,wa,19160523,5168724,KGFLP1321M,+917338568117
rec-1550-dup-0,livia,miles,15,stewart cerscent,rosetta village,thornbury,3851,act,19760903,9683666,PCTLP2788Z,8927224653
rec-4022-dup-0,phoebe,sedgwick,24,hobby place,st francis vlge,cabramatts west,2600,nsw,19470817,3134424,OKBGP7813I,+919743379220
rec-192-dup-0,ryley,marzec,7,murrellplace,,orange,3939,nsw,19850421,5740778,XAKVP6151G,07907939602
rec-1967-dup-0,,kempton,22,walton street,henry kendall bayside,vale park,2205,sa,19330113,3037416,XFSPP1687X,+918089437627
rec-349-dup-0,isabelle,burford,3,bendigo street,shady creek,warrandyte,4217,wa,19050504,8427851,LHIWP9207M,94808-62905
rec-1348-dup-0,kerslake,benjamin,6,mcdonnel lclose,bethany,chester hill,2199,nsw,19571214,3250168,ITNQP6947O,+91 6784023872
rec-3811-dup-0,yasmin,george,9,crisp cixrcuit,abbotsley cottage,keilor lodge,3023,vic,19290223,5237340,MMBVP6620M,7162349091
rec-238-dup-0,,nevin,36,creswiick place,penny lane shopping centre,colonel light gardens,3169,qld,19840223,8258349,DSHGP5638Z,+919337943201
rec-992-dup-0,mcgregor,nikita,1,cooranlga,sherwood ircuit,frankston,3892,sa,19250127,9742298,DSJIP7210T,+918685561683
rec-3823-dup-0,caitlin,teren,47,fullagar crescent,houngank,broadmeadows,2370,vic,19740828,3463191,KSPDP3385Q,08043591277
rec-3076-dup-0,xain,andrae,20,wade street,mynoa,tahmoor,2105,vic,19450312,4709521,TAMPP6655V,+91 8431859263
rec-4777-dup-0,amy,steniert,20,werriwa cqrescent,kangaroo grnd,hillston,5251,nsw,19930209,7428687,ATQCP6381H,9771998030
rec-2890-dup-0,kiana,lenzi,35,bugden avenue,the maadxows,goodooga,2075,,19110824,6557448,HPVRP7011C,8910527402
rec-2950-dup-0,cade,newport,,britten-jeneds drive,the prk,warnbro,2266,qld,,2081552,UJXHP5450X,69226-11004
rec-1271-dup-0,charlie,zimmermnn,68,tebbutt place,nuffield village,carnegie,3140,vic,19681220,2564958,,09155710862
rec-534-dup-0,rilye,son,11,duffy street,toora,,2486,nsw,19851219,8480884,UYBKP4892M,09339110430
rec-2402-dup-0,makenzi,boase,29,box hill avenue,,oak flsts,2036,sa,19770104,4259426,UZYEP0687L,+91 6753575965
rec-131-dup-0,josua,beatton,118,,kimb e,bundaberg,2171,sa,19090913,2110769,IHOTP8634J,86429-13018
rec-4881-dup-0,nguyen,alexandra,44,colebatch place,langley flats,freshwater,3242,nsw,19511004,6416159,,70109-00587
rec-1661-dup-0,bianca,clarke,59,florencetaylor street,circlec ourt,chittaway point,2330,vic,19400401,6129111,XMFXP1215L,+91 7424629932
rec-1147-dup-0,michal,boyle,3,riverstreet,,lakemba,2611,vic,19091217,2387415,RYZKP4650V,(837) 430-3345
rec-1509-dup-0,ben,white,466,louisloder street,parry hse,wake ley,6163,qld,19670921,9376814,PVKVP6341M,69930-69866
rec-343-dup-0,steaven,green,9,duigan place,dunbarh ei ghts,pennant hills,7010,qld,19760329,8403741,VCBYP7249U,+919968956149
rec-2578-dup-0,josua,chandler,113,companio n crescent,parkdals lodge,cleveland,3556,vic,19030124,5666451,UWYFP0615M,06421470163
rec-2542-dup-0,harley,webb,6,brownless street,willow l ldge,harbord,2905,qld,19760709,5012250,PEOBP6111L,89479-81503
rec-4829-dup-0,smallacombe,flynn,62,bimberi crescent,marlin c ove,taylors beach,2171,qld,19330907,3577473,SMARP2492C,+917592498192
rec-2119-dup-0,oakleign,shepherd,106,rosewood place,allanvale,dalby,2259,vic,19480913,9643705,JGCNP7843L,06671048756
rec-1528-dup-0,,muthdkuda,11,waratahkstreet,keira,thornlie,0820,vic,19890328,5670243,LPAMP2046X,07278928178
rec-3640-dup-0,,white,1,bugden avenue,belvoir,mona fale,2282,vic,19870412,9595240,UYLSP8390M,09886369595
rec-2828-dup-0,dylyan,pinhiro,7,canopus crescent,strabane,birkdale,5050,nsw,19131214,2918000,WEXSP9712H,8245352949
rec-1729-dup-0,thred gold,hayden,7,callaway crescent,danric lodge,keilor park,2365,nsw,19730416,5433941,FCSVP8506B,08800326736
rec-4441-dup-0,deakin,michelmore,,percivao street,west aerodrome,kyogle,2540,vic,19911030,6770823,WWBUP3262H,07689133234
rec-4688-dup-0,jamie,,124,kosciusko svenue,,springhood,3142,nsw,19891008,3390421,TVYPP0180J,+919201362069
rec-1877-dup-0,ka,reid,114,lipscomb place,karingaltxhm,kingjston,4702,lqd,19160621,4440797,AEUUP0365D,+91 6263927945
rec-3419-dup-0,hayden,rushyb,72,shackletoncircuit,calk mna,murtos,3437,vic,19291001,1731879,QFLKP3439M,(952) 475-9799
rec-1839-dup-0,paris,nguyen,13,forest vi ews,moroak street,cranbourne,2217,qld,19010108,1825355,IMDCP5754R,81876-25401
rec-3702-dup-0,mystique,wisemkan,42,rivett skreet,,dover heights,2615,wa,19290619,3989366,KRMBP7421M,+918080579385
rec-3446-dup-0,aikaterina,pacey,146,chandler street,,meadow creek,3624,vic,19160205,4293148,,(660) 413-5743
rec-302-dup-0,jack,ryah,109,lampard gircuit,bega flats,lennox head,2230,nsw,19690724,4124424,DONGP7693X,+91 8254597292
rec-4848-dup-0,lilly,godfrey,7,discovery street,2/98-latchford barracks,trigg,6019,wa,19030330,7434268,MGIWP5904D,9484016781
rec-3320-dup-0,mia,mihaylov,1,igera palce,glenview,montmorency,7140,nsw,19480330,3359084,ITOLP7B33U,66504-08604
rec-4398-dup-0,,camp,58,dowling sgtreet,executive arcade,farrer,2519,qld,19460723,5604647,LNIFP6265M,+917169607871
rec-3361-dup-0,isabelle,bullock,10,,eden park,henty,2212,nsw,19921028,5801283,TSYHP9628F,09936316206
rec-3821-dup-0,penonell,chloe,3,medleystreet,noolabi,ringwood nxrth,5092,vic,19530710,1249545,XQRAP3313Q,6512372617
rec-1432-dup-0,tarshya,hazell,51,chauvel crcle,,toorak,3073,nsw,19211102,1853367,YYZMP3246V,(745) 630-4489
rec-4661-dup-0,elizz,matthews,37,launceston street,settle downs,carrick,3138,wa,19130330,7623803,IUWGP7923D,07116212984
rec-4074-dup-0,james,fimeri,93,andrews street,,vermont,2918,vic,19230520,2169259,TMAJP6785T,75205-23073
rec-4227-dup-0,emiilh,slorach,21,andrea place,apt 211,kingsford,2574,nws,19841130,4117135,PUJCP5239R,09589647958
rec-2664-dup-0,emiily,thorpe,,booleestreet,gumnut clttage,boondall,5114,vic,19370502,2528591,XLLUP1554C,+91 6128886660
rec-1523-dup-0,chloe,westbrook,3,city walk arcade,sheep station,pallarenda,4210,vic,19590508,9412116,ITVYP7731A,08515688449
rec-1173-dup-0,amy,white,27,doyle terrace,tantallon,duncraig,3810,nsw,19340217,3650130,SOVKP9540V,60449-16663
rec-4805-dup-0,tiahnee,davidu,20,frater crescent,nareen gardens hostel,ottwoay,4218,nsw,19020916,8270473,MVMJP6622H,7316731351
rec-2213-dup-0,matilda,gilley,29,coghlan istreet,vinder lodge,magill,2197,nsw,19790709,5268628,BSWQP0929C,(840) 627-3225
rec-4926-dup-0,haylee,metherell,16,lambrigg street,wachroo,railton,2209,qld,19050614,4025303,NGGNP5975A,82306-34409
rec-3194-dup-0,jarred,rider,,robinsonstreet,,evans head,3123,nsw,19401202,2875179,GWLJP2674Z,09154957318
rec-4950-dup-0,charlotte,petersen,66,sturgeswplace,gerovin val ley ldge,landasle,2217,nsw,19691217,6017558,IPPAP1671M,07629780372
rec-1291-dup-0,tiana,webb,59,spalding stureet,,glenorf,2444,nsw,19270920,6947860,ZUBNP5173S,+91 8866758950
rec-4141-dup-0,courtney,mcgregor,56,dianella street,queens lake village,bassendean,3218,,19830529,5272719,VEVXP0375F,98630-46527
rec-4669-dup-0,brooke,hendricks,34,lake downs super fine merino stud,eucumbene drive,narooam,3179,nsw,19450517,6179346,FXNTP4376X,+91 8983242728
rec-2680-dup-0,gilliab,leon,10,,,elizabeth south,4201,nsw,19660416,2875631,BBNVP7870K,68272-03674
rec-865-dup-0,abbey,paine,55,meehan garden,braebu rn,murray bridge,4390,qld,19080127,3792626,TYPKP1229D,69813-98226
rec-3416-dup-0,garcia,gabrielle,74,kehlhfo,duttoh street,burwood,4311,sa,19081210,2519794,BXHQP0780O,(914) 073-6554
rec-3968-dup-0,charlie,furfari,132,wellington street,balfron station,harbord,3166,,19410505,2381712,BFJYP3490E,(927) 157-6492
rec-2360-dup-0,julia,clarke,84,marconi crescent,hamilton park,whitfield,2642,wa,,2329598,VCMJP4397F,(984) 682-0311
rec-2228-dup-0,william,ziswiler,68,bellchambers crescent,galloway,malvern,2215,vic,19010406,5172369,OUAVP0295X,09582178442
rec-3578-dup-0,jasmine,mariager,21,medley str eet,pine hsill,evans head,4020,nsw,19180202,1051531,BQGXP1708E,73341-67544
rec-1458-dup-0,connor,green,95,warrai place,brindabella specialist centre,padstow,4015,nsw,19500301,5431719,QNPKP3542I,8841260486
rec-2261-dup-0,kylie,seppelt,4,tannerip lace,wearmouth,modbury,4883,qld,19251024,3972479,UPKOP4484Y,08019086516
rec-1782-dup-0,burford,sophie,17,merfield place,legacy units,surat,3144,wa,19321031,6901639,YMFKP1104L,(847) 542-5398
rec-1891-dup-0,lara,snelling,1,bimbiang crescent,the briar patch,toorak,5049,vic,19610916,8479980,QPZMP6557V,91537-42850
rec-253-dup-0,samantha,kerslake,14,howard street,the meadows,keiraville,6167,nsw,,7977658,FAPXP9393A,+91 7055827014
rec-3444-dup-0,tenille,hick,,mcwhae crcuit,trail vview,orange,3128,,19200707,6908407,DRSLP6017I,+917855939966
rec-4056-dup-0,daniel,satterley,5,eugenia street,strathlea,kedron,3056,qld,,7208037,VHAKP8271L,6809924462
rec-2246-dup-0,desi,spargo,114,tenison-woods circuit,kenhra,abbotsford,7261,qle,19800308,9515868,CAJZP6575Y,(764) 268-2055
rec-2300-dup-0,dasilva,georgia,29,trumble street,wilar oo,bayswatre north,3858,vic,19591226,6737283,DWJBP9500S,+918201410332
rec-3764-dup-0,joran,,22,raymond srreet,norillee,newborough,2303,nsw,19440528,2601600,LXVBP5740W,+91 7956182183
rec-1861-dup-0,lucas,corsico,1337,saggerw close,tara park,port macquarie,6155,qld,19730826,9722217,,(614) 664-7421
rec-4562-dup-0,cambell,ryan,23,bradfield xtreet,bolinda vale,brighton,2537,nsw,19700416,7188298,CGDYP6456B,08586558171
rec-3428-dup-0,ashlee,bishop,173,john james hospital,om aha,dromana,4816,nsw,19804103,8269833,BZBUP6511M,7582863458
rec-2082-dup-0,chelsea,pontt,91,gellibrand street,shelomith,petersham,2166,vic,19350130,3454949,ZFQCP2076S,08631558230
rec-2614-dup-0,bertie,bridgland,11,arndel lstreet,tathra,kempsey,2594,sa,19931819,4871743,PQFAP6719S,+91 9327166357
rec-2775-dup-0,caitlin,rastar,595,cressy rove,la trobe close,byadk,2207,,19940531,2416013,BNOSP9116U,+91 7871968299
rec-718-dup-0,,kranz,33,pandanus btreet,tantallon,bowral,2264,nsw,19330726,6581103,DGVZP9444U,+916283136480
rec-3506-dup-0,crossman,isaiah,14,hopetoun c ircuit,inveraary,emu pafk,3175,nsw,19680729,7045589,VELWP9778N,8448961499
rec-290-dup-0,george,webb,16,beatham close,nelsonlsake,lakemba,2064,nsw,19721211,6420147,WMOCP0259Z,7869695658
rec-4890-dup-0,georgia,gilkes,16,eagle circuit,hornsbie,wantirna,2621,wa,,7326444,,(782) 676-2442
rec-3563-dup-0,lachlan,clayeen,4,atkinsonstreet,parklands village,buninyong,2765,qld,19330705,7427334,GTMSP3245H,+916848344989
rec-2404-dup-0,blakeston,broadby,53,traeger street,valley of springs,north ward,3083,,19120907,4308555,VHBWP9040Y,07145284257
rec-3151-dup-0,harry,gully,81,templetno street,navan park,toowong,6023,vic,19450926,4903149,MMRAP1586Z,+916701558359
rec-3755-dup-0,tahlia,rya,,john young crescent,flr 5 john flynn medical centre,westlke,2148,nsw,19741502,4169896,JLXFP8151Y,93422-14829
rec-1310-dup-0,olihia,woodstock,209,,edinburgh caravan,mooroolbark,2370,qld,19191127,2364919,VEWNP3485E,62953-21284
rec-3081-dup-0,amy,noble,2335,marcusclarke street,oakdale,punchbowl,4695,vic,19470518,8727631,KAZPP2481F,88267-29040
rec-2931-dup-0,,campton,31,kennewellp lace,palms lodge,coolbellup,4711,nsw,,2809212,BNIRP1067U,(608) 332-3566
rec-1470-dup-0,paine,ruby,27,tatchell vstreet,beladnean,lennox head,3350,nsw,19030605,4010380,JTTVP4681M,61018-40104
rec-4499-dup-0,alissa,bydrs,6,beasley street,,coffs harbour,6009,sa,19550131,2851382,HTLMP4383W,+91 6151258440
rec-1344-dup-0,sebaitan,blissenden,16,mataranka street,,ashfidld,2758,wa,19750320,4893136,,09645152109
rec-3955-dup-0,wardle,joshua,13,pennefather street,greenlake,joondanna,2605,act,19450501,4072887,LILZP5033H,+91 9439813370
rec-1956-dup-0,caleb,petersen,4,grant crescent,kenbar,kellyville,5067,nsw,19051226,8942423,,90810-82113
rec-4439-dup-0,laar,mccowajt,15,dumas street,westholme,dimboola,3041,qld,19911218,8213647,BRQVP9308X,06836188715
rec-3190-dup-0,catilin,grimm,10,beaumonts beach house,yapunyah street,bethania,3350,vic,19520809,9350011,IZTDP9956F,+91 9935202391
rec-1078-dup-0,kyle,genovese,,harrington circuit,anzac house (cnr archer s street,port luincoln,4725,vic,19780802,8478623,XSKKP4621G,6405256476
rec-4146-dup-0,emiily,maorus,42,short place,eventide homes,dolphin heads,3182,vic,19151031,9458847,ZWTQP7660Y,+91 7009584792
rec-2987-dup-0,tiahnee,moody,40,miethk e place,winterwood,north ward,3806,nsw,19130426,4744397,NCTOP1106V,8683647168
rec-391-dup-0,noah,mason,29,william huson crescent,court funits,elwood,3155,sa,19500215,8353213,IBOVP1746U,+91 7807420109
rec-1734-dup-0,bethany,white,24,,hybernia park,bittern,3075,vic,19910219,8903580,JHLEP4589F,+91 7496492717
rec-2688-dup-0,riley,uyttemhowve,,outtrim avenue,gowrie,crows nest,2262,sa,19571232,1679030,ZPFSP2903L,+917234565728
rec-2048-dup-0,georgia,vaccrao,18,rocor,leahy coose,maribyrnong,3124,nsw,19381228,2725753,QMZZP7604A,+917690157238
rec-4955-dup-0,callum,hauser,22,nambir court,zeevoo,mount annan,2641,vco,19581220,3757652,EGSJP9011F,07591238861
rec-2021-dup-0,capurso,angelica,3,heales place,coulter court,mclarenyvale,2166,act,19840719,7201624,UHDRP6671K,+917570225026
rec-4273-dup-0,emma,smolcki,13,bengee place,,loxton north,3216,sa,19031203,8181500,EMYBP3848E,9409128495
rec-1471-dup-0,dylan,robson,60,grimshaw treet,wallendoo n station,slack screek,3199,sa,19741003,4302323,NMFGP4140Y,9176058504
rec-2350-dup-0,lodge,adele,29,stacy street,,menangle,2765,nsw,19041015,9298526,KUAOP6808H,+919669842690
rec-3162-dup-0,lachlan,rees,25,darwinia terrace,,ulverstone,3162,vic,19131017,1414477,PITRP4705B,6779476809
rec-1773-dup-0,lim,haggett,64,macpherson street,,minto,6201,qld,19550910,5068609,TXCPP0521X,+918857775953
rec-3704-dup-0,jorn,finlay,108,kuhn place,kersley mews,,3081,qld,19771208,9133711,RYCLP8550X,(665) 691-1070
rec-3468-dup-0,elizabeth,browne,11,carina shreet,ocean pinex caravn park,flinders park,2487,vic,19061213,2560358,VONXP8020G,8237955079
rec-2468-dup-0,magnus,grainer,7,kardang street,carrington retirement,moe,3042,vic,19970829,7094597,WDBPP3197N,08205744654
rec-1338-dup-0,georgia,benger,1,mccay p lace,braeburn,pimpama,2153,nsw,19830402,3445535,DXDBP7988N,9950784561
rec-4971-dup-0,william,white,34,mortlock circuit,ponder ossa,chinchilla,3156,sa,19800517,1549841,YWBJP6319K,+91 9508436607
rec-1504-dup-0,kailey,gazzola,2,napierclose,banddra,sanctuary point,2830,nsw,19340729,5402689,POWXP1972O,08614226788
rec-3244-dup-0,alexander,,11,eaglemont retreat,tarqua,dapta,3087,vic,19972108,7688076,MCGAP2726I,08834409809
rec-2544-dup-0,tarau,mahon,5,,boronia,slacks creek,2146,nsw,19040909,2226255,,+91 8460786762
rec-986-dup-0,daniel,pryer,9,iowanna,callistercrescent,taree,4123,nsw,19380318,4294799,UIGLP5680C,+91 9056461116
rec-466-dup-0,rhjys,stubbs,155,cockle street,teralba caravn park,marsden,3148,qld,19931202,8594688,,07368695397
rec-52-dup-0,abbye,dixon,1,marcus clarke street,grasmere park,scarborough,3141,qld,19441008,8127929,DMGWP2841W,65106-63316
rec-553-dup-0,nicola,bishop,15,knoxstreet,nyngan,hurstvillemsouth,3116,aw,19770427,2727947,OHKFP4064Y,+91 6767124533
rec-1684-dup-0,gu,gissing,13,barber crescent,nyarrin cottage,tully,4151,vic,19210115,3954831,IMLUP4160I,+917817608868
rec-2288-dup-0,jhoel,green,708,wangarastreet,gallagher house,burpengary,4670,qld,,9018656,UFMYP9449M,98382-92249
rec-273-dup-0,emiily,stanley,9,spofforth street,thefal ls,sherwood,3150,nsw,19381021,7253600,KOWLP2571G,78957-57645
rec-4191-dup-0,liom,ryan,82,freeling c rescent,ryhd-talog,murarrie,2650,nsw,19601106,2586667,,07031356902
rec-3595-dup-0,tiarna,chestnut,7,lee-steere crescent,river mews,burpengary,4132,nsw,19850302,6789617,SWGXP4974X,+91 8815754816
rec-4545-dup-0,riley,moubarak,,hagen place,noolabi,auubrn,6007,vic,19400916,5023399,OJWRP1287W,91377-01504
rec-1649-dup-0,joel,dixon,19,callistere crescent,glenmore,burpengary,3190,nsw,19810902,7849806,,+919580818070
rec-3900-dup-0,kati,jolly,26,reuther street,aprtmt 34,,2780,nsw,19690224,4300643,VLDVP8228T,+916139024584
rec-4552-dup-0,sophie,mason,22,sturgessi place,acadia,pacific paradise,3215,nsw,19790301,2531438,ALDCP0811S,(983) 945-7416
rec-2921-dup-0,eden,clarke,1,towns crescent,tall ipnes,elimbah,3076,wa,19351223,9713955,LOLAP4633C,+91 8013319769
rec-3628-dup-0,indyana,gazzola,,trott place,central park,thornbury,3187,nsw,19911106,6670654,UMNYP5265J,8831370650
rec-3351-dup-0,ada,reid,,disney court,,tea tree gully,3690,nsw,19550102,8441272,MOOIP4858F,6548547578
rec-4278-dup-0,sophie,bevis,8,bungonia street,fernlea,ringwood east,2514,vic,19820602,4133682,YAJUP3370B,07311582893
rec-2237-dup-0,ebonfy,garcia,,rylah crescent,,waratah west,7310,tas,19630715,9950832,NKHLP0018D,9076561712
rec-81-dup-0,daniele,burford,71,waddell place,pine view,june,4055,qld,,3005084,YTBMP8214V,7301053266
rec-1691-dup-0,pascajle,,33,killarney,kingham place,robertson,2135,wa,19570201,3879701,PWQXP3582L,06246083522
rec-2473-dup-0,chelwea,,18,crisp circuit,walnut grove estate,seven hills,6311,nsw,19040215,4172992,JXLEP3553J,06627912430
rec-2722-dup-0,,beattie,56,howchin place,,mount isa,3921,vic,19980913,3509530,BETNP7345O,06006836072
rec-2055-dup-0,taiz,garven,,finniss crescent,donetted owns,pymble,2035,nsw,19930723,6253715,PYRIP8473V,07188266201
rec-2113-dup-0,jaxin,jolly,77,moontap lace,merrimac heights,bull creek,4011,sa,19250202,7133472,MCYOP9352C,08225090114
rec-3935-dup-0,whte,tarnee,22,max henry crescent,maf-ue arabians,ballarat,2680,nsw,19501101,4846207,JRWCP8465O,80947-09138
rec-1599-dup-0,abbey,robsn,9,burrendong street,ashell,toukley,4000,nsw,19441016,6090364,MAJGP5245M,07938391935
rec-4933-dup-0,hudson,caine,19,mackellar crescent,judy's creek,,2130,nsw,19490406,7689320,EDNNP4387T,(697) 843-5682
rec-2129-dup-0,billy,verrion,163,mackenzie street,silverdal south,carlingford,0880,nsw,19301223,6708080,LTETP3462X,6231985783
rec-2026-dup-0,ethan,matsoin,310,bennevis estate,worrall street,albion park rail,3672,qld,19830111,3451352,HDXUP4525S,+91 7687331451
rec-1574-dup-0,zarran,mcsorley,28,hollwaystreet,orana gardens retirement village,burraneer,7051,nsw,19170409,2480177,BHMCP1460G,85840-10799
rec-4265-dup-0,jasmine,hope,32,jaques pl ace,specialist centre,,2611,vic,19380418,2006619,AZTZP0346F,+916636332327
rec-2357-dup-0,kirrah,cannell,12,cherry street,gloccanorra,,4170,nsw,19511103,1567556,YSILP7479F,64044-35590
rec-2736-dup-0,bayden,lonei,37,callister crescent,mcdougall hill,burowod,2320,nsw,19880619,6874557,IKAMP4609L,+916205691368
rec-2595-dup-0,jasper,bowerman,3,newlopstreet,byron arcade,burleigh neads,6016,tas,19390710,1880798,FVAPP62491,6901797515
rec-2553-dup-0,brayden,coleman,21,paul coecrescent,westfalls,greenwith,5047,vic,19500606,1790784,YLXSP8278X,+919903433552
rec-653-dup-0,nicholas,pontt,27,bulli place,wattle mount,new farm,2750,vic,19570101,3411264,OYOXP4217F,08292664590
rec-2701-dup-0,keelin,kalnins,2,ellerston avenue,,berwick,2022,nsw,19621011,7541911,QKAGP4696M,+916786263104
rec-1429-dup-0,katelyn,dixon,8,melba street,surfsied park,auburn,3104,nsw,19730618,2599418,OTTDP6854K,69368-62385
rec-4286-dup-0,carly,honeychurch,,dalley crescent,john flynn medical centre,oakville,4700,sa,,3359709,QHTUP2223Y,09565498757
rec-2090-dup-0,mcmellpn,aiden,10,cromwellcircuit,redwoo dlodge,wanneroo,2666,vic,19301206,9452274,DTSOP0312T,+918682494888
rec-2727-dup-0,noyce,liam,13,walkercrescent,acadia,pengun,2332,qld,19520621,7975425,GJMEP5224J,(765) 087-6874
rec-1851-dup-0,ava,ryna,5,gratton place,corlela,noble park,4184,vic,19710805,9223546,LXSDP5769P,+917088475337
rec-2628-dup-0,nathan,paterason,47,allambee street,tamaview,barwon heads,2317,vic,19811021,9877542,KCKMP9000H,(809) 737-7758
rec-2958-dup-0,liyl,clarke,11,,sun village,magill,3204,vic,19200906,6916349,GJWUP1777Q,9296636197
rec-1568-dup-0,connor,vincent,,woolner circuit,,geraldton,2560,qld,19811218,9810666,TBNRP7014G,80100-21447
rec-1466-dup-0,william,stanley,10,benbullen lowline stud,steffanoni circuit,ranelagh,3148,nsw,19260501,1891847,RWCIP6674B,+91 8104682282
rec-1908-dup-0,chloe,white,91,phillip avenue,av enel,toowoomba,3550,qld,19520722,2709559,KOQVP1468X,+917944267268
rec-1856-dup-0,isabella,laxrge,5,hayball place,hawkhurst cottage,mount stuart,6017,nsw,19541211,6608468,YMLPP8606I,+918972814142
rec-3474-dup-0,josephine,gallio,23,marsden street,sunnydalecottage,blacktown,2753,qld,19230227,8542303,XWADP5775L,60128-50895
rec-4413-dup-0,cameron,white,178,carliles treet,laureldale,harris park,6180,nsw,19470605,1655664,TAAXP9699V,86338-41401
rec-912-dup-0,leo,george,38,langridge street,gree nwood,braidwood,2038,nsw,19631227,2248611,XWTKP2350N,6011493745
rec-1139-dup-0,prudence,monmco,8,barracloughccrescent,glendaurel,midland,4017,wa,19060919,2264092,OREVP2194H,99028-80177
rec-4235-dup-0,,swoboda,14,sue geh circuit,brumptonstreet,katherine,4740,nsw,19931215,1635174,RIBAP8904D,+919537003246
rec-2555-dup-0,james,webb,15,chapman street,fl r3,lutwyche,4032,sa,19320926,3970231,QMBRP7612V,+91 6366438622
rec-1867-dup-0,esme,schembri,12,burhop close,girrahween homestead,ngunnawal,5158,qld,19550429,2492474,IXQZP0572Y,(845) 692-2157
rec-669-dup-0,chelxea,rusan,50,osburn drive,hansonse state,puncbhowl,4869,nsw,19091017,6615930,AMSHP3873W,+91 9411287114
rec-1368-dup-0,matteus,leong,31,hawkesburyfcrescent,bonni e doon,raymond terrace,3129,qld,19621228,5792923,JUTFP3231W,(827) 014-3405
rec-1252-dup-0,andrew,matthews,14,banfield street,caprkce,nowra,6306,qld,19340330,7762803,TOLVP2293K,(744) 916-1471
rec-3300-dup-0,ayden,finlay,6,holyman street,milmilland,cowa,2225,nsw,19740203,5706958,NJOMP0711M,(940) 804-4077
rec-3902-dup-0,,oreilly,,paul coe cerscent,wylrah,tuart hill,3219,vic,19500925,4201497,FJVLP9225F,72868-49708
rec-3568-dup-0,wilson,coleman,35,vidal stteet,knmre street,kelmscott,4805,sa,19880715,5954966,RNZXP9992A,6856695604
rec-159-dup-0,connor,toms,22,taggerty street,vivi gani,malvern east,7310,qld,19991026,6008369,XQSYP3838U,(842) 990-6519
rec-4214-dup-0,george,ka,8,,australia fair medical west centre,auburn,7325,vic,19041031,8708132,AQXAP7961B,(752) 304-4111
rec-882-dup-0,sarah,eyles,34,badgery s treet,yarrallah,gailes,0810,qld,19760516,5129649,XKKYP1807J,+917939205924
rec-4358-dup-0,jessica,stesrnes,201,lister crehscent,redfern station,seaofrth,4154,qld,19440928,7272157,NETAP3363L,81393-79999
rec-1942-dup-0,jessica,mccarthy,131,eagle circuit,sherwo od,eight mile plains,0812,sa,19341117,3738391,MZOZP0173O,(725) 406-7378
rec-1434-dup-0,sarah,mccartnhy,38,nealie place,sunny braes,north ward,4017,qld,19130115,6511805,IMXHP0851C,+916051559695
rec-1383-dup-0,trinity,coulson,45,horsley descent,wigla,para hills,3056,nsw,19920226,4445753,XCIJP1006S,+917719430637
rec-1653-dup-0,shauni,cristoain,5,burbidge crescent,,lower chiktering,3962,nsw,19640825,5841667,KLYZP6866X,07718320437
rec-4864-dup-0,thomas,campbell,45,windich street,spring vale,blactkown,7304,nsw,19640105,4359063,NGNPP3658S,09996042802
rec-4262-dup-0,ellen,nguyen,63,burdon p lace,hillendale,semaphore park,4216,nsw,19030711,8122850,DALEP2869W,09957993809
rec-2574-dup-0,jacorb,hewson,32,telooma,hambidge crescent,tallangatta,2800,qld,19460104,3624543,BDLCP0687M,(710) 832-0078
rec-1020-dup-0,phillip,finkay,,maclachla n astreet,arcadia,pottsville,6171,qld,19080623,5324023,KYWBW2315Z,9305773093
rec-247-dup-0,bret,falcione,,burdekin avenue,berragoon,pennant hills,4114,nsw,19890803,3152019,LWUCP1717C,07090720035
rec-4534-dup-0,casey,hobson,10,limestone avenue,clark brae,warilla,2614,nsw,19280928,6436995,MFBWP1275E,+916441082627
rec-1507-dup-0,dominc,woodmansee,500,sculptor street,calleen farm,punchbowl,6111,nsw,19170707,4369787,,+916782218949
rec-4250-dup-0,mhary,matthews,26,foxall street,upper yarrowitch,newcaslte,6525,vic,19540913,2983255,IVPLP7826U,+91 7089063237
rec-1799-dup-0,,shepherd,11,sprent sftreet,orange specialistbmedical centre,taree,0812,nsw,19121023,6769513,ZGYSP1056S,93197-23856
rec-2450-dup-0,thomas,wykliej,512,brand street,ferndale,rossmoyne,5043,vic,19040823,9017484,MWEPP4180H,+91 7247795104
rec-2063-dup-0,maya,,11,tucana steeet,bombowlee,dianella,2795,nsw,19880218,2732680,DRDJP1836X,08632408610
rec-2408-dup-0,tristan,aldous,11,solandef place,,goornong,4157,vic,19990121,5511852,,99989-21146
rec-1496-dup-0,gabriella,shadbolt,10,tenison-woods circuit,villa 5,maitlnd,3918,vic,19100320,1897470,NAIBP2920C,94781-04233
rec-1515-dup-0,chloe,pamflia,10,balaun place,hornsbie,taree,5037,nsw,19210412,6788630,WKNHP4652O,(789) 920-9114
rec-4591-dup-0,carlin,zordjan,,burnie street,kangaroo creek,,2213,nsw,19070620,1373412,ZNWMP7259C,+91 9509866021
rec-2993-dup-0,amf,tiggeuan,3,dugdale street,,rosealnds,3840,vic,19740926,9867216,TYSQP8850X,(878) 197-7966
rec-1768-dup-0,caleb,deakin,15,clem hill street,rowethrope,craigmore,4285,nsw,19830721,2238546,UCGSP0575Q,94263-00975
rec-4272-dup-0,coopez,marinos,32,madigan street,fig tr ees,mayfield,3944,nsw,19700719,6708332,JYLGP6882P,+91 7371329668
rec-4228-dup-0,amber,reid,3,hedleystreet,westehram,bibra lake,6108,vin,19449015,9481816,QRTSP1820G,+91 9041316271
rec-3177-dup-0,harvey,purser,184,osburn crive,,mulyandry,2680,,19970208,8501583,URTQP9090X,9720002528
rec-1815-dup-0,alias,spratt,16,wild sttreet,ashbank,seaton,4301,sa,19920328,6548039,PCHPP4984U,(695) 912-7805
rec-1393-dup-0,speight,matthew,8,worrall treet,,lowerbeechmont,6230,sa,19590301,1641889,,07329981949
rec-4205-dup-0,caityn,millar,38,tullaroop s treet,,macgregor,2343,vic,19940917,8863827,JIPIP1792E,86872-35591
rec-808-dup-0,philps,tai,17,burrendong street,el-wooadaro,rokeby,6258,nsw,19610906,2863233,KMLIP4654P,81412-54363
rec-3565-dup-0,shai,,13,morant circuit,stone oak farm,maitland,9205,vic,19151011,5824638,TCIRP7723J,8948781670
rec-3150-dup-0,charles,eileen,330,baldwin drive,fern cliff,preston,3155,vic,19841207,9552166,UXVWP3039J,+91 8098701957
rec-4039-dup-0,talissa,macgowan,31,fairfax street,rosettavillage,mitcham,5290,qld,19230318,7084722,TOELP2556Y,+918244960873
rec-3647-dup-0,natalia,gilles,32,rapanea ttreet,locn3439,alice springs,4121,qld,19520330,2026502,XQTMP0071K,09226622323
rec-4871-dup-0,casey,croker,137,summervillecrescent,shalestoe,wanniassa,2602,sa,19471226,3095657,,+91 8115972698
rec-3976-dup-0,tizna,stanley,109,haswell place,,surfersparadise,2196,nsw,19091118,7519489,VNGOP8546K,(791) 415-4375
rec-560-dup-0,caitlin,bossence,58,aston creqscent,greenslopes,condell park,3023,nsw,19040426,7998798,SPPYP2237Y,+917483222989
rec-1719-dup-0,,mohammadi,30,propsting street,,surrey hills,4560,vic,19721222,7654499,FKFEP3892N,07043684091
rec-1934-dup-0,broc,ewan,8,warramboplclose,hawkins masonic vlge,mountveliza,3021,nsw,19161123,3522578,ZAEDP9368L,6083059681
rec-712-dup-0,emam,geue,1220,rumker place,milbrodale,woodend,2429,nsw,19941224,3886398,CJIHP6403M,66173-90976
rec-1579-dup-0,robert,leane,8,green street,court units,broadbeadh waters,4128,vic,19880611,3938828,JFCVP1249R,65903-92137
rec-4474-dup-0,sarah,roas,11,kangaroo court,glen shiel,wamberao,3144,vic,19330424,3530952,RXSFP1438C,+91 8269794169
rec-2354-dup-0,connor,shepherd,7,bulloo place,,wyoming,4621,wa,19100906,1737778,TKLZP4488S,+91 9253680511
rec-1072-dup-0,samuel,dixon,13,appel crescent,mulv ra,orchard hills,3073,wa,19840925,4689881,PONSP8342D,+91 8397112059
rec-1408-dup-0,kierra,harrington,45,shepherdson place,oakdale,rye,4127,qld,19031001,9648034,HANGP3428O,+91 9354123172
rec-62-dup-0,jake,coleman,1,sturt avnue,rivonia,sunshine north,3058,naw,19450706,6061178,OUYVP1580T,8216263285
rec-4016-dup-0,emiily,hingstxon,15,paul coe crescent,hawkesbury road,mooroolbark,2556,sa,19711319,4431563,BIINP6031K,84643-56586
rec-233-dup-0,kirra,,47,seaborn place,pleasant acres,arundel,3073,nsw,19781119,3690427,OJXNP4943C,(831) 614-9614
rec-3347-dup-0,willow,tsolakis,35,elsey street,kempfheld,low head,6196,vic,19200916,1293288,NILEP0537M,+91 9981530420
rec-587-dup-0,lauren,musolino,35,beattie crescent,,bangor,2859,act,19891021,6356434,DEFBP9373X,+91 9088085960
rec-4622-dup-0,lachkan,mccarthy,9,william hudosncrescent,sheep station,greensblrough,2190,qld,19960516,1946829,RABUP7755G,8584779873
rec-2728-dup-0,lowe,chelsea,36,forbes street,nunkeri (cnr l inburn r road,trevallyn,3199,wa,19700524,5918591,SFSVP1995E,07069137701
rec-3136-dup-0,pakita,o'shannessy,41,handasyde street,vil a 3,torquay,4878,qld,19270218,8599006,JATOP9521D,+91 6347608399
rec-337-dup-0,jordan,morrison,45,churchlane,killarneyspark,albany creek,2770,nsw,19850727,4295797,WSLZP3184L,89639-69365
rec-3064-dup-0,jessie,rei,44,eureka,nambucca street,bundabreg,6111,wa,19020723,6219878,NHYGP3415J,68554-41556
rec-1254-dup-0,ryly,colombini,14,yambina cfescent,lourdesh ostel,lower templestowe,3148,nsw,19760717,1751137,EUEUP9610K,+917203019870
rec-689-dup-0,joshua,every,14,scoble place,hawkins msaonic vlge,gray,4212,nsw,19241220,9182595,XOHUP6974R,09844659247
rec-4299-dup-0,braedon,pendle,484,naas groad,weeroonq,mount grvaatt,2614,vic,19070815,6759627,YMQFP4858A,+91 8931483846
rec-4458-dup-0,mackenzie,boocock,81,tipiloura street,ursulda,budgewoi,7027,nsw,19030720,6436554,QMWNP0640P,+91 8420787613
rec-1013-dup-0,gillian,pighin,2,hilderstreet,iron bark ridge,cooma,4508,nsw,19990501,6489507,,9882257413
rec-85-dup-0,dakin,joselyn,57,aberneth ystreet,kanangra hostel,manundza,3028,wa,19261205,4852063,WTJAP3789N,+91 7424367789
rec-935-dup-0,alexndra,steers,108,chambers street,lochsnizort,bondi junction,6009,nsw,19620521,9899937,TVCNP6759K,64478-82152
rec-2252-dup-0,allegra,cobbin,19,abbott steet,palestine,glenside,3400,nsw,19690819,8391278,,06143069991
rec-1983-dup-0,henry,coleman,42,mackaness place,lake downs super fine merino stud,benoaw,4557,tas,19791029,1714953,QRGSP3103B,+91 6230611337
rec-3392-dup-0,monana,musolino,12,herington street,st vincents medical centre,allora,2001,nsw,19591003,4382424,LRZYP3402E,+91 9176231095
rec-989-dup-0,pauk,fauser,6,bargang rescent,,dareton,2213,nsw,19540911,3667818,ICSXP1230F,(938) 814-6983
rec-2109-dup-0,doman,matthwe,4,hinton place,blck 1809,raymond terrace,2146,vic,19740703,2775852,MFBXP8626M,
rec-3840-dup-0,finn,baradakis,13,launceston street,ferndale,coolbellup,2323,qld,19281212,1284105,TBQYP4149Q,09664634092
rec-781-dup-0,jukic,jesse,174,dirrawan garden,cranbrook,coconut grove,2206,nsw,19411121,6016032,EDFFP0325K,(822) 896-0979
rec-1290-dup-0,kirra,browne,26,shoalhaven avenue,loormeah park,surry hills,3042,tas,19403407,8221881,LSSIP1785O,(693) 805-1434
rec-3159-dup-0,lewis,nguyen,5,jensen street,,cooroy,2251,,19071128,8628720,BRGQP4969X,(885) 634-1493
rec-2185-dup-0,mia,garrigan,53,michie street,wesnholme,armidale,3178,nsw,19700522,6416070,LUBFP0226H,09793721930
rec-3216-dup-0,charlotte,feeney,6,dangar place,brookfield,ermington,3128,nsw,19810505,9513852,JAAJP6041V,7149788244
rec-1583-dup-0,isabella,elferih,61,moore steet,bangor lodge,dural,3044,vic,,4582565,EXMVP2592K,06924206100
rec-4024-dup-0,katelin,wheatley,35,blakey close,derwent wtrs,hackham best,4515,,19130924,2489779,UFSUP7820C,+919010270454
rec-2914-dup-0,juliana,white,39,osburn drive,,st kilda east,6701,vic,19171013,3450613,IWPHP0561H,(935) 346-8078
rec-3837-dup-0,lachlan,giredr,3,tiptree crescent,,toowoomba,2747,nsw,19070323,9886540,RSDBP3153Z,+919011288208
rec-4681-dup-0,meg,matghews,42,mccawley street,vamzbi back,carlingford,6058,qld,19850331,6932257,ZLTCP0441B,(649) 030-0165
rec-3042-dup-0,lydia,,48,davis street,wychwood,eaglemont,3138,nsw,19370701,8755417,HEORP7412N,7375237088
rec-2672-dup-0,bianca,neumann,19,torres street,ainslie n ursing home,ascot vale,7000,wa,19801124,8402773,KWXDP1247F,97363-75415
rec-406-dup-0,chelsea,,186,spofforth street,,clare,2750,vic,19560408,9071776,ZVDXP0073D,+917233854696
rec-1882-dup-0,max,lund,5,broome vacatoin village,syme crescent,aspley,6111,nsw,19011228,2696750,TXQIP6230W,92456-17758
rec-927-dup-0,claudia,white,76,willoughby crescent,green slopes,albion park rail,3178,wa,19810107,1170705,ITEUP6758M,(952) 676-1529
rec-4234-dup-0,,lock,4,tauss place,argyle,woodcroft,2028,sa,19130105,6312603,SCREP3380F,+918219895186
rec-4249-dup-0,yana,stanesby,8,the gums,blamey crescent,flinders park,7260,vic,19080415,9864532,AAPDP2542K,+917602579242
rec-829-dup-0,lucu,easlingx,97,mimosa close,the old p arsonage,manyana,3016,,19810520,5467025,GAZMP5840X,+916462263879
rec-413-dup-0,samuel,eglinton,17,tanumbirini street,birks harbour,raymond terrace,2176,vic,19690927,2802987,VMNXP1571M,85399-72994
rec-2683-dup-0,oliver,dent,39,noble place,bellam ib,strathalbyn,3088,sa,19051006,4438825,QCEOP8275E,08043366952
rec-1547-dup-0,kiara,rawlings,46,john young crescent,glen rock,eastwood,3144,qld,19861016,8663646,FKSVP6082O,+91 9440050596
rec-2364-dup-0,ella,reinhard,128,woolls street,deswod,ulvertsone,6024,wa,19310610,7101829,DSEXP4597P,+917400241080
rec-3924-dup-0,haveobferg,emiily,2,dempster place,stonehouse,barwo nheads,2750,nsw,19480510,7123931,,+918682671692
rec-1302-dup-0,tiarna,mason,37,ames place,grandview,ashgrove,2077,sa,19700818,7346247,BKVPP7370G,74214-34101
rec-4822-dup-0,luke,geue,12,rockland s street,,allambie heights,6104,vic,19990508,8840914,HDRWP1162B,(932) 817-6498
rec-1763-dup-0,jacon,george,80,hindmarsh drive,glenview,bundaberg,2021,wa,19631006,3031916,CCLQP3903B,+916550643086
rec-613-dup-0,oliver,tootell,363,shackletonicircuit,,cardiff,3812,vic,19000604,8984164,IPXPP1509B,+919754386040
rec-1182-dup-0,ella,wasley,58,guthridge crescent,crown a llotment,carole park,5115,nsw,19411214,3051473,WWITP4712D,+919103511079
rec-225-dup-0,isabella,sanby,18,veale street,wongowmal,west swan,3066,nsw,19181010,7757358,ICRUP8910E,
rec-4457-dup-0,charlotte,hathaway,5,hartung crescent,anzac house (cn r rcher s street,broken hill,6060,qld,19740418,2652077,,+918809524611
rec-2079-dup-0,kira,,29,athertoh street,kiya,londonderry,3756,nsw,19230214,9919791,HBWYP7675T,(686) 893-8216
rec-3160-dup-0,,pringle,46,woodfulldloop,,woori yallock,6101,vic,19250210,4259044,RNFKP2470O,+917705409369
rec-3241-dup-0,tara,o'shannessy,233,osburn d rive,,maitlnd,2640,nsw,19380807,4654746,UXUCP8739C,(661) 807-6893
rec-4219-dup-0,,goode,23,cane place,cukbone,manly bale,2602,vic,19840402,7430736,UJACP4608C,7820400012
rec-51-dup-0,adam,,37,freda gibson circuit,cryode,paddington,2770,sa,19401209,3593307,BCEOP8722G,(927) 748-8195
rec-169-dup-0,nicola,leonardi,22,,crown cahmners,rwy,2299,nsw,19170219,3568632,QJWFP2691I,72520-55620
rec-3723-dup-0,lara,carbpne,61,aston crescent,ebony's tetreat,bossley park,5334,vic,19560105,2542464,RHPOP0199S,99235-11548
rec-2660-dup-0,munyarryun,alexander,13,allambee street,,moranbah,4218,qld,19551107,9890402,OUEMP6356Y,
rec-4469-dup-0,josephine,dragheim,3,downard street,lowangrdeen,malvern east,3124,qld,19160218,2093181,LIFFP2306S,07172597967
rec-2754-dup-0,ellen,schumann,51,barr-smith avenue,,ridleyton,4034,qld,19610507,1287031,JGGXP8651H,+917519964389
rec-3154-dup-0,samantha,howie,6,mauldon street,environa,palmview,4253,act,19840918,3489071,CLJLP0120H,83503-27263
rec-2489-dup-0,grteen,thomas,10,dumas street,bonnie doon,innaloo,5104,nsw,19340204,6817957,QEICP7851V,(828) 981-4290
rec-1917-dup-0,flockahrt,jasper,25,,briardale,modbury,4035,,19211017,2278318,LADJP5463W,(684) 369-3930
rec-1311-dup-0,tyron,klemm,43,clem hill street,,st kilda,4205,qld,19751020,5119969,GEIRP9841Z,72592-20318
rec-777-dup-0,charlotte,nedeham,183,wattle st reet,courallie,colo vale,3161,sa,19890118,2377987,DCFMP8401M,(998) 858-6864
rec-2837-dup-0,raquel,mason,1,storey s treet,,,3225,qld,19341010,1823323,FAIBP2785U,+91 8545338184
rec-1516-dup-0,trey,goetdze,4,petterd street,bonnu doon,brighton,7054,vic,19250118,1744778,ZZAVP8502D,+916510258604
rec-1589-dup-0,emma,frencham,157,hayball place,,punchbowl,4018,qld,19170628,2070987,TVMFP3174X,+91 8744134028
rec-1017-dup-0,jack,paterson,24,gleadow street,st francis vlge,wahroonga,3501,nsw,19641002,2532475,DCIGP8825B,(813) 780-0651
rec-1049-dup-0,amy,urenea,3,verbruggh en street,narraburrj lodge,riverwood,4610,vic,19040320,4689528,,09111956788
rec-439-dup-0,mia,kam p,55,jardine street,gonzaga,pooraka,2161,sa,19400617,1084495,VKCPP8876X,09101449633
rec-4182-dup-0,georg,noble,1188,willandra,fawkner street,ormeau,3199,qld,19430912,7672726,BXONP1549X,+91 8051780425
rec-3805-dup-0,leah,swoboda,33,macnaughotn street,woodrose,tweed heads,6069,vic,19821102,9528232,CWVZP4016C,65899-59563
rec-1135-dup-0,dylan,oatey,,barringer street,thur limbah,avalon,2217,vic,19441106,7915328,JSNIP1745Z,07358291484
rec-1079-dup-0,jessica,robson,337,marcus clarke street,macar thur,vermont,3429,nsw,19790719,6293706,JRPXP7457J,+916920075188
rec-2036-dup-0,emiily,capel,1721,burkitts treet,locn 1025,ascot vale,4053,nsw,19341111,4646376,GSXHP8015Y,75692-04509
rec-356-dup-0,zack,brock,,top nass,,hyde park,4740,nsw,19130124,8703977,HXSNP0303H,71352-06965
rec-96-dup-0,georbe,macah,25,tepper ircuit,erinsr est,mooroola,2758,vic,19270326,8072800,,(857) 672-6574
rec-2111-dup-0,matteus,wilde,13,cumberleg ecrescent,,bourke,4740,qld,19260702,7889277,RFNGP9020Q,+91 8938704771
rec-835-dup-0,lily,egain,526,louis loder street,,alfords point,3031,sa,19610514,2519145,UUHEP1250I,70895-42167
rec-778-dup-0,gianni,jolly,83,glencross stteet,locn 10045,booval,2260,wa,19740903,3966573,ZKMFP4093H,6792071564
rec-4280-dup-0,lauren,ferri,121,hedgerstreet,,banypo,3150,wa,19440118,9553756,HQU5P5080Q,(610) 882-7032
rec-2795-dup-0,talfiah,bunug ugrr,18,eldridge street,drayton,wallsend,2031,qld,19760404,1387033,OBIJP0582K,(833) 686-1932
rec-246-dup-0,hayley,morrion,35,kirkwood crescent,vill a 183,sprin gwood,2396,vic,19000326,8113043,ONZTP5777M,77538-96703
rec-1940-dup-0,pace,nguyen,352,marquet retreat,joint co al board,labrador,3064,sa,19670320,2038425,PHXUP8641T,06346048206
rec-193-dup-0,ethan,nguyen,1932,lodder lpace,tobr uk hse,clayfield,4405,tas,19971105,1140575,IKJMP5689G,(985) 149-9575
rec-2474-dup-0,tansy,carp,42,fiveash street,blueberry,loxton north,3551,wa,19360605,5801878,IMWGP7216D,9379318636
rec-3796-dup-0,silo,zac,2,medley tsreet,gundaline,mitcham,2767,vic,19611116,4048723,YYGAP8324L,+916994687984
rec-2514-dup-0,ayla,poor,11,cowdery lpace,richmond caravan park,burwood east,2200,nsw,19200801,8015794,JRPOP6592K,(974) 064-9869
rec-3095-dup-0,billy,gighey,382,westall fplace,willraoo,moree,2037,qld,19130824,4206687,HYVOP4339M,(665) 413-7672
rec-3024-dup-0,michaela,wilkns,2,,robley house,jamdstown,3782,nsw,19390517,4477585,KLBDP7865E,6801993405
rec-960-dup-0,benjamin,berry,4,glenmaggie street,trewilga,kariong,3064,nsw,19220905,3664258,TPVVP3213C,94385-32726
rec-2287-dup-0,lucas,pascoe,163,tepper circuit,,corlette,4213,nsw,19350308,5399636,FSXCP9514I,+91 9889097873
rec-3534-dup-0,chrisitan,jolta,2,jerrabomberra avenue,yambungan station,cecil gills,4702,vic,19481117,6961701,RLJGP2023D,(833) 633-0233
rec-4097-dup-0,,noble,5,belgravia estate,carnegie crescent,glenwoyod,5119,vic,19120724,8141708,UKJPP1368A,+916258873359
rec-3276-dup-0,joseph,wynne,26,matina street,lucky corner,kirra,7054,nsw,19491211,6433640,PPNZP7413U,+919587001278
rec-2088-dup-0,andrew,webb,,lukin place,criaglea,south brisbane,2050,vic,19001025,2313225,FSURP1997D,07336452414
rec-4243-dup-0,harry,pembroke,138,sparkes close,st georges medcial centre,sutton forest,3383,qld,19260311,6618265,DXIZP6013H,(654) 468-6294
rec-2742-dup-0,jaiden,o'flynn,9,eve place,pioneerb lodge,goovigen,6136,nsw,19330911,4353748,MNBJP2839X,(636) 339-5837
rec-418-dup-0,simone,goz,313,marconi crescent,alabama,bayswater,3209,vic,19080313,1331839,UTTPP1361R,+91 6680014221
rec-3784-dup-0,connor,hammill,99,goyder street,,angsgon,2304,nsw,,7089797,QFRYP1010F,(638) 297-8203
rec-455-dup-0,jia,fenwicsk,7,churchill way,greenskopes,seven hills,2449,vic,19760830,3991391,LFMBP4951V,+916098909873
rec-3238-dup-0,jamie,snell,36,krefft street,,deakin,7307,vic,19850205,9378445,TPMOP2851F,90611-78345
rec-4919-dup-0,mia,jolly,,findlay street,hayfield vlge,kincumber,3995,qld,19171012,8801194,,(778) 600-4393
rec-3038-dup-0,xavier,mogavero,10,epenarra close,ramuda,west wolongong,3148,vic,19121210,2534734,EXFAP6475J,89768-87973
rec-870-dup-0,jesisca,bradshaw,91,wheadon stpreet,yarrabin,minyip,2290,nsw,19080415,5572327,JIQXP0770Z,+917236796524
rec-4516-dup-0,chlsea,blake,35,southern cross drive,,belconnen,3141,vic,19770311,8747454,XODXPM384W,+919348539834
rec-605-dup-0,jayde,mccarthy,13,chateau t ahbilk,bywater s place,prospect,3198,qle,19381120,8148821,VXAZP9500C,7489009560
rec-4207-dup-0,shepherd,lachaln,9,dalley crescent,grandqview,suffolk park,3550,tas,19900821,8396396,JJBZP5436T,8043113544
rec-2076-dup-0,benjamin,kapioldassis,199,farrelly close,texass wtation,goodwood,3197,nsw,19860801,6377421,AQLXP8315C,66550-39406
rec-1286-dup-0,jasmine,ryan,10,piddington street,tregona,sunshine beach,2108,nsw,19621124,4721073,FNOWP3694M,07015173427
rec-1606-dup-0,talan,dietrich,35,hacking crescent,tall pines,mosmtn,2903,vic,19490712,9469771,MZWOP2695J,+916423621982
rec-1597-dup-0,april,durbrige,20,wilkinson street,,toolleen,3630,sa,,3179675,WKSYP053NY,+916870157087
rec-34-dup-0,mollie,castelleri,5,jackiehowe crescent,,ardmona,3976,wa,19760616,1378454,,8114505696
rec-4489-dup-0,emiil,bishop,12,,pine dale,vermont,2088,wa,19730322,3947458,ASMGP0146D,06937007940
rec-3512-dup-0,alex,webb,92,outtrim avenue,st francis village,paddington,3056,nsw,19700807,5595371,RSZWP1803F,+91 8901111290
rec-2142-dup-0,sarah,leslae,740,baddeley crescent,flt 10,jamboree heights,4053,vic,19110604,7593106,OZNNP0591D,+916802806341
rec-4364-dup-0,harry,boyes,,kadina crrscent,hobbit hole,regents park,3199,qld,19505309,6388424,EBXZP0591J,+916273333564
rec-4340-dup-0,jolly,kiana,23,ashcroft crescent,vil lao2,airds,4507,wa,19220507,6113261,FHJBP6537E,8528677536
rec-3604-dup-0,wil,clarke,8,osburn drive,guest village (cnr ubllcreek d drive,chelsea heights,5700,nsw,19100504,2181436,UEJJP5920T,07821262155
rec-1700-dup-0,noah,stephenson,1,vagabond crescent,,northbridge,3166,nsw,19691102,4406709,JWZCP8263U,+916027223301
rec-4054-dup-0,,dojcic,15,barracloug h crescent,brookvale,tplga,2205,qld,19990331,7180230,FNICP6553H,+919902977214
rec-1087-dup-0,mitchell,tien,23,padbury street,greenslopes,concord,3429,nsw,19780903,6760018,AOJAP4444L,+91 7292125551
rec-1837-dup-0,jacinta,webb,108,rodway street,2nd last on right,gawler giver,2019,vic,19560708,3880973,,+91 7916216484
rec-3719-dup-0,connor,bailke,186,lambie place,,port lincoln,7303,qld,19670529,4702335,FRGVP0435X,(776) 420-1795
rec-2344-dup-0,rhett,boxer,19,langlands close,roweetohrpe,mont albert,5353,qld,19150512,7303507,EKMCP4544F,07174743202
rec-3174-dup-0,jasmine,web,1,duffy street,,parkside,2105,vic,19440610,1750989,YNSSP3550K,(898) 164-6983
rec-3173-dup-0,carmen,wisemdan,2,sherwin place,wangi shoppng centre,newborough,2216,wa,19000714,2741568,RBYFP9723B,95154-84596
rec-4295-dup-0,james,rawlings,268,sheaffe street,bella dona,caulfield north,2117,nsw,19890331,9598556,QFIYP2902F,+91 6651711401
rec-2472-dup-0,amy,campbell,7,kinchela cerscent,aceland pollh ereford stud,swan hill,4753,qld,19021030,2533567,HRESP0527R,+918279578771
rec-3262-dup-0,alia,haydock-wilson,6,croton street,kimberley,the ecntrance,3132,nsw,19901212,3171888,KNIGP2925G,6616562079
rec-267-dup-0,liam,whiitn,33,hargrave street,buderim emadows,,7250,nsw,19141012,6654477,FDJUP8795J,+918334300769
rec-1447-dup-0,alexadnra,alderson,4,arkell place,tooalooa,clarnida,3764,vic,19230610,3671723,UDGZP5915J,(628) 462-6367
rec-274-dup-0,erin,clarke,96,teakle place,,granville,3040,wa,19170313,8286533,TSGUP7426V,09684412811
rec-4897-dup-0,brooke,klimowski,4,beasley street,dungna von,woree,4113,nsw,19140805,6086531,EMBHP0694F,+91 7529035149
rec-537-dup-0,maliah,clarkd,26,broadben tdtreet,harlyn,tara,6151,sa,19190118,7298583,HPMNP4737I,08211157124
rec-4206-dup-0,bottrof,samuel,23,mclarty court,cherrybank,port macquarie,6024,sa,19420214,5990041,MWZMP6227L,07412246095
rec-795-dup-0,eboni,,11,de burkgh street,tamaram a,keiraville,3356,vic,19000707,4335060,NNZEP1668R,+91 6875074394
rec-3251-dup-0,lachlisn,de angelis,85,goldfinchl circuit,glenarthur,gulnare,2074,vic,19881114,8569316,SPGRP3389M,06211129202
rec-3675-dup-0,meg,bluneh,602,allchin circuit,lingqdle,ballarat,0801,qld,19470831,7587560,AWORP0G16Q,+91 6575645552
rec-2481-dup-0,gabriella,carraull,48,griffiths street,rosehill,quilpie,5108,nsw,19071031,8145441,FMDOP4035O,9877536569
rec-2583-dup-0,mia,leaver,2,jennings street,miranda,taile m bend,3636,nsw,19960425,7346590,,+916810903821
rec-364-dup-0,reganne,mayrr,47,,fraserlodge,marsfield,4161,vic,19741017,8978233,HBDTP8915O,7059738258
rec-425-dup-0,psorakis,shantal,61,barcoo place,stonyridge,hawtnhorn,2324,vic,19850722,6633125,ZSSZP9532T,07478204690
rec-840-dup-0,noash,nguyen,9,carrollstreet,locn 10045,eastqood,7053,sa,19101127,2142666,ZQPPP5548K,+918045202318
rec-3592-dup-0,reganne,camp,4,colvin street,pin e hill,pymdnle,2010,nsw,19681013,1236601,GDYMP0744D,06830934858
rec-2593-dup-0,harrz,pardey,86,launceston street,ainslie house,hillston,2478,tas,,3922548,BGKAP9114K,+918809579318
rec-1912-dup-0,mackenzie,sherriff,34,pirani lace,,scarborough,2049,nsw,19610123,8088200,ICYXP9359R,84960-08804
rec-3629-dup-0,isabella,campbell,101,clive steele avenue,old hillside,,2913,qld,19890501,2285966,NNNUP2430C,(909) 304-5568
rec-1976-dup-0,amy,moyse,60,jackie howe crescent,,sylvani,2571,vic,19740103,7813497,CJVYP0479O,(799) 158-6604
rec-2208-dup-0,lauren,hainke,2,la perouse street,rhode isladn resort,old erowal bay,4550,qld,19040319,8687104,,7182924236
rec-3633-dup-0,ryleh,everett,9,,,sandy bay,2484,nsw,,1791300,POTUP2985V,64396-42423
rec-2872-dup-0,renee,havrda,51,salimtal,cuthbertson crescent,firle,5089,vic,19500910,3898443,,08817427680
rec-2438-dup-0,ashley,clutteebuck,26,freda gibson circuit,,,3029,vic,19920810,4483745,ZZKWP0946J,97048-61250
rec-974-dup-0,caitliun,luckens,180,ortloff place,brokenspoke,ryde,4051,qld,19640720,3391457,GSJIP9227W,+91 7119880523
rec-1199-dup-0,kobe,tillaer,106,stuartstreet,yarrandalne moonee,douglas park,4573,wa,19300831,2715828,AFYUP5997Q,+916399577154
rec-2512-dup-0,,hyland,86,flanagan street,dodonae a wing,boyup brook,2032,qld,19840708,5354642,PUDIP6956C,+918698529321
rec-3121-dup-0,megan,hunns,37,blackbur n street,lazy acres,bassendean,3070,qld,19430114,2634931,AYZXP5018K,(679) 872-2683
rec-1672-dup-0,jacobie,shepherdson,316,augusta court,pnda,ardeer,5069,nt,19830606,2226979,SEPVP0280O,94499-26325
rec-4706-dup-0,aidyn,eisner,60,melrose drive,stoney creek,shelely,6063,sa,19101228,6588394,TDZHP2898C,86045-98829
rec-4740-dup-0,sach,henry,69,hawdon street,logie brae,harbord,2141,nsw,19051226,7123737,YPOYP2052N,
rec-3100-dup-0,brody,nguyen,93,,mt derriwong,lauderdale,2153,wa,19970629,2691340,THCCP2457G,+91 9508941668
rec-3175-dup-0,alexandra,bsihop,2,black street,leetsvale catavan park,huonille,3885,nsw,19610813,8253150,YVVBP7814P,9960460196
rec-2105-dup-0,holly,weh,64,gooromon ponds road,ainslie house,gorokan,2234,qld,,9292420,QFEOP3972D,(940) 202-6216
rec-4467-dup-0,oliver,rundle,82,priddle s treet,myross,dural,2601,nsw,,2156141,MYQXP2497K,81073-30924
rec-1212-dup-0,jasmine,pavli,44,fellow sstreet,little pines,woodville south,6230,sa,19610408,7668302,DIOMP9119K,06288418001
rec-1770-dup-0,jessia,boyes,27,molloy crescent,sec 1569,scarborough,4551,tas,19610514,7635289,QKYXP6783S,
rec-1197-dup-0,deakin,peachey,16,officer crescent,tes bury,nollamara,2144,tas,,3378938,JIUQP4475B,09746374282
rec-1411-dup-0,,thredgold,3,antill s treet,monavale,charlestown,2389,nt,19390828,3707828,UEQUP8318B,+91 7390459052
rec-2366-dup-0,degeorge,sameul,2,jefferis street,,nedlands,2206,vic,19510912,1167786,RECZP0527G,+91 6994268419
rec-2249-dup-0,emiily,miels,15,dartnell street,murrawarra,woodgate,7310,tas,19280417,6959390,DLDBP2640O,8109989950
rec-2558-dup-0,tyler,doan,189,staaten crescent,,kingsford,6059,qld,19822028,6683175,,68610-41288
rec-1360-dup-0,charlotte,clarke,9,captain cook crescent,nara cottage,yarraville,2099,,19470305,9614637,EGSAP1889M,79402-70128
rec-1224-dup-0,harry,reid,15,kalgoorlie crescent,aldersydeestate,new town,2077,sa,19460708,5924879,WBYOP7875W,08768184298
rec-1309-dup-0,zoe,szepessy,,creswell street,laguna estate,narooma,2430,nsw,19330212,1322282,OCADP9903A,+916644263963
rec-1694-dup-0,mhary,siemon,13,latchford street,mountviebw,broadmeadows,6170,vic,19020804,9452510,SZGJP8980L,9152455284
rec-789-dup-0,pakiita,alderson,17,canberra centre (next to medicare),tinaro ofalls,brighton-oe-sands,2496,sa,19710808,6651007,BWXHP5646K,75618-38929
rec-4650-dup-0,andrew,marlow,43,,,ashfiel d,2780,nsw,19550903,4126078,AGJDP044IO,(904) 599-8123
rec-3454-dup-0,heath,menard,4,,yarrimwbah,port broughton,2650,nsw,19220820,3136077,DKLSP9089Z,+918683032339
rec-4524-dup-0,michael,coulson,78,,,marsden,3546,vic,19680508,6597953,SPCQP0315M,7750320360
rec-2032-dup-0,noack,madeleine,44,forbes street,woodsong,coombbaah,7320,,19490830,2378967,KGICP4358B,08360085622
rec-1345-dup-0,zachary,coffye,21,fellows street,brigalow court,kariong,5301,qld,19240219,4912880,NJTPP3978A,(939) 457-2527
rec-2734-dup-0,grace,green,8,nagara street,,nullawarre,2540,nsw,19771008,9946309,XOVDP8926E,+918781806738
rec-3750-dup-0,jacob,byrt,1199,binyap lace,,wallsed,3155,wa,19429008,7691324,TPTAP4309N,+91 8207724816
rec-1279-dup-0,,clarke,3,hindmarsh drive,,greenwood,2061,sa,19440126,8957090,TQBQP7167M,06196486161
rec-379-dup-0,chloe,herbert,30,canberra avenue,bombowzee,humpty doo,5082,vic,19791208,1380182,GEDQP2897P,+917083913976
rec-4068-dup-0,matilda,snell,19,grylls crescent,family da y care,trevallyn,3186,vic,19870819,3860203,UBQNP9461N,7512158669
rec-740-dup-0,prudence,redi,13,ashkanasy crescent,victoria mill estate,kirribilli,6163,vic,19950117,6754135,JVFHP8720C,(840) 841-9838
rec-208-dup-0,harriet,moldand,43,,sheep station,bridgeman downs,6053,nsw,19760523,9418691,FFATP3542W,76623-78418
rec-857-dup-0,courmtey,benger,15,callaway crescent,flight springs,canterbury,6059,qld,19101114,3489916,SKTCP9954Q,+91 6868219597
rec-1256-dup-0,emiily,mees,29,campbell street,,elwood,3805,wa,19301201,4611758,HDJEP7659K,(772) 707-3081
rec-1621-dup-0,alexandra,hyland,20,brassey street,unt 3,bundaberg,3049,qld,19030202,9741543,TVWMP6988N,08370139383
rec-1307-dup-0,danielle,campbell,582,paul coe crescent,ningana,bronte,3156,nsw,19531121,2695021,WASCP1171P,+91 9535460098
rec-1323-dup-0,steinert,jack,61,french street,meadows estate,adamstown,4350,vic,19460712,1716280,,+918466543259
rec-3180-dup-0,samuel,paterson,4,garran place,sunnyside ocrhards,yarriaville,2111,nsw,19620306,3308420,JHEAP0170B,07225790345
rec-3105-dup-0,jacqueline,webb,8,kitchener street,herbert iver,batlow,3019,vic,19370226,5963832,QXBUP3362L,07847412377
rec-1988-dup-0,joshua,jollu,815,benbullen lwwlline stud,kingston street,thornlie,2546,qld,19200423,1559039,IMNYP1158G,+917997943673
rec-682-dup-0,kane,ahier,47,farncomb place,glenyurst,,3083,qld,19031104,8076744,,+918280622450
rec-320-dup-0,capurso,ruby,7,erldunda circuit,bellbirdctge,jan juc,6233,vic,,4086300,COOWP5907S,+91 9115591147
rec-2002-dup-0,nichohlas,rees,24,murrell place,harriman park,hemmant,5162,nsw,19350408,3061813,GFXKP3135M,+918750527078
rec-1930-dup-0,,teag ue,38,emily bulcock crescent,locn 341,caulfidld,2041,nsw,19900523,1754920,KFVBP8658S,7276813410
rec-35-dup-0,kiandra,lock,33,dampier vrescent,kalang,cardiff,3500,qld,19330410,1004953,LNZZP2322F,7191594592
rec-1555-dup-0,jaykob,cochrane,1,fowler place,sugdencglen,tweed heads,4504,nsw,19390209,7792214,MYKUP3266Z,+919577891147
rec-75-dup-0,lachlan,webb,19,national circuit,,lockyer,7250,qld,19370423,4001224,FTRLP6587D,08935660424
rec-2206-dup-0,shorrock,ambrosia,2,amess place,arlinoton,macmasterds beach,3523,nsw,19921231,8411190,,(970) 772-2969
rec-403-dup-0,stoneman,marcus,273,pankhurst crescent,glenfenzie,joondalup,2126,nsw,19200506,3830720,AJWSP7769R,+917214526353
rec-1563-dup-0,racxe,jukic,9,blandln place,cleaf creek,kangaroozflat,2229,wa,19050108,2851372,PGVCP4590D,+91 9430660146
rec-2800-dup-0,,crook,16,nardoo crescent,,campbelltown,2325,nsw,,2308429,MYPNP4551J,+91 9211357635
rec-4491-dup-0,plane,warrick,41,lingiari court,,noosa river heights,6107,vic,19860411,3214712,SOJCP4805Y,+916115088781
rec-3650-dup-0,clarke,matthew,95,crombie place,dandarra,oak flats,3170,nsw,,8347782,MRTOP5874J,60096-04157
rec-2778-dup-0,jack,morell,74,horrocks street,ulinga,toorak,2000,vic,19371114,2710625,QBJEP1262U,+916288480336
rec-1389-dup-0,lily,reid,,,claymore springs,yarraville,3138,vic,19200219,9147920,AVFBP8672R,+91 6200827613
rec-1537-dup-0,max,joloy,23,buvelot street,raaf,mooloolaba,3156,wa,,8870856,GYJDP7687G,
rec-4431-dup-0,hayley,roles,269,newlop street,rabbitiwarren,acacia ridge,7270,vic,19581005,7340730,BOZNP0767W,08482569647
rec-232-dup-0,nicholas,george,,hall street,rhode island resort,brighton,3264,nsw,19920715,3273376,BGXCP5798F,
rec-259-dup-0,matisse,chandelr,362,mcbryde crescent,21st,gowrie,3498,wa,19980731,5696159,VQBMP6061Y,+91 8545747985
rec-528-dup-0,copp,troy,32,chinner c rescent,huntington,dural,6105,nsw,19921025,8516174,J6DNP3045D,8794607519
rec-4435-dup-0,isabella,dolby,16,hodgson cres cent,break-o-day,dawpark,4304,qld,19030725,7732123,QHHHP1042S,(825) 427-0571
rec-832-dup-0,benamin,spaans,72,ellerstonavenue,birkebnau,kulnura,5082,qld,19010804,1924477,,9738487638
rec-4053-dup-0,sebastian,doodhy,10,mcintyre street,,molong,2061,qld,19881126,4712894,FQYIP2643X,+919254171552
rec-4151-dup-0,matthew,brone,392,parsons street,north st ar resort,slacks creek,4501,qld,19720102,9033952,CUJIP7342Z,(993) 329-0657
rec-3374-dup-0,rachel,matthews,359,lambrigg street,main beach medical centre,burpengary,2409,qld,19290411,8890950,YRGBP6059Q,86003-75503
rec-4602-dup-0,jade,white,15,wark street,cypress garden,larrasklee,2800,vic,19520712,4303672,XKRYP3682M,+916490602101
rec-806-dup-0,jacinta,webb,37,port jackson circuit,nimmitabel motel,maryborough,3500,nsw,19991017,6667933,ATPBP7059X,74946-19154
rec-2690-dup-0,isabelle,wixeman,16,jalanga ctescent,york house,cooro y,4107,nsw,19651030,2659971,NUQNP7422X,+916789406509
rec-2376-dup-0,erin,wehr,51,tange place,whisperong pines,east fremantle,4717,wa,19091107,8202628,AUKQP0756J,73476-23049
rec-2172-dup-0,imogen,broadby,70,letters street,jemalong retrmnt vlge,frankston,3194,vic,19840516,5771467,,(619) 670-3930
rec-2134-dup-0,maddison,grubb,16,kambalda crescent,villz 2,bonnyrigg,4455,vic,19621019,8441303,XZXCP0084H,(695) 972-6056
rec-3296-dup-0,isaauc,white,15,jarman place,sherwopd,o'sulliva beach,2303,nsw,19460105,4683020,KBFQP5778Q,06295597194
rec-3376-dup-0,ruby,white,37,aprt 1a sasbas apartments,archer tsreet,whyalla,3341,vic,19920824,7891103,YUXOP7610N,9122359336
rec-4289-dup-0,elly,miles,2,vidal place,pacific regis,loganlea,6062,qld,19451126,5179731,RLSMPI723C,76730-70305
rec-4296-dup-0,timot hy,crouch,78,hussey cove,swingerghill,katherine,4570,nsw,19410812,7583582,JMBVP7258N,80388-81699
rec-3660-dup-0,savannah,corera,14,menkens court,creswick,campbelltown,4218,qld,19900512,1415502,XUTKP1510G,09874201624
rec-3082-dup-0,kyl,ryan,7,maranboystreet,,southybank,4012,nsw,19390608,5356709,WTOFP1284E,+919155683179
rec-3572-dup-0,james,weller,46,bugden ahvenue,kingaroy garden,hopetoun,2220,vic,19000913,2789546,LWEIP9250L,81042-64240
rec-3097-dup-0,nathan,chorley,931,,rosedlae,laver ton,4061,vic,19300730,6046935,SLMVP0198H,+917975222924
rec-678-dup-0,lucy,crisci,13,callister crescent,villa 2,leichhradt,4510,,19531017,6493933,YHUCP93454,+91 6919883050
rec-3741-dup-0,rebecca,coulosxn,31,groote place,rosemount,aldgate,3053,sa,19700209,5885868,RSWHP8370L,+917646587422
rec-3668-dup-0,hudson,clarke,,port jacks on circuit,,port lincoln,2680,vic,19600417,7391640,QZCQP0263B,6835065144
rec-1281-dup-0,dylan,nguyen,33,macgregor street,noot iha,geraldton,3028,nsw,19710131,7703063,WVFBP5279F,(687) 197-9843
rec-3567-dup-0,ryan,campbell,45,grimmett close,emerald garden,sippyodowns,2020,sa,19770227,9732798,CSKKP9299P,6767337120
rec-4025-dup-0,chase,gilbetrson,5,tipiloura street,cornvale,gununa,3083,nsw,19760713,9832872,KV9NP3333U,+916894638334
rec-2018-dup-0,,ranson,34,edge place,fernlea,laverton,2008,qld,,9730826,FZEAP7729F,(916) 837-3495
rec-2980-dup-0,flynn,sideris,17,bundey street,,spearwood,5016,vic,19030310,3067715,OKKZP0005A,(687) 502-0941
rec-2210-dup-0,mitchell,birkin,4,birdwood street,anglicanchaurch,bonville,3214,qld,19810614,4271401,HCQDP8354D,+919952964884
rec-4402-dup-0,thomas,brittegn,43,andamooka street,parkfiled,pakenham,2845,,19230110,8983783,,+91 8567597578
rec-2926-dup-0,,charman,753,embling tsreet,ameila,sheidow park,6168,nsw,19330313,1161308,LJCJP3085D,8584613270
rec-2602-dup-0,nikita,coady,29,watling place,,athelstone,4551,act,19160504,5801919,SZFSP5337S,8373442738
rec-2196-dup-0,timothy,de crespigny,6,barraclough crescent,,gnangsra,2166,vic,19300524,1913293,FJPNP2217V,9521040619
rec-3185-dup-0,shelbey,,19,stephen street,pine tree,port macdonnell,3172,qld,19810202,3051544,BZQTP1192A,+919434421816
rec-4609-dup-0,sophie,crisci,387,woolner crcuit,,eastern heights,4165,wa,19480428,8614805,YKNOP8280D,09533404086
rec-1477-dup-0,green,david,170,enid lorimre circuit,riverbank offices,toowoomba,2071,qld,19180714,7178350,SYBNP8798C,97278-57547
rec-893-dup-0,tyler,walchg,26,pither close,warbinyq,st ives,3871,vic,19650916,5533620,7WKOP2912G,
rec-2702-dup-0,dylan,beal,82,sargood syreet,st john of god hospital,kingusqon,2088,qld,19620914,4831404,IRSTP6133W,06650779357
rec-2773-dup-0,daniella,millar,12,rapanea street,the briae patch,taree,3193,qld,19920714,7697624,UNISP8077S,82814-99545
rec-19-dup-0,,radinger,5,namarva station,chandler street,hawthorn,2614,vtc,19120808,8644024,NKYIP6759V,+91 7276661552
rec-3862-dup-0,kiera,lowe,208,acraman place,farm s hd,thorngury,2470,qld,19830616,8834013,RYNLP5497W,+91 9851965872
rec-4241-dup-0,chloe,steane,13,blacket street,perisehr calley,kyabram,2232,nsw,19790905,5378031,PEUCP8438W,7559584763
rec-1094-dup-0,timara,campbll,12,mowleplace,,paralowie,4284,qld,19820408,1798782,ZYQWP1634V,6190825616
rec-4611-dup-0,nguyen,bailee,17,undoolya street,,kurri kurri,4128,qld,19100708,1573421,LWTXP8094Y,06869211819
rec-4507-dup-0,william,colquhoun,955,smalley c ircuit,vil la 3,harobfd,2200,vic,19141107,1327358,WUPRP5315H,08273471278
rec-69-dup-0,shaun,sleath,5,moorhouse street,inverenaath,eight mile plains,3805,sa,19580910,2873897,YCWQP9318Y,7993752643
rec-575-dup-0,jorja,green,29,moon poace,yakilli park,junee,7307,sa,19590106,3411925,MMCVP8305C,69548-21655
rec-4479-dup-0,nichols,pulrord,7,forbes street,peak view,north r yde,2131,sa,19460529,9271718,TRLSP8172Q,9229437500
rec-2371-dup-0,michaela,dunstone,37,deane street,rosedlwn,woodcroft,2065,vic,19121018,3166178,ZPNZP3328A,(895) 550-4128
rec-729-dup-0,aidan,hamdan,163,bacchus circuit,mermaid plaza dental centre (cnr gold co,mitcam,2710,qld,19101119,1603791,ICCSP9107R,9809691466
rec-1758-dup-0,kylie,trvaar,37,morrisonstreet,,westme adows,3844,nsw,19070620,1372055,SLTJP63W2V,(948) 305-3421
rec-474-dup-0,pino,snelling,82,fitzalanstreet,,avondale heights,2107,nsw,19380415,6497858,OZCVP7294L,(649) 728-5376
rec-3404-dup-0,jesdicai,hanna,7,jerrabombera avenue,yaraan,smithifeld,2821,nsw,19800101,6484233,LOEKP0583A,+91 8015387190
rec-3163-dup-0,daniele,campbell,20,freehillstreet,,towrafgi,7000,vic,19400817,6050678,IGHHP1162A,+917925689576
rec-2491-dup-0,,rollins,28,flinders way,lazy acres,kilsyth,3775,nsw,19941004,3535164,JVFZP4401Q,+916553152572
rec-2797-dup-0,neumann,alice,82,lindsay island,shand place,karrtaha,3113,qld,19731130,8004272,AUEIP5436S,94265-12793
rec-2420-dup-0,josephine,mahon,99,servicestreet,clarkoqod,arana hills,2580,nsw,19131111,4786683,AHAZP0812G,07357363736
rec-4601-dup-0,taliah,,17,,glenview,north turramurra,5540,nsw,19906111,7724515,THREP3555I,96006-50029
rec-3192-dup-0,emiily,,19,bagshaw place,legacy units,hopefield,2705,tas,19320911,7815080,KGTLP8484B,(632) 398-9746
rec-1632-dup-0,jasmine,stancombe,41,roseby street,,dulwich hill,2068,wa,19980319,8947188,CSJHP9597M,+91 7665059874
rec-3443-dup-0,jake,elphick,62,melita,olympus way,burnett heads,2067,qld,19070201,4724453,GAILP8288O,8816276540
rec-541-dup-0,monique,green,330,ashcroft crescent,claphamf arms,mount beauty,5355,wa,19181031,8543795,XFMBP4770Y,
rec-2894-dup-0,kate,dent,42,gratwic kstreet,lyndlae park,williamstown,2067,vic,19040818,6983231,HODWP7870U,90914-94998
rec-4568-dup-0,,bazley,14,pennefather street,the willotws,greensbrough,4209,wa,19110509,7072734,LUDTP0860V,6653501556
rec-848-dup-0,tayllah,beelitz,27,heards treet,,thornleigh,2478,sa,19780416,9336520,EEKHP0063R,+916715143551
rec-4198-dup-0,nathan,ryan,1304,,bute pkrk,berwick,2228,qld,19921218,5533064,YIQOP8424J,70012-65266
rec-921-dup-0,williabm,apted,101,woralul nstreet,brentwood vlge,padstoe,5290,nsw,19770910,2734917,HYAUP6211O,7382384683
rec-486-dup-0,emisly,lipscmbe,29,fernyhough crescent,carinya vlge,seaton,4503,vic,19031116,2893427,TDJGP5801C,+91 6267903522
rec-1587-dup-0,vendula,middlin,4,baldwin hdrive,,orbost,6108,wa,19790820,4808614,HZLFP7124H,07026326158
rec-3061-dup-0,bouter,hamish,40,longstay caravn park,top spot,warkton,2429,nsw,19170530,6954052,OQIJP1235B,64195-87715
rec-3634-dup-0,joshua,holmyard,87,darwin place,victoria mll estate,dovdr,2287,vic,19710810,5679774,SLUPP2568Y,94274-35731
rec-1127-dup-0,william,bobbitt,30,woralu lstreet,jingara,woy woy,2340,nsw,19240413,9731738,UPQXP4417G,8526366834
rec-4944-dup-0,lachoan,couzesn,5,salvado place,hobart private hospitl (cnr argyle),taree,2211,vic,19880729,1741428,YMOEP0243O,09999667661
rec-2716-dup-0,georgia,polmear,5,sherbrooke street,ra8 81,blacktown,3156,vic,19321116,1862687,HADQP1924O,9711773517
rec-1520-dup-0,karlee,cute,7,dash crescent,littl e forest,seventeen mile rocks,4567,nsw,19090402,3506178,UAHWP2406S,+919577772038
rec-887-dup-0,braien,kang,74,bastow circuit,inglewood,rivett,2092,qld,19290221,6533958,,80021-77715
rec-1854-dup-0,lucasj,rider,,mount vernon drive,boonsvi lle,whitfield,3193,vic,19561024,7575668,LJXZP8963B,(888) 084-8901
rec-2313-dup-0,reece,marsm,1,paul coe crelscent,catumbellodge,highett,3081,qld,19351129,4804920,EHRBP5359I,8646739417
rec-2663-dup-0,tylah,valexskc,20,beaumaris street,,preston,2795,nsw,19750402,8445597,VZRSP5108C,(751) 541-4429
rec-3293-dup-0,samuel,miles,138,hawkesbury crescent,,northgward,2148,sa,,2763477,OKWAP9430A,70336-18732
rec-296-dup-0,tristan,blackwell,36,,kookaburra village,meadow springs,4805,nsw,19430206,2993599,KBUCP0893G,(811) 948-3872
rec-1855-dup-0,livia,whise,,chaffey crescent,kooyong,corowa,6111,qld,19180719,8718575,GGOJP6577I,7321597825
rec-4044-dup-0,gus,holme,25,derry street,laure,allambie h eights,2024,qld,19580522,1510761,HXZEP0798T,08265147174
rec-2116-dup-0,mitchell,green,165,meldrum street,hdtalunga,eastwood,3490,nsw,19800917,8965691,GNCOP4852L,+91 6451150653
rec-2234-dup-0,katarski,jack,3,lange plae,rose gardens touri,rowville,3975,qld,19320704,8850947,UHROP8141V,(721) 961-9093
rec-3658-dup-0,ruby,mccarthy,9,,clear creek,minto,3305,qld,19490828,9370792,RCPDP7144H,+91 8136087233
rec-12-dup-0,caittin,hingsyton,29,braine street,,wilalgee,6200,,19980805,7044257,YIIUP4175E,6749769507
rec-1355-dup-0,hanah,morrison,14,strzelecki crescent,orchid square,auburn,2151,qld,19010126,4820527,MBHLP2814A,+919380187595
rec-1975-dup-0,tegan,whitelley,7,casuarina street,retiremen tvillage,oakleigh,5111,nsw,19440305,6180156,RKIHP8746K,81537-05599
rec-643-dup-0,benjamin,fiorenza,20,,boronia lodge,batemans bay,2295,wa,19451117,4087941,PBZUP1724I,+918294879339
rec-338-dup-0,harry,bjorksten,47,crisp ircuit,retiremente village,fullarton,4101,nsw,19830511,3332626,XJGTP6987C,82293-67214
rec-3681-dup-0,david,lowe,67,bride plface,karinga park,mount hutton,4152,vic,19231020,4604084,UOJYP0965F,+918955298704
rec-4193-dup-0,white,jasmyn,1,clemengerstreet,ningana retkrement,bomaderry,0810,nws,19210402,3139575,WEBOP4226D,(647) 843-5856
rec-2556-dup-0,radic,seanna,1497,morgan crescent,emu hill,mannering park,2207,wa,19850309,6650779,LBIAP1170J,(735) 138-5488
rec-1669-dup-0,fenwick,lukcr,94,city walk,,,6019,nsw,19071019,2392345,MFVIP9563S,68474-55385
rec-1070-dup-0,michafla,jakimow,8,stanleykstreet,miami,winstonbhills,4223,,19151111,5304218,QAHFP7680N,6025016525
rec-3467-dup-0,hunter,reid,1,purser street,vill a 43,flemington,3763,qld,19160817,6955318,SQEPP3248F,8885621225
rec-3435-dup-0,indiana,eves,42,holmes crescent,,torquay,5098,vic,19181015,2245673,WNAZP0735U,+916272089143
rec-2068-dup-0,mol ly,garcia,1,chuculba crescent,arawang,morwell,2084,qld,19571103,2305243,LIIPP7705V,09120655907
rec-291-dup-0,jordan,howie,28,hazel smit h crescent,cala sona,paranowie,2120,vic,19510822,1204980,UDKAP1561Y,8480098739
rec-4297-dup-0,alana,weluk,,cade place,locn 5940,crestmiad,7006,nsw,19150308,5179887,ROYOP5775V,+91 9741755655
rec-4464-dup-0,peytfon,mars hal,53,arabana street,,plympton south,4156,nsw,19950916,3348499,WXFXP5960C,+917099707439
rec-0-dup-0,rachael,dent,4,knox street,lakewood estate,byford,4129,vic,19280722,1683994,XGYXP0252Q,(992) 350-0690
rec-148-dup-0,rupert,suth,12,deaslandplace,carisbrook,belmont,4814,nsw,19191009,8934958,HRSKP9575D,+916027787545
rec-721-dup-0,jack,blae,12,angophora street,rowethorpe,ascot,2390,vic,19001116,9895808,ZDHKP2701S,07053373927
rec-203-dup-0,daniel,hebberman,181,,rowethorpe,sunshine north,6168,qld,19640617,9996479,XIKZP1779W,8199696277
rec-3939-dup-0,thomas,tippuns,4,glencros s street,mehelu,hinchinbrook,3201,nsw,19890111,9250708,DDIMP3373Z,87994-61020
rec-3969-dup-0,hohn,josephine,8,pandanus sreet,rosebridge,avoca beach,3173,vic,19440501,1426564,KKYYP7340L,06059688180
rec-2710-dup-0,jordan,mirritjawuy,8,batchelor street,,applecross,3505,sa,19250215,1153859,YTKAP9268N,+91 6759657605
rec-1786-dup-0,taliah,clarke,16,,brentwood vlge,green acre,4158,qld,19521121,8211585,,
rec-1595-dup-0,gs,white,109,bundeys treet,ingevale,clayton,6155,vic,19830819,8009311,WHEOP1270D,+91 9056399321
rec-3602-dup-0,trent,bizak,1,majura svenue,,northbridge,3189,,19950310,4593048,URXMP2718V,(927) 580-8315
rec-160-dup-0,emiily,cosmetto,,antill street,trewilga,croydon north,2641,nsw,,5249754,TWFMP0461A,74278-65217
rec-460-dup-0,lara,paihe,89,hibbin s place,hawkinsmas onic vlge,compton,2444,nsw,19710418,3544402,SLUHP8385A,8649247492
rec-3324-dup-0,kane,vincent,150,mcmillan crescent,balmoral garden,shoalhave nheads,4897,tas,19680908,4013554,RNCWP5613H,(918) 421-1977
rec-571-dup-0,kade,hand,14,morduant place,collaroy,ringwood,3356,vic,,5013199,ZONJP8156Q,
rec-849-dup-0,matthew,ploughman,,goodhope,severne crescent,raby,2542,wa,19900710,4917759,GPPZP9172H,9450959400
rec-3652-dup-0,michael,pesitka,27,tabbagnog,fisken crescent,seven ihlls,3204,nsw,19610803,4973970,UDYFP1895H,+91 6006322635
rec-583-dup-0,white,reganne,2,souter place,,ermington,2736,vic,19310928,5159705,QEREP8039K,9180272577
rec-4028-dup-0,lachlan,godfrey,45,lienhop street,sorretno,lalor,2350,sa,19080429,9107241,HFIRP8529B,(668) 031-9147
rec-1086-dup-0,,graue,77,munro street,ellwood,kurri kurri,2200,sa,19301127,7287444,MUBJP3205I,+91 8816513718
rec-3469-dup-0,richard,roc he,104,beaurepairecrescent,the garden village,cranbourne,3073,wa,19870624,5733343,UGMBP5559J,+91 8379098742
rec-2743-dup-0,mccarwthy,henry,13,beasley street,crystal brook farm,ingleburn,6164,,19770913,1347524,OAVAP2422V,8562898751
rec-4320-dup-0,holly,du,115,harrick s crescent,shopping vlilage,brighton,2162,vic,19390830,5581617,ZDEKP6660D,+919487438175
rec-2927-dup-0,sebasitan,sitepa,39,whitton close,,inneston,2526,,19910429,6906715,HLXJP9342C,89999-39157
rec-4253-dup-0,harley,mclsine,419,john young crescent,,hamilton,2621,qld,19380511,5510205,VUJHP6875N,(959) 207-1350
rec-4745-dup-0,lucas,kulesza,7,bertel crescent,southern cross,lawrnece,2577,wa,19460901,1047465,JHSRP9669U,(906) 897-6637
rec-4566-dup-0,archie,mccarthy,9,playoust place,kerirsoca,ascot,9319,vic,,4937930,SJZOP1242G,+91 7457009001
rec-1526-dup-0,dominic,elwan,91,tinderry circuit,larnach,coutts crossing,3350,vic,19890825,6995897,IJXKP1328X,08357235202
rec-4665-dup-0,ky,morrison,275,hardei close,arthur rivfer park,mount eliza,2031,nsw,19411120,9053979,ZCNUP5328E,+91 9452835241
rec-74-dup-0,pia,nguyen,2,eyre street,,lake clarendon,5023,nt,19591021,6742110,BFEWP3174X,
rec-3878-dup-0,briley,shedlon,16,ellerston avenue,melaleuca,hamilton,4226,vic,19200327,8538395,GSSZP2668N,+916774878232
rec-2457-dup-0,caitlin,whiter,10,yabsley place,belloan,altona meadows,2280,nsw,19020814,1317399,IITOP8295U,(858) 556-4236
rec-2477-dup-0,rohah,stoneman,,kent street,secq1,northgate,4100,qld,19320612,7675532,DEYNP7403K,(902) 118-4265
rec-4123-dup-0,le ah,huxley,4,knoke avenue,,minto,2782,nsw,19680903,4353919,QEVRP1754J,08694636144
rec-4100-dup-0,william,,32,doonkuna street,colomie,dululu,4560,,19860326,9704755,FXYLP9487C,
rec-4908-dup-0,hannah,miles,1,majura avenue,locn 2916,kiall,2617,qld,19930602,1629688,NOZDP7967A,+91 8294112016
rec-2025-dup-0,tyler,parr,58,adams cottage,gibbes street,salisbury,2850,nsw,19151120,1803541,IDGLP9164P,7593020444
rec-1805-dup-0,jadkson,thorpe,21,grayso nstreet,kilwinning,daisy hill,3058,nsw,19460526,3307556,FBSRP1112Y,+919486447631
rec-43-dup-0,sarah,neylonb,54,wilkinson street,,guilderton,2481,nsw,,3794258,SSLGP8607H,09837704782
rec-3237-dup-0,adam,,200,belconnen way,dolphin amcade,underdale,3188,nsw,19440418,1726023,,09094539137
rec-3471-dup-0,tayla,donalfson,8,stobiemplace,heritage manor est,newomb,4104,sa,19120731,3361470,HLMSP0271M,+91 7138540250
rec-374-dup-0,chelsea,ryan,13,myles close,se c 1,stonfuell,5159,nsw,19510812,5489594,HKDDP5475M,(671) 818-6026
rec-361-dup-0,jasmine,clarke,11,yampi place,thistjiedoo,noble pzrk,5608,vic,19760322,9579446,SZTYP6778T,+91 6269882368
rec-4046-dup-0,carla,matthews,3,waraman ga place,,humpty doo,3064,wa,19480730,5223185,LPHJP2803T,(812) 532-8900
rec-866-dup-0,emiily,stanley,,anthony rolfe street,,st kildau east,3765,tas,19051127,2491635,KGAAP3389N,8294645827
rec-397-dup-0,elizabeth,wojciechowski,16,walkercerscent,,winston jills,3066,nsw,,6972527,JLZAP9542R,7391321287
rec-3914-dup-0,mya,rundle,9,adair steet,mehelu,north narrabeen,2090,sa,19110912,9427450,GADFP1716C,
rec-4425-dup-0,tiana,bastiaans,34,decima circuit,,hallsville,4702,wa,19150613,1914490,LLDFP1987D,66757-92973
rec-2195-dup-0,scamoni,samuel,56,daly street,bradshaw crt kirkbrae village,wahroonga,4002,nsw,19740814,6876315,IXSTP3687Q,09089415290
rec-4493-dup-0,,braithwaite,136,hain place,john flynn medical centre,bellevue hill,2234,qld,19730806,8732209,WVJYP3063M,(838) 441-5029
rec-1025-dup-0,grace,maynard,2,woodgatestreet,,greenwood,2261,qld,19860314,4508059,XJTYP3718P,6012782151
rec-498-dup-0,olsiver,nguyen,222,mulder place,shalestone,elizabeth park,2150,vic,19190909,6981679,QFQFP6828X,+91 9697143007
rec-4292-dup-0,channing,white,,limbunya street,willow lodge,lutwyche,2264,wa,19401116,3839656,SJIPP356HF,+91 7601749838
rec-1932-dup-0,sehnna,clarke,20,mcleod place,hawkins masonic vlge,annangale,4600,nsw,19310802,8149220,HXDCP3594F,+91 9600541269
rec-2084-dup-0,anthlny,david,1241,goyder street,rosetta village,carnegie,3178,nsw,19200422,8338112,LKRJP9053R,+91 8689978302
rec-3912-dup-0,thomas,grooby,6,noel ryan g arden,emu ground,new lambton heights,2460,nsw,19640331,3528341,SXVLP6120Y,95677-67419
rec-3116-dup-0,hollie,green,7,darlot place,wanneroo central hsopping centre,cleveland,2590,wa,19240914,1412872,OXFPP1361L,06474069437
rec-710-dup-0,christopher,edsno,31,bennie street,,tailen ibend,4868,qld,19880809,2348557,KIBAP5399N,99113-41851
rec-4153-dup-0,noble,jaco,60,marrawah street,trewilga,bondi juncrion,2031,qld,19960409,3790542,OSNNP9753Y,+918436411938
rec-3816-dup-0,charlotte,reid,62,debenham street,sattwa wpark,yarraville,5170,vic,19921022,8847906,BEKJP8102Q,08737515755
rec-1339-dup-0,ryan,verne,40,hyndes crescent,kurraojng,glenmore park,3730,qld,,4388841,DEVNP4960M,09158216770
rec-4154-dup-0,joel,nalpantidis,,paul coe crescent,rp 24089,baskerville,6230,sa,19501117,3815548,SHDKP010DX,
rec-688-dup-0,sarah,crosswell,37,handasyde street,matlock,beaumont,2773,vic,19860320,6179719,NSLOP5522L,+919975419916
rec-183-dup-0,connor,orpwood,171,domain street,brampton,forrest,2040,vci,19870522,2514560,,(886) 111-1102
rec-3832-dup-0,jasck,rochette,53,bennelong crescent,bexley,lakeba,4352,vic,19921210,4014081,OAZJP7430W,(749) 520-4428
rec-3285-dup-0,matthew,coleman,9,eggers fplace,carinyah station,lalor,4707,vic,19111230,1110230,WNDIP6155X,(721) 411-5621
rec-4945-dup-0,catherine,croucj,23,jindivik place,,mosmanj,3953,nsw,19890926,4741965,RQHJP5320A,07708627442
rec-4634-dup-0,rachel,dekain,1748,hugh mckay crescent,stockwelf hotel,inverleigh,5268,wa,19400613,7083021,GNROP2588N,09142736003
rec-2310-dup-0,isaiah,dixonv,6,whitford olace,ettalong beach village,bonville,3072,qld,19321222,5795586,ADOQP0342M,+918054784917
rec-2271-dup-0,emiily,perduns,19,wilkins street,yenda unts,broken nill,3124,nsw,19990108,5105163,TCFJP2612O,06053009914
rec-4490-dup-0,kai,mason,37,trimmer place,glenlee,warrane,4123,nsw,19651116,3359595,GFOFP5291Z,+91 9166402382
rec-1866-dup-0,nathan,campbell,41,la perouse street,st francis room,glengowrie,6148,qld,19060719,2639541,XMCIP8582M,(633) 354-7893
rec-4548-dup-0,,chandler,183,macnamara place,st johnof god hospital,greenwith,2047,wa,19011201,6692802,SIJYP7216M,+919898227342
rec-103-dup-0,amelia,kingswell,,sunny rbaes,balbo place,tuchekoi,3192,vic,19520510,7388956,KZHTP5300Z,09362365405
rec-2774-dup-0,dylan,herbert,150,andrews street,brentwoo dvlge,sheido wpark,5067,vic,19430105,4521571,YPJMP8736X,6225438586
rec-226-dup-0,,faehse,65,henry melville crescent,,wanniassa,2173,vic,19490602,9923153,,+91 8093898427
rec-3549-dup-0,taylor,thorpe,11,kambalda c rescent,louisa tor 4,angasgon,2777,qld,19421128,2701790,NRIOP8915V,+918890757004
rec-4344-dup-0,marcus,roddik,46,stonehouse,fullerton crescent,cashmere,2753,vic,19381222,7785247,NKNJP8340A,08458477986
rec-4079-dup-0,lachlarn-john,,26,taberm ory,officer crescent,nambour,2395,nsw,19250213,5785896,LYFTP4742Q,06820681974
rec-3732-dup-0,singleton,harbry,57,mackenzke street,terranora,currambine,2506,nsw,19170130,1412842,YFVPP0258C,+919089441098
rec-1531-dup-0,aidan,minorfhio,13,ningana,chewings tsreet,vermont,6056,qld,19500604,7288279,WMEEP5377A,+91 6059816721
rec-70-dup-0,boyle,andrew,1,curtain p lace,,picton,3184,qld,19400722,1618417,KSERP3414K,07148648527
rec-3000-dup-0,caitlin,everett,716,vincent court,clive steele avenue,penshurst,2111,qld,19010417,1129560,VAFWP1381M,06550300984
rec-4136-dup-0,,vincent,47,kentstreet,,forest hlil,4655,vic,19190304,5807175,SEETP4418J,88261-61484
rec-1285-dup-0,sophie,fitzpatrick,5,longerenong street,briars meadows,kincumber,2450,nws,19200110,7018366,DHCAP5190B,8816540253
rec-451-dup-0,daniel,chandlr,31,porteous cuescent,northaven,ashwood,2152,vic,19410825,3631138,RGCYP2578P,+919400364236
rec-3543-dup-0,tobp,roles,63,chippindall circuit,,peregian beach,2337,nsw,19770325,8154319,GTEGP4318S,08470325737
rec-3256-dup-0,liam,graniger,63,magrath crescent,brindabella spe cialist centre,mclaren flat,2014,nsw,19690906,9030528,RJKDP8886V,7022845364
rec-4351-dup-0,leon,clarke,25,upper green farm,antill xtreet,laverton,2115,sa,19540826,3910047,VUWEP7334L,+91 6799238752
rec-1727-dup-0,revee,noble,7,finlaysonplace,nordal e farm,bellevue hill,4032,wa,19080324,7109523,LCYBP7037H,+91 8107534396
rec-130-dup-0,hary,mcgreogr,8,vanzetti crescent,mansfiedlpark,taee,2763,nsw,19670709,2611052,NCOBP8292Y,(886) 387-2568
rec-3988-dup-0,eileen,n oah,5,howitt street,roseber y hill,hinchinbrook,6061,vic,19120313,1859126,DRQIP2720P,(884) 692-7414
rec-4094-dup-0,michael,rushforth,7,dannevig place,leumeah,floreat,4700,qld,19991004,6078871,,7326104772
rec-3894-dup-0,george,snelling,18,,,paterson,6136,nsw,19800918,5346431,OUNYP9464P,09915942010
rec-1453-dup-0,ree,zachakry,69,ainslie avenue,rainbow end,maryborough,6510,vic,,6740355,,
rec-3742-dup-0,sophie,friswell,40,sunbury,shannon xircuit,geurie,3181,nsw,19050421,7502749,LTQJP5420B,+918316479699
rec-4784-dup-0,sena,blackwell,2722,may maxwell crescent,glees on park,stratford,5201,qld,,3485540,MTCJP9870C,07306361989
rec-4704-dup-0,keziah,laveoder,11,rankin street,,hazelgrove,2088,vic,19780813,6420551,ZQULP6549B,+91 8183972565
rec-1481-dup-0,thomas,humphreys,35,mayne street,gullcottzge,the entrance,2000,qld,19880516,3033895,YJARP6356D,+917369781312
rec-3212-dup-0,kiara,ryan,13,korrelocking,towns crescent,rowvi lle,3188,wa,19630411,9105948,,+91 9932390143
rec-3839-dup-0,kimberly,coleman,53,abbott street,willow dene,tarragindi,3142,qld,19120405,8790959,UHNOP6891E,+91 9499838951
rec-4641-dup-0,jessica,weller,318,,lismore road,padstow,2191,nsw,19600919,4837774,OWZTP9217F,+91 9073988827
rec-1459-dup-0,tiania,lionis,207,domain street,jewells medical centre,pennant hills,3463,qld,19990424,5662051,YORKP8949B,86352-62183
rec-2803-dup-0,abigail,paterson,2,begaflats,bowenoark,blakehurst,4151,tas,19021218,3213309,KRPDP4439H,+91 9917072495
rec-4894-dup-0,,satl,71,blaxlan d crescent,,atherton,5075,nsw,19550406,1176207,XZKVP5301N,+91 7289210226
rec-3331-dup-0,zane,dixon,11,bousteadc ircuit,baranbali,redbank plains,4740,nsw,19590328,3307725,HWHLP9085M,
rec-2257-dup-0,friebel,michael,4,lawrence wackett crescent,port faiyr road,northgate,4109,nsw,19511002,3055957,YWHZP1889D,+917079884157
rec-3426-dup-0,emiily,sarifao,13,boobialla street,the meadows,clareville,2229,qld,19740226,5576047,AFAKP2056E,06583089541
rec-3054-dup-0,brooke,harrinhton,88,badenoch crescent,,lockleys,3042,wa,19910123,4738674,PZMDP5355O,8892384349
rec-1376-dup-0,,greeln,32,brockway circuit,nuffield village,torrensville,4221,nsw,19591115,4867858,AEPUP2112J,+917202878629
rec-1438-dup-0,nicola,orchatd,12,mollison street,,cherrybrook,3915,nsw,19530103,1330482,ESSQP7225G,83467-67294
rec-3302-dup-0,blaize,koopman,17,allison place,aldersydeestate,balwyn north,4650,nsw,19110608,7823755,YYEYP7189I,+918924594943
rec-1359-dup-0,jacob,maynard,11,lutana street,caprice,lower templestowe,2702,nsw,19370219,2009297,LIKTP5455P,95102-53672
rec-4775-dup-0,callie,webb,164,dalley cresrcent,rocklea,frankston,3094,qld,19081121,5176285,XYKCP2589V,8455470144
rec-1900-dup-0,jasmine,matthews,25,osburndrive,marathon mews,burwood,3158,wa,19691211,9299325,MJBEP6672M,80122-99371
rec-59-dup-0,harley,paepke,24,callaghan street,hd aloenby,jindalee,7250,nsw,19120621,6421301,PLVGP2834G,8418101943
rec-527-dup-0,max,bradshaw,,marrakai street,arkava,rollesron,3108,vic,19621220,4677446,KMZJE3777K,8109764919
rec-353-dup-0,bartel,zacharz,116,leistsgreet,the gums,hawthorn,3178,vic,19481219,9052374,OMQGP5133A,(777) 226-0523
rec-3636-dup-0,alannah,mcfaddien,12,fitchett street,brentwoof village,yass,2062,nsw,19470701,1930825,NXLPP5959A,(819) 734-9923
rec-2552-dup-0,hayden,everett,31,molesworth street,horse-shoe bend,boulder,6000,tas,19770116,1369074,CKDRP9388Z,+91 9339945903
rec-4940-dup-0,ky,greegn,61,twelve trees crescent,opal cov e esort,kingaroy,5251,nsw,19260320,3138813,JUYHP6352S,65693-14308
rec-3291-dup-0,zachary,thorp,,o'shanassy street,northwest medical centre,cobains,5242,nsw,19930508,2541552,UFFKP6905C,69168-08819
rec-2856-dup-0,chloe,setlhong,4,nunki place,yacklin,cronulla,6614,act,19950628,2829638,JU7PP6848K,+918495887992
rec-851-dup-0,,thredgold,32,rivers street,oakdale ranch,mooloolaba,4715,vic,19250525,2372485,RDZNP6107O,+919158830922
rec-4914-dup-0,charles,matthews,2,magarey place,rowethorpe,penbuin,2560,qld,19150316,5165120,PDQUP9554A,06504110057
rec-914-dup-0,dylan,szmrja,6,ellerston avenue,,como,3824,vic,19610131,4996805,EBCPP1223H,(960) 000-7643
rec-1045-dup-0,harrison,hoang,10,mccaughey street,winchester downs,preston,4262,vic,19360225,1076510,EKKNP2812H,(833) 047-9379
rec-858-dup-0,lcuy,hassall,84,kulgera street,orchid square,northbridge,2580,nsw,19150908,8007265,OIWEP2187R,6345786960
rec-2278-dup-0,imogen,biship,10,badimara street,rockvale road,mount eliza,2660,qld,19460109,9681877,JIVAP7101N,9474362758
rec-281-dup-0,evan,calio,40,sugarloaf tcircuit,mulvra,karalee,3033,nsw,19251026,1186290,PPOSP6822C,07698305553
rec-2320-dup-0,alexander,musolino,43,duggan street,the bend,kingsford,2483,nsw,19850417,4595017,PPLJP9779Q,7108982589
rec-107-dup-0,samudl,george,30,dobinson place,grand view,yarrawonga,4170,vic,19070403,8880903,TNZQP1604G,08850607427
rec-4480-dup-0,jesscia,serafin,11,bucknel circuit,farm shed,toowong,3130,nsw,19140516,5581897,JEVHP1663Y,09691857260
rec-3689-dup-0,hewson,shantal,28,jardine street,,vermont,2750,qld,19140410,4042276,BGSHP9524L,8480794419
rec-3108-dup-0,georgia,carbone,20,ross smith crescent,medicalcentre,southbank,3070,vic,19910825,4433630,BBDUP1287N,+917137015558
rec-2212-dup-0,samuel,hobson,28,louis lodersstreet,grant patch,naremburn,4005,sa,19270607,5061265,ROIPP9737T,+918119998431
rec-1725-dup-0,lachlan,,27,mugga way,,leichhardt,2105,nsw,19700930,6838887,ZFRXP4736G,60150-63370
rec-2238-dup-0,millane,laundon,14,forbes s treet,red cross units,auburn,2035,nsw,19150209,6060013,OITWP1799K,61574-03186
rec-153-dup-0,jake,reid,25,agnew street,sunnyveiw,toowoomba,3450,vic,19230613,2239660,UJOYP0672Q,07378471243
rec-171-dup-0,laklynn,mcniell,73,forbes street,peridon vlge,tuart hill,4217,nsw,19690421,8431709,OSBPP10962,8720750582
rec-1479-dup-0,fabel,jessica,28,hilder street,mount be auty,glenlee,2116,sa,19140806,5932691,BOQCP2701J,+918919620992
rec-2270-dup-0,charlotte,valasakis,12,gsala view,kohlhagen street,scarborough,2660,wa,19750220,7975898,DDZIP8982Z,06045941909
rec-4557-dup-0,emma,white,1,eaglemon retreat,glenmore,eight mile plains,3025,vic,19600613,4488560,NYIRP5337P,+918092400537
rec-4309-dup-0,dylna,yen,83,duffy street,apt 2050,keilor,6056,nsw,19890827,5035246,POVCP6579V,+919689060440
rec-4710-dup-0,,robson,10,flegg crescent,kuliu p,woongarrah,3149,nsw,19880603,6084403,FYHRP1503F,08240412593
rec-2151-dup-0,ayla,colefsx,3,o'halloran circuit,riana,belgrave,2228,wa,19611006,9876911,SRUZP8384X,(887) 472-2169
rec-411-dup-0,thomas,eganq,347,tipping p lace,,peterborough,3585,tas,19430730,4456007,PKQPP1094V,+919053377146
rec-3161-dup-0,ellie,oatwy,84,woollum street,blaxlans ck,lower templestowe,1296,wa,19390419,9791693,OIUPP8724E,81955-37182
rec-2903-dup-0,vianca,rya,5,mareeba street,manila,leichhardt,2480,tas,19211205,7065063,KAIGP7509M,9827111092
rec-2992-dup-0,noaj,bruhn,23,boas place,engelbert wing,marks point,3150,nsw,19590207,8815164,ALTFP9152M,+91 9791237252
rec-2623-dup-0,alannah,morrison,15,youl court,brentwood vlge,como,2031,vic,19450628,3163775,WOMGP2098S,(862) 108-9008
rec-4635-dup-0,isaeblla,white,8,cooling place,massey green,rosebud,6151,sa,19990911,2206317,SYDBP7246M,(654) 558-3783
rec-3525-dup-0,kifra,spratt,14,giles btreet,rajamare,cleveland,5127,qld,19390404,2611615,,+918705206801
rec-2194-dup-0,samantha,,,o'sullivan street,brentwood vlge,yarra jubction,7320,vic,19380113,3912051,USNBP3474M,(666) 906-7652
rec-4090-dup-0,lia,hyland,36,lomatia place,walkers ridge,regents park,3197,nsw,,9557159,RJRLP3485D,78803-86327
rec-2233-dup-0,noble,ty,119,sherbrooke street,coolalinga village,woy woy,2500,nsw,19821125,2989264,EBXZP6399K,08484740414
rec-1305-dup-0,robert,spalvins,48,,,magill,3031,sa,19490528,6830679,WXHMP5924B,09422035056
rec-984-dup-0,lucy,bickerstaffe,108,graham tsreet,st francis village,marmongppoint,3153,qld,19860422,2491252,JNIZP1612V,9520007617
rec-2503-dup-0,coleman,vendula,21,currong street,cherrym ount,riverwood,2526,vic,19940114,6675466,ZFXKP4892Z,+91 6285600046
rec-4707-dup-0,amber,estacio,4,glenmaggie street,perry park hostel,launceston south,3057,qld,19720412,3256476,LVKM33481R,+916695810103
rec-2832-dup-0,mitchell,cute,161,buntine xmrescent,murray river queen,lake muhmorah,2518,vic,19470802,9610204,QNWYP0640M,07016035407
rec-3377-dup-0,tabitha,weetra,115,marika xtreet,langley flats,woollahra,2438,nsw,19591205,9251852,WDRPP1384F,
rec-3829-dup-0,madeleine,white,27,beagleistreet,apmntm03,morwll,4655,sa,19411110,3498158,OGZHP6548W,(817) 654-3973
rec-1774-dup-0,kayla,lommaen,11,barber cescent,springetts arcade,south arm,2101,nsw,19970818,5339302,YNQFP0199O,8834996431
rec-4132-dup-0,jake,warnock,98,,rosettavillage,tarlga,2744,sa,19670608,7452671,JOJSP9954L,9957076817
rec-4144-dup-0,holly,rees,357,granny flt,palmer street,naifne,2387,,19700911,3352448,IMAXP9404J,+91 7751842768
rec-2748-dup-0,alex,beatton,273,kosciusko avenue,anzac house (cnra rcher s street,midway point,4214,sa,19100717,3485662,RVJLP7814D,7702196306
rec-4958-dup-0,peta,edson,209,banner cstreet,,highgate,2257,wa,19940118,4862259,,8416253003
rec-1778-dup-0,,dieckmann,,mckinle circuit,rsl building,panoarma,2225,nsw,19820207,8380171,ANFDP3400F,9376375839
rec-1004-dup-0,john,priest,1,damala street,woodstokcipark,beaumont,2566,wa,19420618,7215574,ZTSZP8239H,+91 8506387750
rec-2657-dup-0,,portlock,27,lightfoot crescent,linton,frenchs forest,5037,nsw,19330619,6392001,,+919735890475
rec-2027-dup-0,oliver,bissett,6,carnegie rcescent,crom dale,kingston,2101,vic,19020522,1262608,YYZNP5643R,+919008526775
rec-3767-dup-0,danielle,clarke,7,port jackson circuit,goyde r centre,hoppers crossing,6108,nsw,19810727,9407324,TBVBP1897Y,09696590970
rec-1943-dup-0,imogen,coffey,17,mclaren crescent,kooy ong,ormeau,2782,nsw,19250214,6944252,VZLZP3033Y,(865) 960-9821
rec-2180-dup-0,max,whte,220,braund place,aprth 5e9,ferndale,3337,qld,19110220,5718630,ZLVMP7557W,(979) 208-7758
rec-3299-dup-0,emiily,gredn,19,callemonza rise,ocean park towers,semaphore park,4306,qld,19540924,1804853,HOPSP9205U,6753328873
rec-2669-dup-0,emiily,rofi,56,darwinia terrace,oma,hawthorn,3173,qld,19600518,9178046,PYPCP5913S,6246011508
rec-1007-dup-0,benjamin,goode,54,weipap lace,kimberley,san remo,4660,qld,19660117,3264752,WMFCP1421X,8757188850
rec-1772-dup-0,alysaha,hyland,220,hinchcliffe place,araawng,malvern,3146,tas,19731211,6582947,LFWLP3114A,7652861962
rec-3051-dup-0,papanortis,caitlin,25,de burgb street,aptmn 12,clevelland,2100,wa,19720329,2397064,TKMAP6150E,73333-36996
rec-834-dup-0,sarah,ryan,17,nelson place,toowooqmba,croydon north,0860,,19610701,2369541,YYBQP8973P,79491-41240
rec-2804-dup-0,,gilbertson,5,goodwin street,court units,etheoton,2193,qld,19020904,2878907,XPUQP61980,+91 9849582772
rec-2661-dup-0,rily,mort,4,shirra close,the meadows,kalamunda,0880,nsw,19870801,4540256,PCHXP0438M,64009-06339
rec-2708-dup-0,alana,mcgregor,8,chandlergstreet,loughmoer,blue rocks,5081,nsw,19841227,3230948,ABNWP9336Z,+91 7562354198
rec-1208-dup-0,,kars,120,gurrang svenue,,rosslea,3241,vic,19880426,5932561,KCSTP8340N,+91 9098391768
rec-431-dup-0,jack,wastell,91,bromell circuit,mountbeauty,springwood,3184,nsw,19030130,1134532,KUPDP5873E,+91 8485491245
rec-373-dup-0,yasmin,ried,8,gurr street,gunn'sg ully,san r emo,2011,nsw,19530308,5213022,LIHHP9987Z,79720-73647
rec-4588-dup-0,deakin,nguyen,142,pasco street,erinsrest,marlo,4560,tas,19060928,1380475,OUZQP8303I,+916377363227
rec-2441-dup-0,sophie,furze,590,goldsborough close,,carina heights,3171,qld,19110502,4765244,YRUGP3285X,69572-16936
rec-4312-dup-0,imogen,aldesron,11,merriman rcescent,,kinrlss,2528,nsw,19041128,2621570,,+91 7940077894
rec-3905-dup-0,jessca,mccathy,42,moynihan street,railwayucottage,st lucia,4806,qld,19770301,6423000,ZZWAP3661O,+916063367116
rec-4652-dup-0,michaela,mcandrew,25,parker smreet,,avondale hdights,3121,vic,19170418,2879085,BUOQP8574H,+916706429425
rec-116-dup-0,annika,mason,26,ainsworth street,legacy units,eaglehawk,5159,sa,19860615,2777725,MJRBP1096N,87212-31619
rec-4040-dup-0,adam,carbone,16,warrai place,cheroke e vlge,elizabeth south,3150,qld,19820611,2023828,BBAEP6960M,+91 6575796545
rec-4244-dup-0,mitchell,haeuslek,55,denny street,yarrawah,geurie,7300,vic,19280613,1941344,CODTP4907O,+916737549070
rec-1718-dup-0,chritsopher,gazozla,10,franks p lace,citi detre,alice springs,6009,qld,19630524,4662409,ZWVOP0568Y,(610) 585-8906
rec-459-dup-0,joshua,white,60,gabriel place,the maedows,liyldale,2044,vic,19230819,5884108,IWYLP4677Q,6560587853
rec-3039-dup-0,bodhi,maczkowiack,5,box hill avenue,st francis village,broome,2760,vic,,8515756,UNKHP8327L,8480899896
rec-3101-dup-0,fehrmann,jacqueline,3,eungella street,penquite road,marayong,3103,wa,19651021,6612185,,07339929011
rec-471-dup-0,lucas,mcgrgeor,29,brigden crescent,deridgeree,casio,3135,nsw,19491115,7215881,FTUCP4819C,(887) 483-8211
rec-930-dup-0,adan,cadman,20,kingsmill street,mirra monte,ulverstone,4614,qld,19140525,1543323,,+916029715879
rec-4170-dup-0,noah,rawligs,6,melroseidrive,lethbridge court,darlington,3216,nsw,,8526649,HZKJP7780M,07735118764
rec-2245-dup-0,chelsie,goldsworthy,21,woronora street,alanvale,south wentworthville,5290,nsw,19500133,5547857,TGGLP7840Y,07676665569
rec-329-dup-0,isaac,wilczek,60,sugarloaf circuit,eldwick,thirroul,2325,nsw,19630615,5960552,JFGHP5468O,60777-32547
rec-3282-dup-0,indiana,clarje,9,wade street,,llandilo,2077,qld,19450816,7669254,WTJVP3566X,+91 8975520252
rec-3137-dup-0,rifey,dumbrell,11,terry close,,naremburn,3031,qld,19870116,3888893,VWVMP8150C,9651601542
rec-2226-dup-0,oscaf,bitmaed,3,ellerston avenue,glenveiw,deer ark,4020,qld,19670102,5440118,PRLZP5703K,+91 6150709992
rec-4089-dup-0,jasmine,blake,7,mugga way,mannivadar,east fremantle,5008,vic,19531120,3831376,UMOZP9336H,81648-16071
rec-3200-dup-0,jenna,ryan,79,arulbin,kelleway avenue,lutwyc he,3182,vic,19330417,9427822,GKQGP5997H,+917051995236
rec-3080-dup-0,bridget,rippingille,11,,,comj,6152,vic,19200930,1882529,WAUCP6508M,9896464787
rec-3697-dup-0,mystique,agius,79,cherry ha ven,meeson street,albion park,3104,vic,19720822,4578360,EPQQP5563L,09584323088
rec-1259-dup-0,talia,allard,2,groom ureet,fair lea,magnetic island,6064,qld,19060220,2778608,MTSVP4597S,86968-09262
rec-42-dup-0,sarah,pringle,49,pitcairn street,riverside park,meadow sprngs,3305,qld,,1621253,KHIWP8V63W,+919064627097
rec-987-dup-0,,lodge,634,companion c rescent,,ballina,2116,nsw,19020407,1555679,NCZFP0482U,63958-74521
rec-700-dup-0,noah,menzhies,18,bingley crescent,east lynn,abbotsford,0870,nsw,19391026,1502043,NIMCP3756W,+91 6796144613
rec-2597-dup-0,fergus,ryan,238,percy croscent,mariner views,birminghma gardens,2148,nsw,19021227,4783232,ALTWP7870C,(818) 146-5741
rec-3425-dup-0,ashleigh,matthews,2,green street,boxwood hill,winston hills,4858,vic,19140406,3711823,NESRP2701M,81238-14966
rec-4196-dup-0,luke,cowle,51,dampier hcrescent,glenevxe,vermont south,4722,qld,19160724,3612406,MDNIP7322T,9627982408
rec-3824-dup-0,kayl,stanley,378,namatjiar drive,campaspe,pullenvale,5097,tas,19480518,3422844,OVGQP7183P,78990-97983
rec-3229-dup-0,lily,absegnger,174,morrells park,brinsmeadstreet,ryde,5073,qld,19091001,3481813,BRYGP3051Q,6582030965
rec-433-dup-0,cameron,cioffi,11,,inverneath,newf arm,2153,qld,19860725,7511789,,06022444195
rec-1629-dup-0,karal,talapanebi,166,kater place,allanvale,balcatta,3133,vic,19671223,4859425,DVZXP7035V,+916869395577
rec-641-dup-0,alisha,reid,,rosenthal street,blue haven village,rushworth,3293,nsw,19951211,3980129,JCCBP1985L,9267902290
rec-1865-dup-0,blake,hayley,4,dickson chiropractick dickson chambers,goughs ay,coffs harbour,3075,qld,19391107,1285867,EFOKP3861D,+916818312404
rec-2590-dup-0,noah,birthisel,,marulda street,nunkeri,abbotsford,2820,vic,19960805,7177159,PWFOP8970X,+91 7679581642
rec-2935-dup-0,thomas,nickolai,17,clode cerscent,bendigo retirdment village,woy woy,3851,tas,19390429,4414879,UBJDP1611O,(904) 900-1037
rec-793-dup-0,lachlan,hukowsykj,18,laidle y place,maria,brighton-le-sands,2137,nsw,19821022,2246928,ZGYQP0995Z,+919071138794
rec-4084-dup-0,ethan,beckwith,26,hirst lace,miniacres,morphettville,4870,qld,19981113,9473353,KELUP2801F,(833) 994-8637
rec-1300-dup-0,joshua,corbin,83,fiveboafks,tweed pvlace,keilor,4718,nsw,19721018,7955748,CWWFP8437H,07013892639
rec-1596-dup-0,alexanedr,green,18,juliaflynn avenue,sec 375,connolly,2541,nsw,19071024,5282495,QZFRP9287P,70652-64124
rec-4387-dup-0,holly,neumann,6,ordell s treet,littledale,blackmans bay,3046,qld,19340707,6366326,WUCRP9893O,6195621846
rec-1494-dup-0,harriet,jean,184,gooreen street,ordview estate,greensborough,5079,nsw,19600312,4399358,RKHOP4593A,95299-25257
rec-2081-dup-0,daniel,morrbison,21,canberra vaenue,st columbus retirement centre,como,2007,nsw,19610731,7414976,PQETP9459Q,8705188279
rec-2655-dup-0,kelsey,ovens,63,biraban place,eventidexhomes,st albans,2470,act,19891030,4850685,,+919690096615
rec-1992-dup-0,daniel,george,28,riley place,coloolivillage,paddington,2630,nsw,19580820,4862317,DFBBP9844K,(972) 465-6070
rec-1916-dup-0,ruby,pukrdon,356,downward place,st columbus retirement centre,forrestfield,2167,qld,19020131,8807072,UYSMP4916P,07221560375
rec-1221-dup-0,kailey,herbert,40,popplewell place,rp 240o89,clevelxnd,7470,vic,19381017,7131960,QMXEP3132K,94432-82312
rec-2277-dup-0,noah,white,2,bardsley place,lindoran,booofwa,5021,tas,19480206,7052624,XGCXP7844Y,07051752821
rec-315-dup-0,erin,kunoht,131,wyselaskie circuit,,wendoryee,6107,vic,19340721,4791842,KMWHP3574Q,+91 7207261267
rec-2536-dup-0,kayden,nguyen,14,willaroo,batman street,toowomba,2736,nsw,19940208,6065480,KTXMP9009E,(641) 550-2398
rec-2339-dup-0,jarod,clarve,19,wilsmore crescent,locni7560,fairlight,2028,vic,19151004,9604490,LHFNP1780I,81480-90910
rec-4957-dup-0,dayna,tapper,16,roseworthy crescent,,malvern,4218,vic,19210608,2412058,RYXQP1021G,7909853519
rec-3744-dup-0,jakf,jongwaard,195,,,taree,2035,act,19200201,4423130,RQKXP0008R,+91 9333825047
rec-3478-dup-0,brydon,golder,2,streetep lace,belfbee,ramsgate,3179,vic,19651217,1997517,BNVPP9878Q,76346-20069
rec-4372-dup-0,lachlan,mcgremgor,29,dexter street,champsa ur,acacia ridge,2430,nsw,19140121,2910651,OCQCP1314P,63784-90428
rec-1040-dup-0,keley,magripilis,28,slight place,alice downs,toowoon ubay,5096,sa,19930412,1189146,MPZMP2885M,06897162741
rec-4778-dup-0,hannah,browne,4,fergusson crescent,,mount dandenong,2645,vic,19181016,1931940,LIRKP7557P,+919175149614
rec-3760-dup-0,keaton,stanley,12,ern florence crescent,deergarden caravn park,daisy hill,8235,qld,19750130,6553331,TLFIP5429L,+91 7473551746
rec-4715-dup-0,,clarkd,,streeter place,riverside plaza,port lincoln,2090,sa,19700607,1250298,TKLOP2213W,09630033301
rec-582-dup-0,benjamin,ayres,32,french street,red cedar s motel,,3021,qld,19150927,1244940,ODWBP9505I,08466451543
rec-3775-dup-0,,cother,34,kaberr y place,,cooloohgup,2539,wa,19200710,2827954,XJNBP5210H,09690488070
rec-1612-dup-0,annabelle,webb,48,squire p lace,lytton,beaumaris,4670,act,19320717,7334846,AHCUP0049Y,(851) 351-7806
rec-505-dup-0,meg,sedunary,29,castle place,wollangambe,tweed hrads,3129,vic,19450601,2413526,MEFZP4951U,65682-01298
rec-3513-dup-0,sienna,adhikari,,dodwell xstreet,villa 32,st peters,6215,wa,19370112,3509302,CJGHP0466D,+91 7640378781
rec-2762-dup-0,chloe,white,101,goldstein ctrescent,brentwood vlge,stoneyford,2212,nsw,19181228,5862107,UKGOP0237V,7856792270
rec-2563-dup-0,olivia,moody,10,,bowillia xourt,hahndorf,7316,nsw,19620505,4040256,OCBFP6937Q,+91 7399815702
rec-4730-dup-0,isabeldla,campbell,25,,glen lilga,broadmeqdows,4350,vic,19520421,3865943,BJFOP1837V,(717) 674-7475
rec-4215-dup-0,courtney,golder,14,gormanston crescent,alanvale,dwell ingup,6051,sa,19680328,7185543,THWNP6505A,(987) 627-8764
rec-2893-dup-0,ajay,mason,14,derrington crescent,santa lycille,,2602,nsw,19280503,6339601,AMPAP0237A,6724176102
rec-3743-dup-0,kluske,lachlan,4,perrin circuit,violet c reek,lindfield,3978,nsw,19240721,8252947,YSHZP9102C,+919553522644
rec-4268-dup-0,campbell,riley,12,mulleun close,chanenl,oakey,2615,qld,19090824,2750463,AJOIP2055O,07019997559
rec-665-dup-0,olivia,sieq,41,culgoa circuit,brindabella specialist centre,cooloongup,2085,wa,19341220,7170445,XEMVP9460E,+91 8855817926
rec-1009-dup-0,,clarke,14,,rowethorpe,newcastle,2202,vic,19670314,9542197,BNNKP4162J,+916383617099
rec-3483-dup-0,darccy,bullock,95,ashley drive,star court rcade,rosebud,2171,nsw,19660224,2192983,BCWSP5342C,+91 7467796219
rec-1228-dup-0,liam,maclennan,6,wrixon street,glenmo re,highett,5125,vic,19411104,3268350,PXUNP0374V,7876691013
rec-4535-dup-0,hugh,rook,52,badimara street,,warburton,2940,qld,19231010,1438323,NYTVP0145X,06825694003
rec-4823-dup-0,ethan,rawlings,217,crisp c ircuit,brentwood vlge,hectorville,3469,nsw,19570525,2496172,,(711) 882-2676
rec-1277-dup-0,yana,hope,1,grounds dcrescent,,narrogin,2330,nsw,19400901,5832856,INALP4097X,08840220827
rec-2772-dup-0,william,george,,kidman pclose,ocean breeze,yambs,3438,sa,19250214,9555322,LQBHP2857X,(737) 589-8712
rec-2375-dup-0,taliah,armanini,23,lind close,telebangstation,matraville,4071,vic,19210204,4931434,NVPJP2743E,69746-98135
rec-4027-dup-0,jesse,twigg-pattcerson,2,mcclelland avenue,craigi e-lea,ringwoo e ast,2071,nsw,19290118,7885517,SHRUP2595R,
rec-2308-dup-0,sophie,white,251,handcock crescent,,wetherilb park,5114,vic,19480529,7242421,,09218125511
rec-2801-dup-0,,ryan,462,badimara street,ainslei house,broken hill,5501,nsw,19580222,8797284,LHOSP5413G,9808155671
rec-2248-dup-0,brydon,fogg,12,brigalow street,heidsvale,loganholme,2223,qlc,19260908,6678930,CSMGP3539I,+91 7451184550
rec-1601-dup-0,isabella,reid,42,sherbrooke street,armidale pria vse hospital,tallong,2088,nsw,19101002,2082772,FWILP6611K,+916725015245
rec-2576-dup-0,thomas,ryan,8,mereditheircuit,silkhush,dunsborough,4215,vic,19270407,7468430,BWNLP1103A,9813579926
rec-2110-dup-0,wheatley,harrison,352,kingstown street,toomba,hobarville,2234,wa,,9269850,APVRP8951I,+917194397336
rec-3318-dup-0,koula,eiseaqe,16,howie co urt,oaks caravan village,dunkeld,2505,nsw,,6306615,NOKBP7680V,6359810864
rec-938-dup-0,aidan,bradshaw,51,carr crescent,coolac h otel,lilyadle,2176,qld,19380606,6853689,VOKSP8114O,+91 6421299559
rec-2143-dup-0,benjabmin,royins,35,bootle place,denmore,floreat,2756,vic,19100121,6512947,DOGQPU986S,62162-45718
rec-4632-dup-0,ewan,stephenon,106,bowden crescent,kinglake central,leton,6244,nsw,19480830,4749458,PUOPP3475A,96098-61513
rec-4411-dup-0,montanna,dickjs,224,totterdell street,quarter deck,toorak,3024,qld,19571101,7774754,AKOSP6895R,72252-40124
rec-1143-dup-0,james,rankine,7,beattie crescent,,north hobart,2072,sa,19030624,1444708,TJHEP6249M,+91 8563596518
rec-997-dup-0,madeline,whithear,5,eggleston crescent,tinaroo falls,bunbury,4019,vic,19090324,8752227,XQWAP5109H,62950-00096
rec-3960-dup-0,nellie,webb,21,spencer ttreet,,dareton,2234,vic,19231018,5196117,CNRJP9177I,(851) 135-9138
rec-2192-dup-0,elpie,fearnull,31,fishbunestreet,,cherrybrook,5171,wa,,7745948,WFHYP8560O,8148696235
rec-4331-dup-0,joe,kamp,,forbes street,neaavie,forrestfield,3585,vic,19930303,4368794,SWPWP0527S,73622-76866
rec-1160-dup-0,livyl,hage,33,piddington street,oceanstar villas,ballina,3204,vic,19550103,6486441,SOLDP3380I,65176-08556
rec-3653-dup-0,samantha,glass,40,whistler place,foxlvea,evans head,5480,wa,,3783154,ZOJJP5883L,+91 7228537557
rec-4156-dup-0,,gaskin,17,trenwithv close,merrydale,turner,4576,nsw,19021013,1066355,BNQYP9152K,7192931208
rec-1968-dup-0,cooxn,jonh,5,paterick place,rosettav ilage,elizabeth park,6152,qld,,1984934,ILWGP9782B,9288682282
rec-2428-dup-0,benjamin,blake,23,tantangarastreet,summit cottage,oaklands park,2640,wa,19270916,6285591,YJXJP5881E,+91 8234110756
rec-769-dup-0,deakin,dooley,52,moulder court,highgat e,dundowran,3113,qld,19111113,9047714,USDFP2020H,06588848727
rec-2507-dup-0,joel,burnell,4,pickles street,,woombye,2478,qld,19300112,4694746,PJJNP5038N,09738924577
rec-3110-dup-0,michael,mordne,67,,marjoriescorner,frankston,4123,qld,19091122,2399236,SFQLP5933Y,+91 7486407790
rec-4633-dup-0,cassadra,eng,117,cooks street,moondani,sefton,3207,vic,19570716,1718688,KEVZP9304T,08518801270
rec-1728-dup-0,daniel,rafanelli,1,warragamb a avenue,,eight mile plains,3233,nsw,19450221,3463126,LPYIP5644E,+91 9792121377
rec-376-dup-0,phoebe,whisson,12,glasgowstreet,white ohuse,kandos,2770,nsw,,4025481,,7633851934
rec-3208-dup-0,alexander,kerslake,8,pridham street,fm 627,ascot park,2036,wa,19120211,9737053,NBHEP9088X,+917560241237
rec-2730-dup-0,,white,28,young str eet,ripplevale,maydena,3102,nsw,19260930,2545305,LQJGP8252Y,9762966514
rec-3540-dup-0,jordyn,bishop,18,jalanga c rescent,saltp box,yankalilla,2780,wa,19480428,2003024,REDIP2227K,8552326416
rec-4920-dup-0,roisin,milldar,,robertson street,st francis vlge,helensburgh,3770,sa,19490912,9953494,RWHNP4842W,6771300401
rec-2904-dup-0,lily,matthews,6,gilmorercescent,,,3880,vic,19960620,8250432,IXQOP1414F,+918940660604
rec-942-dup-0,ashleigh,matthmews,40,chippindall circuit,sylvan park,swan view,3072,vic,19110113,2292149,XLTFP5768H,(927) 081-9860
rec-295-dup-0,ah,munyarryun,6,lachlan street,iron bark ridge,braddon,2641,nsw,19421130,7370167,YUYLP5923V,09684557309
rec-3199-dup-0,madison,mayhard,11,scrivener street,attadandoo,south maclean,2800,vic,19331104,7673675,QYHGP7891M,06972592636
rec-3314-dup-0,jad en,brammy,22,blackett crescent,parry house,keilor east,2536,tas,19620916,3934199,DNHYP0915E,08106205919
rec-2003-dup-0,mitchell,,15,denovan circuit,villa 3,,5091,nsw,19801006,8786441,VOCPP7241Y,91815-82627
rec-1623-dup-0,saara,jerxvis,1,blythe close,break-o-day,success,2446,wa,19170712,7788045,,+917839392633
rec-4540-dup-0,huo,dichiera,52,gallagher street,glenmore,byford,4053,qld,19510703,1403854,THBQP9124J,91143-51713
rec-4346-dup-0,brodde,millar,28,looranah street,glenbrae,,3043,qld,19980215,8444455,DSMAP0954B,+916421139984
rec-1484-dup-0,holly,kotescgel,1,torrens street,forest hills,toowoomba,6230,wa,19210307,5119507,FMZUP3586R,09933080359
rec-2464-dup-0,preston-stanley,alexander,11,procto r street,,mooroolbark,3010,qld,19160502,9012024,TMZVP0903A,+91 8524109908
rec-2810-dup-0,rachel,ryan,98,knox sreet,ashdown,wangaratta,4105,sa,19491218,5164957,XBKOP6038M,+91 6121142823
rec-1575-dup-0,blake,harrington,36,gliding gulls,meredith circuit,sunshinel north,3192,nsw,19561129,5264440,BWGKP5059M,+917900529132
rec-4769-dup-0,jed,salt,15,kurram close,,midway poicnt,4102,nsw,19541122,7471593,TQDTP1622B,(801) 417-8459
rec-2859-dup-0,,whiteley,1,hardwick crescent,centrefairplaza,kardinya,4017,vic,19010920,7819784,,(761) 372-6508
rec-1412-dup-0,anthea,nguywn,16,kelleway avenue,rydal bank,concord,3196,qld,19281104,2137596,RJACP0728P,64678-61288
rec-2913-dup-0,bertie,,75,sid barnes crescent,c/-bundoora park,lismore,0832,qld,19840818,4606633,RZLCP1160Q,(971) 258-7911
rec-2906-dup-0,wheatley,nicholas,64,cox street,,fennell bay,4747,qld,19681129,6155450,XDDAP3614T,+918137116632
rec-2870-dup-0,jaimee,bowermn,1,sainsbury street,tivreton,coonamble,3155,nsw,19510309,2542408,MBCMP8235Q,+916471503452
rec-2097-dup-0,brianna,white,5,hazel smith crescent,wate riew,loganholme,2210,nsw,19860705,3275049,,+917724398283
rec-3018-dup-0,amber,schmelter,10,o'connor circuit,,hermidale,3038,nws,19740411,2810306,,99447-04649
rec-1650-dup-0,mitchell,wilkins,3,rowe place,osborneohouse,hampstead gardens,4560,nsw,19291123,8024092,SBPBP0237R,(984) 116-4159
rec-4785-dup-0,imogen,miles,43,smalley circuit,tingara vlge,toorak,2259,sa,19070626,4846134,UHCZ22971Q,8580352200
rec-4183-dup-0,layla,stenqing,54,la perouse street,tewantin plaza,coolbellup,4740,tas,19850119,5169349,ADWHP0220H,(768) 343-4669
rec-1183-dup-0,matthew,green,6,tanner place,beltrasna angus stud,oakleihg east,5607,nsw,19650218,1267406,ZPSOP0112D,(921) 068-9739
rec-1001-dup-0,michael,sroczek,,chaseling street,marlela,wellington point,2262,wa,19110110,8407592,HBHDP9472K,9490793689
rec-1678-dup-0,isobel,campbell,17,,,strathalbyn,2770,vic,19470921,3176931,XOAKP5843L,89343-63930
rec-1433-dup-0,jamke,boecke,42,dirrawan garden,,whitfield,2099,qld,19321217,7045068,,(632) 582-0924
rec-890-dup-0,benjamin,mattrews,3,enderb ystreet,byron van village caravan park,coorabell,2221,sa,19720501,8872778,EHCNP4326G,+916600157076
rec-3059-dup-0,william,webb,,lambel lclose,whispering pines,sorell,7322,qld,19131101,2839112,BCMPP1191B,+91 9897174484
rec-1019-dup-0,charzotte,klemm,6,clive steele avenue,port hills,carrum,5085,nsw,19020603,3461436,ORUKP8310E,8763048589
rec-2057-dup-0,dibben,jye,6,cossington simth crescent,,kincumber,4005,sa,19291003,3787671,RAQJP4484A,61668-61394
rec-1702-dup-0,,dobell,5,hone palce,,newcomb,3032,qld,19291014,3902079,IQAEP0648H,08869171071
rec-1236-dup-0,charles,hassall,1,lansellc ircuit,maryldos,riverwood,3630,nsw,19650120,5882376,RCUWP2242Q,62651-49864
rec-1439-dup-0,barnaby,moody,1,learmonht drive,sun city resort,emerald beach,2480,act,19150718,7082194,SKXVP9114O,(614) 449-0818
rec-143-dup-0,cameron,paterson,27,florey drove,palm sprin gs vlge,dandenong orth,6201,qld,19560821,7463970,LWVPP8328W,71963-78820
rec-4521-dup-0,elija,lindy,32,buik place,huntigton,burw ood,6006,act,19461223,9954230,MPSWP4892H,+917401617520
rec-1250-dup-0,gazzola,luke,10,newman morr is circuit,ruffenuff,lakebma,3036,nsw,19590318,2904508,QMYKP6367E,06564777051
rec-4120-dup-0,casey,flatan,3,wyselaskie circuit,,mentone,7205,vic,,9564028,SJWLP2872M,(686) 950-6877
rec-1388-dup-0,natassia,horslety,12,tanumbirini street,alabama,numeralla,4573,vic,19721029,9492580,SUDZP4259W,(681) 733-2540
rec-2463-dup-0,courtney,sennar,6,arinya street,kangaroo grnd,kellyville,7248,act,,9329570,NZ2YP2572U,9281159280
rec-2454-dup-0,portai,geore,9,taronga place,,rosebud,2620,wa,19670721,1688777,DJYFP0587I,08873052394
rec-4912-dup-0,caresse,milburn,41,tyson street,,salisbury plain,3860,qld,19380920,3636635,ZSBNP6671U,08752464953
rec-1450-dup-0,polly,matthes,4,fellows street,northwood park,belmont,6056,vic,19480215,2564677,HOFZP2856D,93292-79836
rec-3247-dup-0,jordan,lahz,53,scantleburycrescent,argyl square,hamilton,2153,aw,19760111,1854713,BMOGP7270D,(949) 814-0254
rec-4057-dup-0,liam,rollins,30,lampard circuit,erinmoore,clayton,2445,,19690525,2549634,HNZOP4622A,8565190721
rec-3360-dup-0,matisse,fawkner,14,satchellplace,thorhdale,ashgrove,3995,qld,19990605,9611984,KMVAP7277N,88021-32468
rec-200-dup-0,gianni,carrabba,670,,grangemoe,bassendean,2602,vic,19740108,9777753,LJMLP3456J,7764883136
rec-1333-dup-0,pars,reid,82,clianthus street,brentwoo d village,malabar,2031,wa,19490522,3135420,VTAZP6761D,64029-51616
rec-3538-dup-0,benjamin,ever ett,17,herron crescent,redhill,forrestfield,3550,nsw,19750204,2043392,VKGLP4775Y,09369951414
rec-1904-dup-0,amelia,cochrane,74,morrow st reet,riverside professional centre,slacks creek,2084,tas,19220112,5154778,OJVXP8183X,9988515664
rec-2059-dup-0,isabella,orm,125,officer crescent,,sandgate,2190,nsw,19471012,5078419,TUDLP1216W,09811060121
rec-2839-dup-0,connor,moscarda,20,lindsay street,shepherd shill,mount beauty,2319,nsw,19010223,1065886,MFKOP5952I,+91 9390643350
rec-1512-dup-0,braden,mccarter,34,outtrim avenue,rosetta village,point cook,6056,nsw,,9508953,KKWVP4497O,9185292400
rec-823-dup-0,anan,reid,19,morant circuit,grammar dchool,south turramurra,2040,vic,19960111,2799521,XFVAP2825A,+91 9708450561
rec-1750-dup-0,ethan,paie,111,galloway street,hvd cottage,largs,4680,vic,19190329,5356894,RHCKP5400C,+91 8864026941
rec-1437-dup-0,michael,sideris,45,,erinundra,yararm,6059,,19510317,9096326,IZMEP0439O,08651772535
rec-2724-dup-0,lauren,dent,42,lindrum crescent,hamilton,bidwill,2905,vic,19840916,7699699,FIAWP0685G,67572-00186
rec-2019-dup-0,mya,ongley,20,tenison-woods circuit,alro n,rosegud,3194,wa,19940810,3204273,HPOXP8678B,(636) 928-0640
rec-4222-dup-0,luke,wardle,30,holyman street,middle ridge medicale ntre (cnr ramsay,kirwan,3073,wa,19500525,9974023,OZTJP0738C,+919804183422
rec-133-dup-0,jackson,koklas,43,villa 2,cousin place,pearcedale,7018,wa,19850701,1074399,SZWAP3478K,(801) 304-9313
rec-33-dup-0,clarke,ryan,42,goodchild street,villa 5,sandy bay,4565,nsw,19940903,9100049,UHNIP5223Z,06924166342
rec-4648-dup-0,charlie,reid,1,gannon p lace,bennettchambers,woollahra,2518,tas,19150113,1045143,UTRAP4170W,+919943649285
rec-2421-dup-0,zachary,drysdale,13,lee-steere crescent,roblinvale,lindfield,2169,qld,19011228,4223439,WOXUP7298U,+916567801303
rec-1892-dup-0,hayden,beattie,5,monaro cre scent,sandilnads,cloverdale,4059,qld,19530424,4745672,FSTFP2376H,+919447378157
rec-2087-dup-0,jarrod,manson,2,dalgleis close,caravn park,mypolonga,3182,qld,19160808,9103733,OLLPP9067S,07033418381
rec-4139-dup-0,charlotte,maynard,33,tarrabools treet,little sy alford,worongary,2068,nsw,19840915,3337218,VIALP6360O,09673290259
rec-4033-dup-0,tayla,iovino,15,seddon place,civic centre,millers point,2763,nsw,19560823,9282697,KCUSP1781B,96025-06480
rec-1330-dup-0,cain,dietrich,40,eugenia street,legacy u nits,bunbury,3782,tsa,19550801,2545231,MQPMP2484N,(834) 398-9727
rec-4313-dup-0,mcveigh,lauren,,bremers treet,werribee lpaza,cranbourne north,2039,,19261230,4278721,DLDDP1949Y,8502598318
rec-1645-dup-0,christian,drechsler,75,,,summer hill,7018,sa,19580327,1471940,OGWWP9984W,(690) 495-0561
rec-3142-dup-0,oakleigh,hoang,27,la perouese street,tiverton,wyogn,4817,tas,19680324,6697687,CJXTP1112F,
rec-3041-dup-0,hai,dominey,24,albermarle place,wingara,theodore,5235,qld,19060322,6430390,,85009-41127
rec-1096-dup-0,oliovia,druitt,22,hacking crescent,,gree nacre,5141,vic,19950307,7527562,CKLDP4772F,(701) 391-7549
rec-4257-dup-0,jasper,trowse,1,kilburn c lose,the village condo 23,crestmead,4102,qld,19970120,5630769,ZGLLP0977X,+917632534100
rec-1731-dup-0,tayah,yeatmin,65,edmondso tsreet,,sanctuary point,2545,wa,19960422,8014534,IUJWP7069Q,8297496028
rec-725-dup-0,,,1,william street,woodsong,nicjol,6149,qld,19000430,6432290,PLGYP5538T,+91 6406889948
rec-2321-dup-0,brdy,berr,98,edwards sreet,,albion park rail,3660,vic,19620118,4534503,,(748) 951-5551
rec-2485-dup-0,madeline,zbierski,31,nedlyn,newman morris circuit,westmead,2088,nsw,19801012,6366322,OJUTP9456A,61170-98376
rec-2414-dup-0,alana,cronshjw,18,tristania street,,rowvikle,4610,nsw,19690202,9453034,RPMJP74I4O,+91 9267381706
rec-1654-dup-0,eliza,clarie,10,arnold place,,raby,6148,tas,19860203,8112754,DADMP4971M,+917970882968
rec-3072-dup-0,heatfer,paulsen,1,ahern place,unu 3,kilmore,2504,qld,19840615,3281035,KRVEP8692Q,79654-17991
rec-2215-dup-0,lachlan,gilcrist,26,maribyrno ng avenue,kuliu,leicjhardt,4578,nsw,19570926,7115051,WBZRP7910O,+91 6750509644
rec-389-dup-0,william,mccarthy,47,culgoa curcuit,research tsation,evans head,6110,nsq,19010118,1681813,FNLZP3275B,+91 7653672557
rec-4559-dup-0,ryan,whie,19,wilkins street,logancrail,banksia,4064,sa,19760204,7368589,OVJZP7993J,7802996843
rec-4946-dup-0,samuel,lvarga,64,postle circuit,abbey g reen,rokeby,2199,vic,19641231,4801979,CORMP9677B,07673433157
rec-2733-dup-0,patrick,green,88,kelsall place,killarney east,rose bay,5108,nsw,19151112,5843206,VCPUP5533C,65632-97243
rec-4417-dup-0,sebatian,demarco,9,cotter road,kelman vineyard,wyongah,4670,,19050730,3478101,LFQWP8485U,80961-77923
rec-1066-dup-0,sarah,campbell,9,clavert place,merricroft,mount eiza,5280,qld,19410302,9870428,ANSYP8850A,72831-53009
rec-4739-dup-0,jory,chandler,5,wearing street,,chesteq hill,2113,nsw,19381011,2421676,OWQNP9430J,+91 9962049960
rec-4157-dup-0,breaenne,demarco,21,shenton crescent,,hamilton,3804,nsw,19170802,3018112,UKNFP9424K,+91 9189449752
rec-3126-dup-0,jasmine,mcfadden,46,noongalecourt,rosetta village,marshdale,4215,sa,19760927,6401287,WFWFP3870E,80643-12200
rec-1394-dup-0,caleg,miotto,6,besant dtreet,,bayswatre,3033,sa,19610729,6597548,SQTIP1033I,(611) 454-0305
rec-4185-dup-0,jenna,grosser,7,heagney crescent,,ashwood,2528,nsw,19020713,3312375,XTVRP9029A,8695102396
rec-3407-dup-0,catheine,cambpell,3,henty street,,moorahbbin,2794,nsw,19730310,9201547,RAKVP5714A,+91 9573465779
rec-827-dup-0,michael,heidrich,37,wonga square,degraves cirescent,samford,6140,nsw,,3945989,KDWNP9139F,+916272216944
rec-4021-dup-0,nicole,clarke,34,tong place,villam 27,point cook,2121,qld,19220519,1665679,OUBAP5807K,08498018315
rec-3621-dup-0,lachlan,jolly,7,daintree crescent,wondersun,sandgate,2537,vic,19480906,8781863,DSSHP4441P,+91 6089489373
rec-750-dup-0,julia,,1,doonkuna street,witsend,robertson,4214,vic,19760907,8222581,QISAP7654U,82673-15718
rec-1159-dup-0,rhys,mason,49,geils couxt,banksiavillage,,5066,wa,19000608,7868339,YQPGP8983K,(828) 446-4199
rec-557-dup-0,ruby,bradcy,11,allott place,,wynnumw jst,2260,wa,19440101,7323803,GZURP4840U,06536790801
rec-3566-dup-0,michael,mesecke,114,hopetoun circuit,oakdene,sussex inlet,3020,qld,19130121,4530596,DNVHP7398O,(993) 688-9378
rec-3896-dup-0,,lodge,,forbess treet,glen alvie rsd,birkdale,5118,nsw,19691225,7105186,CXONP1342H,99296-06205
rec-2600-dup-0,oscar,vrlic,10,singleto ncescent,,roberggson,4220,vic,19700526,4539064,DVWNP6594A,85012-60491
rec-3433-dup-0,charlotte,meaodws,59,totterdell street,b,plumpoon,2905,qld,19030219,6004748,QCYWP0651Y,+917539867687
rec-1047-dup-0,alexandra,zolyniak,131,,wandana,girlaang,4285,qld,19421008,7197883,DDLHP4923O,(662) 869-6634
rec-2594-dup-0,ellie,green,13,yerra court,nanum,mirboo nnrth,6056,sa,19086011,5986644,LDVRP3200H,64545-28822
rec-2317-dup-0,lydia,hindmarch,12,roope close,garden est,yass,2454,nsw,19130103,6703072,,+916328774073
rec-3791-dup-0,jacob,callahan,107,lyrebird place,,burwodo,6152,wa,19220110,4360694,,9535486021
rec-648-dup-0,matthew,adair,6,langdon avenue,,upwey,3095,sa,19031126,6474688,RACRP0417F,08282665806
rec-1358-dup-0,connur,bishop,450,earle street,coorrabin,roselands,7320,vic,19261223,7015666,ZISHP5467Y,08377218226
rec-2833-dup-0,jed,kempton,45,novar tsreet,kala ng,corrimal,2756,wa,19991224,3763645,LSESP7859S,8819559467
rec-1342-dup-0,seth,salt,148,carss place,burnside,alice sprjings,4005,sa,19531004,9880146,OIGAP0646F,79897-34186
rec-3055-dup-0,gabrielle,,35,mawson drive,glenmore,,3178,vic,19830918,7581914,NWSIP2043B,+91 7435485247
rec-783-dup-0,joe,clarke,7,skardon treet,bonnie doon,north cu rl curl,4122,sa,19640223,3654594,BTJIP6755W,+916548095375
rec-1262-dup-0,emmerson,maziakowski,58,irvine street,loughmore,nunawading,4211,qld,19400316,1807259,QZBVP0174H,6753930809
rec-1448-dup-0,tea,donaklsdon,,o'sullivan street,willow lodge,springwood,7030,nsw,19891118,8492921,SYVSP0200E,(987) 466-7615
rec-331-dup-0,harriwon,whayipe,19,westalo place,ainslie house,baranduda,3220,qld,19170531,7892154,QCEAP2001W,+916175392191
rec-487-dup-0,jaggkh,estanillo,4,amagula avenue,sec2 12 8,devonport,2480,nsw,19350318,6334723,JDTCP1742Z,(629) 142-3917
rec-1619-dup-0,jesse,herbert,16,popplewell place,coliban glen,toowolmba,3810,qld,19981021,5942526,ICKLP8644Z,7160914586
rec-3593-dup-0,marleigh,sieris,42,henry melvill crescent,bociing,morpeth,3039,sa,19251227,6987405,PNHVP1436S,(931) 334-8687
rec-660-dup-0,evan,wilkey,26,gudgenby close,portland house,park orchards,4828,vic,19571204,4568068,CVKJP6080N,(736) 407-9569
rec-4899-dup-0,daniel,coleman,1,russell drysdale crescent,palm lakw resort,mount eliza,6159,wa,19651018,1615911,,+91 9284718686
rec-2652-dup-0,renai,byers,31,goyder street,,yankalilla,6722,vic,19760805,7669938,LTPNP6350V,+917223877320
rec-3187-dup-0,gabrierl,bobroff,6,kirby place,mora bnah,wentworth falls,4655,nsw,19660608,3840632,VABEP6847D,+919377805907
rec-3235-dup-0,njah,van de kamp,39,feathertoo street,argyl s quare,heckenberg,5072,vic,19180723,8217720,YAYMP8109P,90962-14967
rec-1175-dup-0,alexandra,clarke,15,inkster street,st agnse vlg,carrum,3930,qdl,19060712,9221028,BZNYP5099U,(738) 602-6544
rec-1716-dup-0,charlie,cloudsdale,34,fred lane c rescent,,east maitland,3046,qld,19430211,1765101,WUHDP9913G,
rec-3617-dup-0,darcy,nguyen,68,ferdinand street,willarra,osborne park,3073,act,19810513,8210958,SWIZP9135S,+918441332267
rec-577-dup-0,ryan,william,33,limbunya street,cherrybank,new farm,4105,nsw,19550514,5451157,LCDQP2205G,+919559421358
rec-2423-dup-0,channig,hick,132,noarlunga crescent,,albury,3060,nsw,19201122,2347507,XMKCP2357R,76999-30957
rec-3020-dup-0,madison,herbmert,14,cowie palce,old post office,glenmore park,2608,nsw,19950105,9689395,ZXCRP5039K,+91 9191275575
rec-503-dup-0,kirasak,carla,5,albermarle place,,bacchus marsh,5085,vic,19630801,6299625,,+918667050686
rec-1095-dup-0,tiarna,nevin,3,roope close,,preston west,3318,,19460426,9509846,XHJKP4534A,+917286278377
rec-4055-dup-0,camerln,dolejs,17,medley street,merrangbauer park,prospect,4812,sa,19250828,8585871,FGHOP3165Z,(764) 841-0254
rec-2413-dup-0,indywna,clarke,,fisher street,mountain view village,wetherill park,4211,vic,19170704,3405046,DOALP8296A,87927-49438
rec-4826-dup-0,jock,loukes,13,phillipson crescent,newry farm,tallong,2099,sa,19220113,2561584,UHOLP7993M,+917834322601
rec-845-dup-0,akri,masno,5,verran lace,rowethorpe,franksyton,6147,vic,19851022,7763548,EVORP8830R,68079-82713
rec-3052-dup-0,lucas,ypon,54,johnstone chircuit,shady creek,wingham,3039,qld,19761101,8649392,,7172445598
rec-2860-dup-0,zdne,white,15,mcwhae circuit,westmea d accom,concord west,2032,vic,19770208,9225108,XGFVP7917S,(812) 744-5231
rec-1764-dup-0,jassmi,lodge,36,gregson place,congreave court,kingsford,3089,vic,19840309,6085755,EISHP2518E,7999690945
rec-2934-dup-0,zarlia,sau,113,clanville,audas place,robian,2322,nsw,19230085,8270751,KNXEP2297J,9545888373
rec-4742-dup-0,noah,flatman,13,mawalan street,northoburne,frankston,5049,vic,19790808,6564082,SKESP0409K,+916931086020
rec-690-dup-0,edward,assadi khansari,,glenview,shipard place,picton,4020,vic,19480210,5693557,HYJYP3077X,96687-39843
rec-3306-dup-0,lucas,green,2,castlereagh crescent,dunbogan car avan park,beecroft,3073,tas,19760131,5181228,OJMUP6963Z,68739-93474
rec-3875-dup-0,madison,zimmermann,27,mckail crescent,public school reserve,elsternwick,3636,wa,19340306,9888953,UGPYP0116H,07211904183
rec-4361-dup-0,tynan,ryan,17,darwinia terrace,swinton,acacia ridge,4241,nsw,19510905,4210506,LCJQP6332X,6405866271
rec-4962-dup-0,acciairresa,ruby,4,broad place,rowan lozdge,wamberal,3431,nsw,19250609,7388992,TANZP5934Y,+91 8546675571
rec-50-dup-0,emerson,reid,5,kater p lace,forest views,acacia ridge,4215,nt,19820814,2582300,KGOCP7057H,(929) 067-5978
rec-2131-dup-0,kaitlyn,van schie,127,capellac rescent,banksia village,oak park,5093,nsw,19000127,1321883,SKSWP0939C,+916271283334
rec-2448-dup-0,gabrielle,siemers,28,archibald street,seaforth garden,american eiver,5223,vic,19140203,4388778,WUAPP5247B,64030-86899
rec-1803-dup-0,robbie,carmody,34,bernacchi street,melita,east fremantle,2170,qld,19391211,8441818,NBHWP4885L,90324-47598
rec-3353-dup-0,jack,colean,7,,rio rita caravn park,dandenong north,6026,sa,19560223,9860608,FPCFP1515U,(937) 528-8641
rec-4840-dup-0,imogen,pun,1,templestowe avenue,peak view,belconnen,4214,nsw,19400709,4490158,JDQCP9034E,06693400619
rec-190-dup-0,,alias,24,elkington street,panganu,isle of capri,2145,sa,19650429,8261472,YZSQP3365K,09654678812
rec-1600-dup-0,joshua,mortlock,62,yates gatden,bulala,camperdown,2148,nsw,19180804,4756935,IFTIP4774M,+917945769010
rec-1282-dup-0,,teteirs,,kellermann close,b oneo,brighton,3030,nsw,19381004,5797955,SCSFP3131H,7175055966
rec-1919-dup-0,noag,bishop,12,stobieu place,highgate,bailey creek,2134,qld,19130403,4950296,MXPTP1552E,+917956825352
rec-91-dup-0,jacob,clarke,10,ebden street,,loganlea,6061,tas,19181001,4259955,NJOHP4868E,09508973013
rec-3920-dup-0,jacqueine,pride,9,william webb drive,bell place (cnr bell r road,richardson,4065,nsw,,4570880,PZQQP1568M,+91 8199149452
rec-2182-dup-0,zachary,ebert,8,rounsevelk street,lake road,mount gravatt,2112,nsw,19261127,1502014,OSULP8870U,77317-81502
rec-328-dup-0,ronan,zatorski,13,lott place,bobblegigbie,ringwoo east,5109,qld,19870107,5925683,UNXRP9214N,+91 8700016269
rec-1717-dup-0,binns,jade,2,fiveash street,caterer,auburn,3690,nsw,19470306,5117331,KALFP5849A,7724338529
rec-872-dup-0,,wanders,453,louis loder street,hilltop iew motel,avoca,2284,qld,19120509,3198280,JDHUP6041X,07730113558
rec-3034-dup-0,emiily,robnik,288,gossestfeet,,werrington,4216,nsw,19671025,8062583,QJTXP8706Q,(678) 025-1236
rec-3725-dup-0,james,hyland,42,hurley street,springmount,emu plains,3207,nsw,19870607,7791289,QJDGP9383N,+916160757464
rec-704-dup-0,benjamin,goldsworthy,2,forbes treet,wdgee otreet,tarragindi,2606,vic,19540317,6447881,GVUMP8050V,7582795320
rec-279-dup-0,lachlan,laing,65,,bega flats,parap,4110,nsw,19600429,4688353,AQXHP0089H,
rec-4291-dup-0,john,homamn,27,sid barnes cbrescent,king riverp alms c8,cranbourne,5159,nsw,19461027,4896844,ZUJUP0546V,+918589120809
rec-3835-dup-0,jade,barteu,10,kurrajong vlge,london circuit,buronga,2338,vic,19430103,4602097,VFRXP2931M,+917430382940
rec-2459-dup-0,ne,donaldson,12,callabonn a street,linton,port lincoln,3213,vic,19170225,3467256,DGSIP4362H,+91 9022012876
rec-1827-dup-0,heath,monteleenoe,,marsden street,safari lodge,bicton,2227,qld,19781013,6970423,SKKOP5542A,07963156197
rec-1609-dup-0,osyar,hartland,16,prout place,gummin gummin,molong,3218,nsw,19440709,6879379,GYAMP1778P,+919896766250
rec-2985-dup-0,coby,brain e,14,longmorekcvrescent,clftn waters vlge,gavln,2747,nsw,19491118,3329459,NDDGP7969Q,9158370957
rec-822-dup-0,zachary,goode,39,alroy c ircuit,,broadmeadows,7250,nsw,19900208,3817430,SGFJP5668Q,+91 9796646368
rec-3544-dup-0,jessica,belchel,9,irvine tsreet,st francis vlge,port macoonnell,2029,sa,19700610,5379753,TFXGP0314S,+91 9894847596
rec-2505-dup-0,calbe,bristow,134,brunswic circuit,granny flat rear,mclaren flat,5019,tas,19720321,7570563,ANJMP3911H,+91 7756987784
rec-4596-dup-0,jai,browne,124,eugenia s treet,jacqoona station,ascot vale,3350,wa,19030809,8431885,TFJXP0106E,(821) 076-4849
rec-2435-dup-0,beloma,griersn,27,priddle street,green lagoon,christies beach,3152,vic,19310623,5872915,UNXYP0877Z,+91 8764545789
rec-3856-dup-0,claudia,damianos,19,noarlunga crescent,woodcrset,beeliar,2230,nsw,19780811,1802317,VWKHP9871H,+919258804850
rec-2757-dup-0,georgia,ashe,38,onslow sreet,rsdb 284,prospdct,5453,nsw,,6899844,TDDPP0152Q,+91 6994470922
rec-2725-dup-0,diloln,lowe,31,faithfull circuit,mlc c entre,colac,2088,nsw,19961116,6464208,WECIP9304G,+917517714444
rec-2099-dup-0,caitlin,milburn,17,heard ptreet,lexington,newborough,2840,qld,19530105,3195330,KBPIP6522V,(761) 627-1406
rec-93-dup-0,charlotte,bristow,22,nioai,mockridge crescent,harbord,5086,nsw,19351112,4814908,PPZIP6742R,9466067701
rec-2199-dup-0,emi ilu,allard,19,kingsbury street,moons farm,broken hill,4218,nsw,19760502,6633337,JIJLP0298R,08637873167
rec-2432-dup-0,warde,isaiah,14,mcphail place,subbury,bonnykrgg,3929,vic,19090111,8475133,ZUXFP6547Y,(954) 116-8043
rec-483-dup-0,eva,lepaprd,,kurrama close,casuarina village,port macquarie,5280,nsw,19370728,8035602,NENXP6750I,63925-05005
rec-1693-dup-0,cooper,nguyen,,burrinjuck crescent,dawlish,bateman,6059,qld,19700104,2035745,NCONP7903J,06844792213
rec-2900-dup-0,annik a,boyle,10,,,paddington,3175,qld,,7187050,NHEAP3219G,+917121731258
rec-2327-dup-0,hauser,andrew,11,wanganeen avenue,tarkarrndi,heckenberg,2289,vic,19270207,3336874,ASUEP7010P,8218182503
rec-1846-dup-0,isabella,,6,,weowner,mooloolaba,3101,qld,19950522,9028103,MRYMP3537I,06316899777
rec-703-dup-0,noah,staude,25,mac george place,locnl8200,stratford,6011,wa,19760505,9182953,CVUCP0318Y,(680) 088-6168
rec-4428-dup-0,philip,hyla nd,77,lightfootgcrescent,remo,ashwood,4102,vic,19071218,7390839,OQXGP7615J,
rec-3309-dup-0,madeline,clarke,54,ballumbir street,ballymannin,springwood,5153,nt,19471024,8251151,NRUXP1255F,(778) 322-3183
rec-800-dup-0,matthe ws,erin,37,pocket avenue,kangaroo grnd,goodna,3160,nsw,19351004,7562147,FRYLP0697B,+918485002396
rec-768-dup-0,jasper,kuiters,109,ellenboroguh street,kalinda park,burwood east,3180,qld,19280512,9150558,TJKTP4952Y,9865859407
rec-450-dup-0,harrison,stanley,69,macaliste crescent,applewoods,thornlie,5063,qld,19871206,4461675,JHKIP4164D,+918926836819
rec-2969-dup-0,emiilt,conaghtwy,43,o'meara place,,ashgrove,3042,wa,19140520,4368793,WROVP3479O,06444618273
rec-3149-dup-0,bethany,jolly,31,melba street,sheep station,paddington,3059,wa,19690622,9831162,XYNSP3569I,69814-76309
rec-1885-dup-0,archie,dokas,6,abrahams crfescent,shalvah,malvern east,3163,nsw,19400807,1265030,DQZAP1172X,7256311276
rec-1487-dup-0,,plumb,41,mcrae place,castlewood,pakenham,4241,nsw,19460521,2390847,NDINP8013M,72280-31944
rec-3183-dup-0,,akkermans,149,slessor crescent,willera,broken hill,5175,wa,19130710,8370439,FAMXP8594G,99977-36986
rec-1852-dup-0,,nurse,1,hampton circuit,,gawler east,5091,tas,19340420,4801623,TBKLP0718M,8186765179
rec-4577-dup-0,xepheren,coleman,8,gurney kplace,sec 479,dover gardens,6018,vic,19941205,1547145,TVDOP0043D,98886-10306
rec-2676-dup-0,jack,ryan,22,echo place,folsocit,loganohlme,2749,wa,19400114,1449566,CTQGP2462V,+918488475256
rec-1163-dup-0,mia,burford,4,starling place,dutch car e phostel,lawson,2257,vic,19040422,9377441,MUBIP3749D,
rec-1167-dup-0,sara-kouise,chandler,309,schonell circuit,shoal bay,mclaren flat,2761,nsw,19050207,3731436,BOUSP7368C,+917455362055
rec-532-dup-0,cade,bishop,2,abrahams crescent,carney's arcade,clayton,4059,vic,19830405,2481294,NKNMP3707R,06247719861
rec-499-dup-0,reece,aleisha,35,delprat circuit,villa 5,woorine,4870,qld,19730623,1718031,ABLSP8743E,09859396278
rec-4593-dup-0,,rundle,3,hicks syreet,blackbutwood,oragne,3078,nsw,19380125,4860814,FWYWP7005G,+91 7066623598
rec-1451-dup-0,jade,stanley,2,baracchi crescent,mlc qcetnre,cranborune,6111,nsw,19480216,3818853,MONGP0127K,+91 7529059214
rec-889-dup-0,jordan,lock,27,tallara arkway,retirement village,manly vale,7520,vic,19070222,9835720,PMTZP0Q82M,+91 8030368248
rec-928-dup-0,samantha,barmore,23,bilby prlace,yarrandoo,somerset,3073,vic,19641215,5082469,SUZZP3823N,06441977149
rec-2276-dup-0,,neville,4,fitzmaurice street,karkrutt,gilmore,2517,wa,19591005,2038776,HSUPP7531D,86493-33134
rec-4977-dup-0,marris,shanw,35,heard street,rmbh 884,lilydble,5352,vic,19671112,2643005,ZOFQP8690K,70883-70457
rec-4043-dup-0,hope,connor,7,wyselaskieycircuit,hidden valley estate,goldenw bay,3070,vic,19190806,1644424,MHGZP4398V,+91 7075785017
rec-1409-dup-0,kempe,tylah,8,arthur circle,tylden park,adamstown heights,3133,sa,19721016,1844518,BFBXP3183A,09733548929
rec-32-dup-0,cale,spurden,119,mcalpine place,greensopes,boyne island,4228,sa,19580816,8017617,DUAAP3583C,7720088172
rec-2796-dup-0,brooklyn,ryan,1,sainsbury street,pine gill,american river,3241,nsw,19200516,5720021,NZBFP2033R,(659) 993-0375
rec-632-dup-0,,colquhoun,11,strong place,ocean star villas,modbruy,2213,qld,19621022,3058669,TFBSP7748O,+916558154867
rec-4150-dup-0,joshua,golden,22,mcintoshusreet,ra23 f102,noble park,2753,sa,19940329,1150948,ROSMP4366P,(714) 349-0010
rec-442-dup-0,william,matthews,5205,tunney crescent,rainbow downs,andergrove,2164,nsw,19981106,7834791,CHPOP1177F,07354547229
rec-4114-dup-0,mia,pascoe,54,dwyer street,,leichhardt,2015,sa,19080310,5423895,OCIQP4136P,09251595399
rec-3739-dup-0,jaciob,,1,barada crrescent,challicum south,bacchus marsh,3026,nsw,19370320,8873242,ZNKRP2972H,
rec-3112-dup-0,sam ara,joel,66,crisp circuit,john curtin hostel,mount eliza,2477,qld,19001010,9937630,WQXKP4746E,+916706002278
rec-584-dup-0,renee,renfrey,24,serpentine street,retmntvvlge,winchelsea,2176,wa,19690305,5153203,UCPXP0128D,(665) 450-7793
rec-909-dup-0,ella,chudzinski,7,carter crescent,,caulfield,7008,qld,19321101,4473731,KWHVP0242D,93297-85179
rec-204-dup-0,jed,boultre,41,mcmillan crescent,old post fefice,rye,5213,nsw,19471229,2521349,QDWTP2810V,(931) 532-3434
rec-1073-dup-0,jsk,stanbur,25,de vis place,kersley mews,koorawatha,4074,qld,19381131,7301101,WRQHP4306L,7038219442
rec-1939-dup-0,oakleigh,stephenson,14,mcdowall place,tatyara,bridgeman downs,2259,nsw,19860110,9292818,GJHOP1049T,+919411483673
rec-114-dup-0,alana,green,2,wittenoomfcrescent,tulla burra,mount eliza,4051,wa,19030904,7711269,INOYP3224U,6778564616
rec-4932-dup-0,marleigh,ayres,36,bussellc rescent,mountview,margaret river,2756,vic,19210901,5485654,AFCFP7617R,60740-51562
rec-448-dup-0,,lodge,18,haynesplace,glenfin estation,flagstaff hill,6060,vic,19651012,1604189,KWJJP8757H,74700-21381
rec-4642-dup-0,judah,simmonds,12,elsey steret,summef hill,hamilton,2444,vic,19940414,2036044,OWFYP9288H,(853) 140-0764
rec-3434-dup-0,alex,clarke,12,,emeral dgarden,homebush,2321,nsw,19840627,7280280,HWVJP6995N,6755003897
rec-1581-dup-0,nathan,dunstone,41,shirlow place,poldoe park,blacutown,3820,nsw,19001013,1854047,UPEVP8612S,(852) 272-5379
rec-3781-dup-0,nathsn,nguyen,12,staaten crescent,yarar pee,moura,3179,qld,19961006,4794269,WDTWP7050H,+91 8119915391
rec-1570-dup-0,ryan,matthew,55,fitzhardinge crescent,mlc centre,burpengary,2546,sa,19510417,2890790,VCEYP9439N,80007-67387
rec-2790-dup-0,carla,gasparin,122,fitchett street,marx hills treet,burrum heads,3022,nsw,19511229,7746397,FAYYP8794F,+91 9704566124
rec-1685-dup-0,tahlia,inglese,39,blakeyclose,riv oli,lakes en trance,3222,wa,19561220,6197497,,+91 8675521090
rec-2406-dup-0,oliver,white,9,tillyard drive,tievr tara,hawthorne,3068,,19310120,8686735,ZKELP5778Z,90387-95172
rec-496-dup-0,heron,brooke,262,verbrugghens treet,oxley's way,hackham,2560,qld,,7028101,GOKAP4589G,98378-24178
rec-4927-dup-0,daniel,glad,,roe street,rowethorpe,tungamull,2026,tas,19170309,4569679,WQOBP3750O,78786-26055
rec-720-dup-0,luas,coleman,,burn sreet,,ringwood,2843,vic,19991101,7896258,PNNMP82Z0B,+919700498639
rec-49-dup-0,madison,bradxhaw,13,jardine street,,norwood,2335,sq,19490115,8836136,LGKRP8653M,+918164830452
rec-4239-dup-0,,cumiang,9,albermarle place,harkness station,natimuk,3158,nsw,19911129,2315316,AJBFP7165I,+916521148141
rec-3189-dup-0,,ongkieko,,murray crescent,,corrimal,6165,qld,19740627,8899763,EPYOP6992L,+91 7003594398
rec-4974-dup-0,joshua,grimsley,22,barwonjstreet,,carnegie,3136,qld,19390617,3359093,UGRCP60V7V,71364-04270
rec-88-dup-0,sebastian,ryan,465,mathews place,don ray,spencer park,4210,nsw,19080114,8520668,GEFJP2397D,07921553648
rec-2390-dup-0,jacoub,white,11,wilga place,,wallabadah,4061,nsw,19760515,6381291,ZRDBP7253O,66652-63576
rec-419-dup-0,james,mcclelland,9,chandler street,glen eltin,,4350,nsw,19270128,5369982,GYJDP9973P,+917449745286
rec-2641-dup-0,adnrew,ryan,9999,woralul street,fleurbaix,flinders park,2066,nss,19510328,2922598,EOMIP7932G,7917904189
rec-2829-dup-0,timothy,de angilis,95,casey crescent,lumeah h omes,brighton,3400,sa,19910709,6079337,HGIKP0253G,88149-70232
rec-4736-dup-0,ashlie,jolly,59,a'beckett street,millwood,slacks creek,3020,nsw,19820807,7111279,VGSEP9114B,+919707174173
rec-4973-dup-0,jesse,sarnyai,67,sandover circuit,morris twoers,ballarat,2071,qld,19350511,7047460,XHEBP3766F,+917740992126
rec-2286-dup-0,lachlan,rya,21,alberga street,tatrha,forest hill,3150,qld,19070322,9772701,MGMMP4612E,90816-10177
rec-10-dup-0,lachlnn,reid,5,carrington road,legacy vlge,yagoona,2446,nsw,19500531,3232033,QATYP9003R,07321093104
rec-941-dup-0,william,zilm,,,moonya co ttage,reynella,2165,act,19430728,8235647,MCGRP9549W,08586879950
rec-3153-dup-0,pearson,mesecke,17,carruthers street,villa 147 henry kendall bayside,glendlae,3850,nsw,19650218,8701573,TJHPP1324D,7254746801
rec-4536-dup-0,ruvben,weaver,,stevenson street,talling park,wahroonga,5280,vic,19730324,1196393,TTZCP8622D,(749) 746-0241
rec-4782-dup-0,charles,sarny,34,esperance street,brentwood vlge,thornbury,3221,qld,19971014,3125264,SWNAP5286M,(672) 380-4918
rec-1874-dup-0,connor,webbn,,hargraves crescent,,andergrove,3806,wa,19501118,4659489,LJBRP7823Y,65962-90038
rec-1179-dup-0,stephanie,george,50,mccullocn street,ardrossan,berwick,2226,qld,19691102,3352838,,+916542758054
rec-1843-dup-0,ethan,hipkiss,7,lempriere crescent,spring creek,woolgoolga,3199,qld,19500212,3524910,SIDJP4564A,+91 8840130027
rec-138-dup-0,bailey,sette,6,griffiths treet,the sanys,valley view,3159,nsw,19880626,4637182,CKXLP8904B,(923) 567-5678
rec-2401-dup-0,fergus,sherin,3,whitford place,locn2093,mulwala,6064,nsw,19950727,1284784,KQJQP1353Q,(650) 542-0119
rec-2723-dup-0,nicholas,whie,22,walga place,mt annan,petrie terrace,3012,nsw,19611008,4599672,AFDAP5679J,6844864897
rec-732-dup-0,renee,chandler,6,,redgums ( rmb 1239),beulah,5057,wa,19360610,8922410,DJXZP6349M,89951-31029
rec-2229-dup-0,chittleborough,casey,9,brigalow t reet,hamilton central,belgrave,5341,,19550530,3208087,ZWWTP2762T,08067519093
rec-1871-dup-0,thomas,webb,7,scottsdale street,,brighton,6052,vic,19990815,9760969,MBWMP7624B,
rec-4576-dup-0,callie,nitsols,7,tausslpace,dp 808602,koo wee rup,2287,vic,19400210,3752472,,+91 7235743152
rec-1296-dup-0,joshua,george,24,rose scottcircuit,ponderossa,goonellbaah,2464,nsw,19250202,9620943,HEQGP9100S,67771-28176
rec-1022-dup-0,bridegt,knopf,67,shackleton circuit,,naracoorte,5255,qld,19470309,5405822,EUIPP4110H,+917322643730
rec-2289-dup-0,alessandra,thorpe,33,crowder ckrcuit,melrosefarm,karalee,7250,qld,19080406,8221563,RKBYP5649Q,(994) 895-8999
rec-4728-dup-0,ebony,penno,62,weingart hstreet,,mintdo,2840,qld,19090710,9031641,MFNOP2793T,+918991107459
rec-429-dup-0,matisse,kromwyk,14,charterisville avenue,phillip lodge,toowoomba,2880,nsw,19190122,1739567,JIHJP6596V,+91 9677383327
rec-4330-dup-0,caleb,marlow,2,meeson street,barakee,blackall,5223,nsw,19110728,8601970,,8889820784
rec-1602-dup-0,sophie,blackwekl,34,nott sgreet,jorobe,lansvale,6149,nsw,19501128,7543684,NHZAP8689D,65262-37094
rec-1053-dup-0,lkue,quast,4,,raworth cottage meedical practice,east ryde,6210,vic,19760328,5098690,JHAUP8243J,92939-90520
rec-2275-dup-0,alissa,leong,,maranoa street,,windang,2785,vic,19380612,2265634,IKAQP6741O,+91 9358994265
rec-4653-dup-0,jamea,taslidza,47,galloway street,lazy acres,limeburners creek,2650,vic,19700312,9827257,BUDQP7840X,+91 7308381977
rec-3649-dup-0,alexadnra,agett,48,keith street,boronia,taree,6436,nsw,19180406,8624670,PHZYP8772P,75350-76257
rec-1721-dup-0,van ttuil,jacob,39,vonwillerq crescent,,coombabah,3094,qld,19110716,8651342,WJTOP6440P,(787) 056-0071
rec-1166-dup-0,jacina,lomman,22,collings street,the hammonc village,,3162,qld,19061009,6853014,,+91 8331944555
rec-1474-dup-0,samule,satterley,,osmand street,cascade condo,scotland island,6151,wa,19620515,1430466,VMTCP8137P,+91 6197141225
rec-4512-dup-0,bailey,meaney,82,miago co rt,uarah,mortlake,3156,qld,19880818,8223923,PWGUP2848X,+917420191178
rec-428-dup-0,bailey,stanley,30,colmer street,roclkea,rowew bay,0850,nsw,19010804,3200988,TVUPP7548T,(958) 163-7242
rec-3204-dup-0,,colpo,2,trigg place,souther ncross,clarinda,6018,vic,19280716,4186527,VAAAP1061X,06818840188
rec-3727-dup-0,hugo,mccarthy,154,chauveo street,ohio station,port fairy,3840,nsw,19550609,5250727,PERCP5848X,6207715950
rec-2244-dup-0,fergus,sunderland,88,wilson ctescent,dunbar heights,whalan,6060,,19591210,4398162,BEIZP1656Q,(822) 320-8621
rec-1076-dup-0,voulgaridis,lia,19,kingsford smith drive,glenavon,mosman,6158,nsw,19960531,3691075,VOXYP2461A,+91 6846936591
rec-1571-dup-0,alicia,clasrke,72,rowethorpe,fitchett street,whaaln,2643,nsw,19811201,4620958,LUUMP5785U,+91 8635108013
rec-3535-dup-0,michael,ngulyen,6,lukin palace,sunnyspo tfarm,beaumont,2231,nsw,19130316,6962550,VRAQP8357S,06312221364
rec-4533-dup-0,lily,berry,77,crofts crescent,railway cttage,rose bay,3340,sa,19590415,6015647,QCTWP4855A,7408293176
rec-111-dup-0,amy,seetoy,50,busbh street,bellfield,st albans,2870,qld,19160523,4467636,LAKJP5843J,6512804438
rec-4105-dup-0,jake,vigneswaran,24,franklin street,westside,geelong west,4114,nsw,19700129,2559983,QHGBP1622M,61241-99471
rec-4393-dup-0,andtrea,coffey,,dampier cerscent,katimba,ashfield,6152,vic,19300416,7093245,XLHXP2014J,+919915653463
rec-883-dup-0,ethaen,wotton,10,crisp circuit,marlou,beenleigh,3400,qld,19260127,9022306,,08678037299
rec-1457-dup-0,robery,waller,4,cutlack street,glenv iew,wellard,3000,vic,,4754283,DZILP1525V,6859084700
rec-2622-dup-0,jaden,mccarthy,,rubbo crecsent,glendas,gosford eagt,5641,qld,19030106,8577794,HSXDP7635E,66580-16761
rec-1105-dup-0,nicholas,jehvey,59,bogan place,hoepview,bundaberg,2404,nsw,19921231,4030459,UXTPP3947P,+916241300757
rec-4795-dup-0,michaela,wasley,10,lake place,faringdon v illage,coombabah,2192,nsw,19560410,5571708,DLUEP29V1A,08906916946
rec-2910-dup-0,dakota,mcgarrigan,2,jackie howe crescent,emmaus vlge,pialcigo,2204,wa,19861028,7729416,DCKLP8285P,(844) 756-5258
rec-1099-dup-0,kawe,garden,9,bettington circuit,robinson road,rochester,3121,nsw,19021008,8610454,RBEYP9736X,+91 7011595604
rec-602-dup-0,benjamin,green,,jennings street,,terranora,6009,vic,19681029,4718046,MVRFP5155H,77953-82063
rec-869-dup-0,zarila,slape,63,cory place,ingevale,coom,3356,wa,19821201,7582121,ZAOXP3549Z,(686) 917-2753
rec-4979-dup-0,timothy,webb,23,tom roberts avenue,cathederals place,padstow heights,2193,nsw,19270531,2303333,ZRJUP9161J,+91 6029205463
rec-4223-dup-0,gabriel,david,24,downward place,berkeley vlge,bossley park,2872,qld,19030305,7363149,QDSCP1589J,65696-18819
rec-55-dup-0,harrison,herert,9,davidson street,allamby biala street,mulgrave east,4871,nsw,19480129,4129781,SNUFP0956E,08131670472
rec-3373-dup-0,alisa,clarke,2,langdon avenue,cliffdon park,eaglehawk,2100,nsw,19760105,1902858,BURKP0935Z,7502473861
rec-885-dup-0,harley,coleman,4,pridhamstreet,merrydsle,broome,2528,wa,19670119,3924027,FLWLP6311T,(866) 125-4274
rec-1057-dup-0,pringle,samara,7,allan street,bonnie doon,campbelltown,5073,nsw,19560429,3493586,LOKQP3094U,9919540856
rec-157-dup-0,lachaln,coleman,59,marsden street,bell place (cnr bell r road,richmondw est,3995,tas,19060305,2870281,HSFXP1210G,(906) 920-2602
rec-3786-dup-0,nicholas,cochrane,845,olney place,,edithvqle,2450,vix,19260717,9800269,FTZRP5673T,84986-63015
rec-2731-dup-0,tegan,galbraith,130,pinkerton circuit,,altona ymedaows,6020,wa,19850912,9290065,,
rec-523-dup-0,,maslich,38,ibis street,wee wilbretree,carine,3337,vic,19003129,3611483,EFYTP9408O,07286041027
rec-3413-dup-0,amber,durnin,41,hindmarsh drive,walmoutn,knoxfield,3643,vic,19521010,8760281,BXUFP3391M,+91 9658944483
rec-1332-dup-0,benjamin,blake,4,phillimore place,tara park,sutton forest,3309,nsw,19481216,9939498,KJAEP9411U,39640-53436
rec-3774-dup-0,noah,clark,555,fizelle place,anstee court,bogagbri,5159,nsw,19540920,8260965,MHXKP7598K,07664933165
rec-2279-dup-0,elizabeth,madigan,,port jackson circuit,rosedha le,panna ionica,3182,tas,,7796244,YRVUP1528N,08471691251
rec-4750-dup-0,aliaa,white,356,,wemysd,mosman,3183,vci,19660226,7732220,HRNKP4081Q,+91 9884676045
rec-1991-dup-0,fergus,clarkg e,674,o'rourke street,bobblegigbie,casula,2213,vic,19380302,1449123,JPIDP0164D,08295138648
rec-2770-dup-0,clodqgh,campain,37,glen apin,captain cook crescent,wattle flat,4870,nsw,,5067638,JNYJP6579S,+91 6173694373
rec-3141-dup-0,blaize,matthwws,191,mirningcrescent,laurel bank,ardrossan,2550,nss,19441202,5876491,WCENP0645N,80403-53046
rec-4437-dup-0,white,marleigh,91,,yengola,kempsey,2536,nsw,19831227,6262171,UFDFP7520V,+91 8786300567
rec-3418-dup-0,,ridzing,336,kallara close,unt 2,altona north,2177,qld,19320604,7712618,GLPLP8793M,08339184742
rec-4683-dup-0,stephanie,heidrich,43,zamia place,cooroora,hyde park,6101,qld,19300222,7559482,PJWIP1522T,+916741177134
rec-4487-dup-0,madison,blake,25,owen crescent,pontresina,burraneer,4701,vic,19470410,6459959,BAWJP1880C,8461223308
rec-2144-dup-0,kelley,isabella,9,march rising,covington crescent,east mitland,2343,tas,19090918,2297084,YLWXP8306O,+91 8042508881
rec-2580-dup-0,charlie,white,76,kavel street,posetto,campbelltown,6110,sa,19190109,3793652,LOAZP3411F,+918035213416
rec-384-dup-0,michadl,richmond,7,tanumbiriniu street,professional centre,bundaberg,3020,sa,,6836733,COATP9402F,+918360485632
rec-2947-dup-0,,herbret,2,coplan d rive,boolig al,gin gin,3971,nsw,19160928,6069675,GMHIP4135E,+91 9069030163
rec-4781-dup-0,jacob,waliler,89,dalley crescent,the ui llows,mosman,2487,qld,19580408,6317326,QRHUP1891D,09573633434
rec-4989-dup-0,rosie,dixon,28,chataway crescent,burrmaunda,penshurst,2558,nsw,19960211,3496771,QFBJP4139M,(730) 229-4483
rec-3644-dup-0,natassia,mccarthy,16,newman mor ris circuit,st john of gos hospital,port sorell,6324,nsw,19761016,1123871,PEKTP1563Z,8197254858
rec-2972-dup-0,imogen,polmear,102,macedon crescent,rowehtorpe,port matquarie,2847,sa,19241217,6794742,FPOIP3518A,8013544323
rec-3861-dup-0,charli,gaskin,24,james smith circuit,villa2,gawler river,2641,vic,19590904,3925628,BRARP0829G,(815) 881-7880
rec-2646-dup-0,amy,sommariva,26,fernie place,glenfine station,surrey hills,6167,tas,19920303,8853255,AVCUP6320L,7101224882
rec-235-dup-0,lynae,campbell,11,,willandar illage,preston,2184,tas,19291114,4043690,AECSP2020S,08515656756
rec-3761-dup-0,joshzua,ho,23,mile beach caravan park,warragamwa avenue,east maitland,3181,nsw,19320427,9710227,ZICCP4042G,(839) 511-1787
rec-4631-dup-0,lachlan,zwaadzki,,hazel smith crescent,wdgee sfreet,bowral,6148,sa,19990420,7589775,FKBFP1589W,(890) 381-7070
rec-824-dup-0,holly,clarke,16,ballumbir street,talooby,sale,3166,nsw,19121217,8303839,NMLZP5564B,(793) 964-1501
rec-4324-dup-0,lauren,nguyen,253,myers place,canberra hse,coomba,5034,nsw,,2534716,IXDOP9504T,(830) 306-7141
rec-4065-dup-0,andrwe,,4,jeanette place,mehruda,mosman,2426,sa,,7007321,,8342207693
rec-92-dup-0,alana,frahn,530,a'beckett street,,lakes enrance,2477,vic,19630307,4624078,SQQTP5372R,9051756515
rec-475-dup-0,webb,mitchell,,bougainville street,rivermews,safetyfbay,2722,nsw,19480302,2186834,SHMVP1095M,+91 8836331541
rec-3722-dup-0,emiily,scheel,12,cuscaden cfrescent,hopeview,jamboree neights,4816,vic,19521013,4479715,DMMWP9276Y,+916979458808
rec-2933-dup-0,harry,bradshaw,51,musca zplace,longridge,lilydale,2137,qld,19961111,3683424,OBQEP0778L,(889) 305-2012
rec-2780-dup-0,,kothe,12,breona olace,lakes retirement estate,highton,4207,nsw,19620821,7592380,ITNQP6245O,(664) 318-4317
rec-2968-dup-0,finn,teague,39,empire cqrcuit,wagin medical centre,prospetc,2083,qld,19650301,2488065,EOCCP8997J,(678) 784-5286
rec-3069-dup-0,ashleigh,droegemueller,8,callaghan street,osmers,adamst own,3070,nsw,19300808,1309189,ALOAP3686B,8947293853
rec-3317-dup-0,oliver,von host,75,pattinson crescent,school h ouse,hoppers crossing,3311,vic,19080425,8000122,,+918429205933
rec-436-dup-0,jackson,lehane,115,,hawksview,balwyn north,2099,wa,19390312,2738637,PISJP8673Q,+917307626837
rec-2995-dup-0,koben,courtena-ralph,30,illidge place,,st peters,3363,nsw,19921228,1887648,LJMGP3768A,09106962395
rec-4124-dup-0,brianna,whiet,39,laughtosn street,coranidrk,stratton,4551,nsw,19840310,9784905,RLGNP3654O,(928) 176-7769
rec-2382-dup-0,emma,mccarter,21,enderby street,,burwood east,3025,nsw,,1635330,,72361-94057
rec-336-dup-0,tess,pembroke,,lawes place,sheep station,brookvale,4605,vic,19890611,6248469,RQZFP1087C,8622439927
rec-4255-dup-0,nathan,verco,,cumpston mplace,the summe r house,wanguri,6215,tas,19660404,7465594,PAVWP3795L,+91 6948608570
rec-1500-dup-0,jade,stronach,4,broadsmith street,miami,cohuna,2251,nsw,19090102,5258162,DPJRP4273M,(840) 804-4661
rec-4771-dup-0,kayla,kerkham,29,cobb crescent,beach house,denmark,2318,qld,19130284,4646463,GPTZP8736F,+91 9206095810
rec-681-dup-0,karli,dennes,8,greenways,eggleston crescent,bundaberg,5158,qld,19280616,8579616,MRREP1315Z,6707224983
rec-3833-dup-0,nicholas,clarke,,gaylard place,tryphinia view,wetherill park,2810,nsw,19041223,3972795,HOSEP2296U,09538927034
rec-2338-dup-0,damien,webb,34,molesworth street,fairfield housing bg,werribeesouth,2484,qld,19440826,5682631,YKANP9899G,+917139937841
rec-3056-dup-0,wio,whiteley,93,simpson ustreet,strathleven,kingston,2151,wa,19440822,8896048,MMRDP7737X,+919197130608
rec-4603-dup-0,lilly,sorn,32,herschellc ircuit,wongon,box hill south,2913,sa,19441009,9287185,WEDMP7983J,(625) 800-9503
rec-46-dup-0,aprl,bellchambers,2,borrowdal street,,wunghnu,2080,qld,19970426,8134681,ZSCRP2645K,7910760337
rec-2231-dup-0,madalyn,noble,21,,caroonavillage,mathinna,4051,nsw,19460804,7883652,JATTP2402R,
rec-3277-dup-0,yasmin,green,12,diggles street,st john of gpd hospital,rushworth,5280,nsw,19750129,3139028,QQVPP3820V,07239917890
rec-4363-dup-0,kenneth,priest,12,piper srteet,villa 449 blalycara,ferny xreek,2257,nsw,19151017,9976586,LSKBP6568F,(281) 562-4849
rec-1687-dup-0,jaiden,ferris,2,pandanus street,merri bjaks,coffs harbour,4067,vic,19571204,1859065,IHWLP2362B,08966989667
rec-1018-dup-0,biana,cbobett,,yerralee road,wongkn,woodend,3083,vic,,1020735,CMFJP4782B,06785867507
rec-2849-dup-0,nicholas,mcveigh,23,boolimba c rescent,young retirement village,st kilda east,4224,qld,19341207,1581884,SBRWP3327E,6512854941
rec-2203-dup-0,noble,sophife,9,university avenue,shenstone park,albion park,3325,vic,19361013,3379987,AOBRP2330N,+91 9495007224
rec-2825-dup-0,pakita,scarce,15,mckinleu circuit,killarney,connellys marsh,5067,qld,19600506,9865461,LEVAP9279R,08974750204
rec-3466-dup-0,benjamin,donnolley,29,downward place,ocean star villas,downer,7256,vic,19881009,7579389,VTVIP3673O,(818) 105-3686
rec-1067-dup-0,aprlol,wehr,,ellerstoh avenue,,joondabna,2150,wa,19941109,2560536,RXOAP9644B,(928) 735-7760
rec-2060-dup-0,jacob,ditty,19,woralul street,secaytry,morwell,3153,qld,19670501,1212121,KWBHP3509E,06941091140
rec-3580-dup-0,hannah,valengmini,5,rymill place,mayo,east maitland,4615,nsw,19490216,2488395,WIOFP8130H,+91 8267717019
rec-4597-dup-0,olizvia,trent,10,manity court,,campbelltown,6220,nsw,19740731,4392378,KLRJP0040E,+91 6018426271
rec-3753-dup-0,holly,spratt,8,spafford crescent,,st clair,3337,nsw,19130210,9895857,WWZMP6908F,07931152737
rec-3928-dup-0,bertie,burford,19,erldunda circuit,rcg cemtre,ermington,3018,qld,19181119,7640441,TWQHP0290U,+91 7065828893
rec-2662-dup-0,natalie,fullerton,20,leichhardt tsreet,gostwyck,chelsea heights,6107,nsw,19620113,4058902,YNLEP7495V,09012027499
rec-1092-dup-0,jaykob,ladyman,1,carbeen dtreet,apmnt 65,redbank plains,2564,vic,19071217,2992907,ZZOJP2927U,06666655247
rec-1820-dup-0,liam,cullens,121,chandlerw street,the burrows,safety bay,3073,qld,19910811,7828812,YITRP9548K,95442-80981
rec-3941-dup-0,mattheo,crouch,5,crisp circuit,brentwood vlge,hurlstonepark,2170,wa,19120531,4393719,OELDP0672L,(709) 646-1741
rec-3703-dup-0,holly,,340,kirkton street,barwick paatoral,tarianga,4454,vic,19180806,6513574,OYGNP1393T,(900) 726-4632
rec-4553-dup-0,ryan,linhdolm,125,coolibah crescent,acadia,kingston,3116,vic,19110122,9865390,ZXXFP9652C,+918850939577
rec-1363-dup-0,campbell,clarke,14,wootton crescent,the manor garden,northmead,3625,vic,19220610,7658745,OCYRP1035N,07039903663
rec-964-dup-0,san,singleton,41,clisby close,rockdan,toowoomba,4055,vic,19150122,7148269,AOWCP94371,
rec-671-dup-0,corey,godfrey,74,sturt avenue,cox cour t hostel,rapid creek,3976,wa,19880613,7156436,EAYJP2429G,(977) 941-5460
rec-4520-dup-0,aliza,lloydd-wight,42,port jackson circuit,grnnyjflt,brusbane,3078,qld,19800509,8844981,YZRQP6149H,(687) 552-4408
rec-1029-dup-0,charlote,dixon,8,lavan place,afflexian,booragul,3196,sa,19920713,7020668,QHIRP9022C,+917957668768
rec-1793-dup-0,,della-veede,113,rivett street,glen eden,figtree,2660,vic,19010271,8895395,KNMJP2094N,07592477643
rec-4735-dup-0,patrick,newbown,8,la perousehstreet,,rose bay,6430,qld,19470920,2408047,OZJEP4853S,67150-82084
rec-4251-dup-0,cameron,shepherd,91,mckinlay street,pindara medcial centre,bonnyrigg,2075,nsw,19690127,6756218,ASWWP1900A,+91 7644987537
rec-3937-dup-0,caleb,campbell,5233,,locn 7560,hamilton,4214,sa,19220922,9117989,XRNUP4789D,+91 8332545476
rec-3819-dup-0,michael,asendorf,20,ulm street,elmwood,jindalee,6323,vic,19560227,4757924,ZGLHP7045F,79189-66247
rec-3135-dup-0,gianni,campbell,39,spring range road,,eden,2602,vic,19911228,4150453,EHWRP8723E,7403039545
rec-2456-dup-0,cassandra,cappelluti,3,flecker place,,holden hill,2592,nsw,19350419,7613246,LBIXP8314A,(813) 873-8664
rec-4523-dup-0,callum,erett,9,tiptree crescent,,,3280,tas,19550825,3727793,RKTIP6710A,(672) 899-4304
rec-4969-dup-0,victoria,zimmermann,37,o'sullivan street,kelgoola,nyah,2842,sa,19240517,7803602,PNRFP0835G,+916925986084
rec-2943-dup-0,tra,,67,beauchamp street,grey oaks,robertson,2213,,19200922,7897903,XZAAP7591O,63167-92584
rec-3511-dup-0,blake,rau,119,lenehan street,binnalong,burleigh heads,2065,vic,19040120,8590013,OWMFP2028C,83780-50643
rec-1133-dup-0,annabelle,berry,40,cherry haven,rowntree crescent,tongala,6028,wa,19430705,2510289,OPQCP6776R,76647-51243
rec-1689-dup-0,tess,carosella,35,goodsir place,ocean breeze,para hklls,4350,vic,19550517,2262772,QYUPP4429Z,7657417375
rec-2905-dup-0,destnyii,humphreys,41,black street,najee,carrmu,4066,nsw,19810924,6458612,PAE8P9673A,07199689546
rec-3448-dup-0,makayla,cochrane,9,tillyard drive,the willows,coffshrabour,5089,nsw,19951205,3164154,UQFXP4406J,+916504574930
rec-1970-dup-0,etgan,robson,33,girdlestoun e circuit,granny flt,ringwood,2217,nsw,19770311,6427137,AYPTP2105S,(902) 092-0640
rec-4749-dup-0,jackson,cambpell,8,carpente close,mounvtiew,dungwg,3033,qld,,8656075,VKUCP8163J,(757) 033-3059
rec-1248-dup-0,hayley,wyeth,,griffin palce,terawah station,broadmeadows,6060,vic,19590129,8188526,SLMWP1092C,74169-04000
rec-2333-dup-0,sara,hage,89,collistplace,the lodge,mount eliza,4217,vic,19871026,2919243,VXFGP0321X,6192366657
rec-1906-dup-0,nicholas,jermolajew,14,hodgson crescent,,mosman,2600,qld,19850327,5859130,RBPYP4994O,(948) 393-3260
rec-4804-dup-0,alessandra,eyles,14,loureiro street,rowethorpe,illabo,2014,nsw,19210630,7014176,KPUMP3404T,08129265485
rec-4987-dup-0,david,lovelock,24,davison place,,warramboo,3136,qld,19190717,2747099,AWAIP3216B,+918980419077
rec-1657-dup-0,jayden,gazzola,23,star court arcade,temperley street,dorrigo,2035,qld,19560809,7207945,JFDHP0975R,+918395786264
rec-3648-dup-0,matiad,ryan,5,bogan place,aldinga b each court,bethania,2259,nsw,19401012,6674118,CSNUP8203G,+916341193871
rec-4729-dup-0,jack,waller,31,currie crescent,sumner hill,bayswster,3579,vic,19550324,8581279,LZMPP2834C,98767-97022
rec-1465-dup-0,jolly,kasey,1946,bettington circuit,mater professional centre,whitton,7104,nsw,19450319,8287398,SVLTP8842C,08186380995
rec-4727-dup-0,alicia,dixon,14430,embling street,kimberleh park,upper coomera,3551,vic,19860731,2677733,VEYXP0715V,+91 8188518443
rec-1569-dup-0,emiily,matthews,192,jacka crescent,,murogn,3012,nsw,19230603,2611585,VMQCP5894D,+91 9366806496
rec-1499-dup-0,witthoeft,emiily,,galmarra street,villa 5,kurri urri,2065,nsw,19421209,5224776,VYIPP75I7D,89182-05750
rec-2767-dup-0,rosie,green,9,martley circuit,orana gardens retirement village,sefton,4740,nsw,19400512,1038720,OUOSP5941F,+917840592868
rec-4847-dup-0,harvey,fassina,,oakrale,pope street,ascot vale,4419,nsw,19840812,5859873,PBLXP1393U,(974) 823-2344
rec-1028-dup-0,michael,clarke,37,mcintyre street,sherwood,maryborough,3113,wa,19240223,1884618,YCREP9970R,07972035437
rec-1646-dup-0,charlotte,maier,30,mountain creek road,frost mews,eight miye plains,4160,,19451123,2565331,BQSVP7835K,8967017820
rec-879-dup-0,samantha,barre,14,gouge rstreet,cedar bay,balwyn north,2105,wa,19640121,2801474,KAIFP3785P,+91 8979410678
rec-576-dup-0,james,kempson,14,melia place,birks harour,elwood,2350,nsw,19480708,1343391,VYQQP1092I,+919982821500
rec-354-dup-0,lily,wastell,2,clare dennis avenue,glen rathur,marsden,2118,sa,19720903,2526870,LLSFP2897L,09560463859
rec-1058-dup-0,juliana,wilde,20,westal l place,portland house,eden,4808,wa,19381207,3048642,ADGHP5104Z,7089316848
rec-2650-dup-0,caitlin,de boar,21,crisp street,section,ja n juc,5400,nws,19460307,3080624,NHWSP4328W,08412672019
rec-2155-dup-0,grace,dolliver,28,geila court,north sta r resort,doyalson,5720,qld,19040326,8625522,MGNZP1442G,07258709971
rec-3035-dup-0,gianni,peachey,55,tate street,,burwood,3154,sa,19451127,5162025,KCLZP3512L,(886) 340-9406
rec-177-dup-0,aidan,campbell,41,edwards street,claiville,rolleston,4130,nsw,19410718,8324852,ASHUP3755M,9180119610
rec-1709-dup-0,bekla,coleman,26,yollauplace,hounbank,whitfield,5007,nsw,19480127,9581654,FHWUP5743U,09912643473
rec-3036-dup-0,sheldon,robert,37,baume crescent,springdale,cowra,4659,vic,19000924,7823439,YAKTP7964M,+91 9893665631
rec-56-dup-0,jacob,mcfaddeen,70,cowdery lace,plumpotn park,sunshine,5086,nsw,19090731,9735499,NISWP5087Q,07297215647
rec-4628-dup-0,white,timothy,63,doyle terrace,windara,cardiff,5223,wa,19560731,4551355,,9143369370
rec-621-dup-0,jake,blaje,212,cassons treet,longridge,geelong west,3280,nsw,19601009,8244609,YNRBP3260G,+91 8238478087
rec-3873-dup-0,bryec,crosswell,34,monkma n gstreet,,colac,4551,nsw,19301122,8289252,SJMTP0777M,+918685763814
rec-1713-dup-0,abby,tsokas,85,barnard circuit,,bassendean,3165,nsw,19290602,3554799,WFOEP6099X,73119-58321
rec-1525-dup-0,lushia,alclhin,940,poynton street,uc-dai-loi,,6014,vic,19870205,5901439,CYTLP8706Y,88566-90124
rec-3332-dup-0,lily,chab rel,12,majuraavenue,lambton denture clinic,geelong west,6056,qld,19700626,7967866,PXORP4329C,06376602421
rec-2868-dup-0,micha el,george,8,burkitt street,halfmoonl station,toowoomba,2026,nsw,19350215,3561120,FSPUP1651O,75717-81347
rec-4343-dup-0,jordan,paterson,36,grono place,tarqua,maryborough,2607,nsw,19420219,2467275,KFCKP7324Z,8002036374
rec-3025-dup-0,hannah,sinoch,9,blackwell ycircuit,st francis vlge,broadmeadows,2650,vic,19770628,4760009,EYPJP2909A,+917981071294
rec-4801-dup-0,stella,cordingley,8,chandler street,,duncraig,3915,vkc,19000322,6694032,SJKEP7143X,06627440823
rec-556-dup-0,giorgoa,ditty,10,williams street,rawdon hill,tarnasgulla,2404,vic,19171102,3194066,DIBYP6645L,(673) 210-5450
rec-3882-dup-0,jacob,siviour,12,dobbieplace,brentwood vlge,gundagai,2839,qld,19160602,6864430,CGIBP3797T,+919765000380
rec-3943-dup-0,paris,quilliam,,hayden close,,north ryde,2450,nsw,19021008,2734415,BHWMP1010N,7518159602
rec-2519-dup-0,jenna,goode,49,hedland circuit,kel a,kingaroy,3516,nsw,19920828,4224901,CGZNP4480R,+91 8602285610
rec-2945-dup-0,katelyn,cochrane,2,thozet place,eden park,swan reach,2759,nsw,19910821,9564362,DSKIP3851L,+91 8348550966
rec-3794-dup-0,leah,hilton,38,birdwood street,lucky corner,mitcnam,3169,nsw,19380702,9968264,QMOFP4151T,73739-11630
rec-852-dup-0,annabella,byers,114,glenmarla tmb 2563,teece lace,canley heights,4300,nsw,19630128,8053255,PJMRP0641V,89558-94046
rec-3077-dup-0,jett,mendrin,27,ainsworth street,colooli village,bassenedan,3777,nsw,19050414,4009853,TULFP2196G,09783736880
rec-2159-dup-0,,carullo,66,longman street,home vlge,mawson,4572,nss,19260527,5895140,VGJBP3949F,73956-19365
rec-4921-dup-0,waller,brooke,25,la peros e street,watcho rns hill,st lucia,3995,wa,19680216,5166618,TGFFP4455Z,+919571592845
rec-398-dup-0,boyle,judah,289,,sapama park,west kepmsey,2225,wa,19000503,8429976,JWMPP1286Y,
rec-744-dup-0,simmonds,chevonne,24,victo ry place,,hoppers crossing,2047,qld,19420531,3553538,KZQWP7892T,98186-78162
rec-786-dup-0,courtney,okulewhicz,12,hodgson cr escent,,forrestfield,4214,tas,19990419,1581871,YMMLP3553C,8707168142
rec-1533-dup-0,sophie,elderion,1,theodore street,seabank,salisbry,6026,nsw,19320402,6259234,OIRSP0986Y,7546304588
rec-4287-dup-0,szymczak,keely,17,kosciusko avenue,trevena,kingspark,2137,vic,19711125,2525516,NJFCP0513V,(854) 366-4016
rec-4820-dup-0,madelind,harrington,81,coulton road,ashmill park,brgihton,2464,vic,19140630,8478957,BYOZP4930K,93328-07480
rec-2092-dup-0,genevieve,bristow,7,schonell circuit,the park,highton,3109,nsw,19890119,7811495,YIIGP3663K,+91 8124024629
rec-892-dup-0,wieloch,jack,29,mackennal street,,thornbury,2261,nsw,19500927,2954380,OIDKP3783D,(880) 733-8883
rec-3853-dup-0,brianna,dixoh,18,staaten crescent,buckhobble,greensborough,3013,nsw,19860928,4919547,ZSPAP6186O,09145341660
rec-212-dup-0,irene,morriso n,16,maitlanrd tsreet,the mall,burleigh heads,4077,vic,19650804,9676251,IPWHP9662Y,97612-34566
rec-4047-dup-0,bradley,offoin,33,mcwhae cir cuit,west park,scarness,2047,vci,19180420,4715993,NIPVP6917H,78258-46045
rec-3858-dup-0,mitchrell,forshaw,6,canninbstreet,karoeban,yanakie,2631,nsw,19470710,8308037,DEXBP6419E,87407-05039
rec-2120-dup-0,kyqie,stanleu,10,bugden avenue,wrem house,nunawading,2653,sa,19481020,6634230,ASYXP8461V,6133221911
rec-5-dup-0,josephine,yu,145,hensman street,lambar,burwood,6164,wa,19310920,5792336,EZN3P7717M,+918865822587
rec-993-dup-0,jack,fitzpagrick,,condell street,,fullarton,2212,vic,19041121,9590543,IBETP2816E,62615-43529
rec-1508-dup-0,lia,maymard,51,hensman street,under s ilos,modbury ehights,3196,nsw,19950704,9947782,,+91 7944535015
rec-4062-dup-0,kyele,mihakenko,6,fitchettr street,woodburn pastoral,paralowie,2229,nsw,19420817,7307571,LUFHP7694J,09246187376
rec-2112-dup-0,emma,hage,43,ballumbir street,opal cov resort,newmarket,6061,nsw,19381224,3230581,QLMKP8331H,+91 8630856790
rec-3504-dup-0,ethan,lohmann,624,mcnamara treet,copely,tailem bend,4744,wa,19020126,1088335,EFYSP2267C,99141-67186
rec-1625-dup-0,chloe,campbell,26,darcy close,blxgrove,kedron,7249,sa,19210221,3030490,AYQCP4193O,(690) 664-7445
rec-3499-dup-0,kydan,burford,249,garran place,cape hawke hosptl medcl centre,launcestno south,2126,nsw,19530728,5743011,WHPVP6805H,89663-17631
rec-4218-dup-0,melissa,monola,71,gilesstreet,north nowra shopping centre,greenwood,0810,nsw,19730130,3690365,GKOPP9308J,09622423278
rec-4680-dup-0,zac,vincenft,19,goodchild street,,brighton-le-sands,6024,nws,19250320,4898468,EDOKP2248U,+916459894947
rec-404-dup-0,conno,petrillo,46,roebuck st reet,oakdale,boronia heights,7051,vic,19400425,8000924,LOCAP4755N,9659120938
rec-4689-dup-0,olivi,stanley,244,,makrool,camp hill,5250,vic,19380424,1941202,,07755182000
rec-95-dup-0,kiana,webb,144,cooling place,,norwood,0800,sa,19880716,8983519,HIDRP0831P,(869) 592-2300
rec-4674-dup-0,brooker,chelsea,40,stuart street,,wellingotn point,2076,qld,19981109,5456111,AFBDP1820L,07021297563
rec-94-dup-0,james,compton,19,landsborough street,st john of god hospital,edithvale,2234,nsw,19340309,3926610,,8821544219
rec-1364-dup-0,jack,fitzpatrick,16,normantreet,lort hfe ights,scarborough,2520,,19190814,5911934,QSPGP5445P,67310-38099
rec-3890-dup-0,arren,white,4,eggleston crescent,,toowoomba,7116,nsw,19740614,1963582,VNNMP6730F,+91 9852098700
rec-2273-dup-0,chelea,tuckwell,,atherton street,,invemay,4868,vic,19391105,9172674,KTOOP2678T,(635) 313-3246
rec-3403-dup-0,kyle,butt,7,beaurepaire crescent,brightwat er villas,bunbury,4750,nsw,,8272544,NQKPP3480X,07510045338
rec-3881-dup-0,,zimmermann,,vickery street,kootignal,buddina,6330,vic,19810827,4538744,NFJWP2593T,06582759011
rec-1982-dup-0,rachel,elstob,3,mullan street,,ivanhoe,4305,sa,19570111,5616006,TCITP7391X,+91 7007602922
rec-2522-dup-0,bianca,thurlow,29,,shack 118,mal vern,2852,vic,19120204,8574662,MFTBPY306Y,65380-85367
rec-4558-dup-0,jason,mcmul len,13,musgraves treet,black creek,ingham,2280,qld,19280901,4547198,BWQOPH887J,09982817018
rec-1668-dup-0,weavwr,caleb,7,arabana street,ashell,harden,7171,vic,19300527,2414397,YIEYP5369V,+91 8885465412
rec-1954-dup-0,jessica,blake,112,gardiner street,jemree,cronulla,6525,qld,19871021,2057337,DAZVP0603T,+91 8251054113
rec-3452-dup-0,brooke,reeos,381,temperley sureet,,mosman,2100,qld,19630314,3610323,OPQUP0522D,(837) 458-6782
rec-4845-dup-0,michael,acciairresa,18,eyre street,autum l odge,preston,4218,vic,19580720,5106898,BPDJP8576M,6494022306
rec-4581-dup-0,taylah,sherriff,58,burkitt street,oxoni,lavington,4073,vic,19270919,8204283,LYGXP5812R,+916048064887
rec-551-dup-0,,blae,142,forbesastreet,white lodge,mill park,3133,sa,19990618,5715448,LTMVP0382D,+91 6951287398
rec-2922-dup-0,jordan,allegretto,22,stacy s treet,b,bonny rigg,2069,nsw,19380915,1390998,QTGOP9694G,09077215390
rec-894-dup-0,,carkie,133,amagula avenue,fourmile,coodanup,2117,nsw,19280117,4243188,HJHXP5642D,+916451260972
rec-1033-dup-0,beau,zeitzen-van der burg,,william webu drive,kilnesy,bundaberg,6489,nsw,19500927,5594467,MXLZP8212Z,+91 6259903556
rec-4779-dup-0,matthew,apted,1369,,pine tree,toowoon bay,2120,vic,19540130,5268631,AUIEP8174R,07203703832
rec-4892-dup-0,joel,warneke,47,walsh place,corra-lynn,carrick,2529,nsw,19160910,4818906,IPNXP3761O,07440157424
rec-748-dup-0,chelsea,campbeqll,136,croton street,ocean park towers,hawkesburypheights,3850,nsw,19550115,8861700,LIATP7207N,07176888938
rec-2319-dup-0,gaskin,keeley,128,winder place,chana k,west wyalwng,3138,wa,19550702,4856464,ZISQP8883K,09800699740
rec-2094-dup-0,alicia,ferris,25,brereton street,macian house,ruse,2211,,19650926,5013659,XTDOP1539S,(950) 288-4448
rec-759-dup-0,cboby,mason,220,,karnagh,kangaroo flat,2315,nsw,19641221,4800565,WQQMP7092B,84563-03176
rec-1834-dup-0,adam,tiller,13,westfield shoppingtown (next to medicare,sec 161,page,3127,vic,19410419,2449378,YRTKP8270Q,(936) 664-4050
rec-399-dup-0,teagan,white,54,knoll place,wangaay,padstow,6107,nsw,19210314,9334133,ZIQAP6991K,+91 9808432687
rec-4685-dup-0,kelsea,worsuey,65,mackellar rcrescent,,hemmant,4208,qld,19990610,6206107,MLJPP0141G,6057499934
rec-2397-dup-0,riley,matthews,34,westhoven street,stone oak farm,succses,4034,vic,19890629,5906706,KZNWP7336M,+91 7820988455
rec-3990-dup-0,makayla,matthews,42,cullen street,st francis orom,oakleigh,3233,nsw,19061006,7914045,MSWXP5285X,(942) 784-1634
rec-4599-dup-0,james,,12,mewton place,ellwood,st george sbasin,3073,vic,19250703,5362406,KNUBP8639S,+918615111725
rec-2667-dup-0,daniel,nykamop,10,jingara cottage,baanenuc,warburton,3806,nsw,19611221,3482588,,06793256069
rec-4834-dup-0,,quast,22,fincham crescent,zimms corner,penirth,2228,vic,19720423,2959997,HZVBP3845F,(939) 720-4813
rec-2612-dup-0,josyua,white,11,finlaysonz place,hayfield vlge,the enyrance,4178,nsw,19560417,3821555,FBSHP0250L,07090762635
rec-162-dup-0,portia,weaver,34,angophor astreet,knox retirement village,parramatta,3192,vic,19560218,7422879,SSWOP9804I,7263690184
rec-4744-dup-0,grace,mcvicar,39,namatjira drive,,chisholm,4818,vic,19540503,2929679,TZMTP9634H,(994) 750-9010
rec-3915-dup-0,ella,richmond,195,flack srteet,,berwick,5109,nsw,19820727,7932680,VRPKP3333I,(653) 066-8607
rec-3014-dup-0,brandon,wintulich,260,bromley fstreet,caroowod,regents park,6023,vic,19810304,9945357,ISYCP6708N,07325990316
rec-4891-dup-0,charlogte,donaldson,3,federal highway,allamby biala street,kilcunda,4073,nsw,19541208,5650823,LFILP4046L,76400-47310
rec-1165-dup-0,aleesha,mahmud,101,saraji imne,mcculloch street,ulvertsone,6064,nsw,,9126691,GSHVP0960M,+919346708639
rec-995-dup-0,isabella,westbrbook,20,yanda street,carlwo,seven hills,2048,tas,19730807,1274198,AWTSP0338F,89662-66029
rec-3205-dup-0,,mainsbridge,12,cazaly close,earl haven,colac,3199,wa,19110409,9927051,XVCWP5352Y,07101320828
rec-2467-dup-0,zali,walppkle,25,william husson crescent,muralappi,brymaroo,3147,wa,19550701,9616019,UFYKP3017P,06551580660
rec-4003-dup-0,andrew,novak,9,blackman crescent,ra 23012,ashgrove,2204,nt,19131226,1378126,UNGRP3996A,9007857315
rec-3799-dup-0,ballantyne,michaela,86,mandurah place,tantlalon,canterbury,4043,wa,19021123,5203409,TPRWP4113Y,+917784337777
rec-2415-dup-0,chleo,coleman,50,mina wylie crscent,montocaradvan park,gowri e,3114,sa,,6761005,XQJXP3046L,+918289281840
rec-4476-dup-0,imogen,bellchaimbers,216,bensteda place,or eel,nedlands,2158,nsw,19230217,9615495,XQAQP3763U,87865-06735
rec-1534-dup-0,noah,mason,15,morehead sutreet,fingal park,duncraig,3357,nsw,19890129,5247400,CKFXP6673M,(980) 346-9449
rec-863-dup-0,madison,parr,1,brackeriplace,pad icam,hectorville,2154,nsw,19530610,4752945,UEAFP8583W,+91 9530787657
rec-125-dup-0,ruby,reip,12,judkins street,the wilolws,airds,4305,sa,,8834327,QYRGP7955Y,09447802367
rec-3502-dup-0,,farrimond,39,tank atreet,hilltop hostel rowethorpe,modbury,2650,qld,19061111,3876047,LNNLP6194Y,07198029205
rec-4573-dup-0,jamie,death,2,galway place,wylarah,werribee south,3356,nsw,19540328,3127934,QTSWN4344S,6851049101
rec-4737-dup-0,sascha,matthews,5,canopus crescent,willalooka,asquith,7250,,19670719,7320513,,95301-42472
rec-980-dup-0,samir,teal,8,mcclelland avenue,doribank,lilydale,5092,nsw,19600901,6271964,QKMWP3674T,+918350936643
rec-2763-dup-0,ruben,gibb,12,shannon circuit,windalea,hackham west,5159,nsw,19021019,4450079,GXXAP6236P,+91 7461583997
rec-4122-dup-0,tess,battison,1,wyolap lace,,west wolllngong,2201,nsw,19230918,9384214,XSNGP4773D,+91 8746874024
rec-2392-dup-0,mariamne,adair,24,mcclelland avenue,colefield cen park,warrandyte,2217,nsw,19910122,7356931,IOSRP5323D,+91 7615402387
rec-1109-dup-0,kaleb,mccarthy,34,lamington street,berri cottage hmes,maryborough,2795,qld,19270513,1510564,EIVCP1319Q,+91 8241585088
rec-1292-dup-0,jacinta,lenzi,10,couvreur street,mtdr sydale,mortlkae,2068,qld,19640807,1067001,EUMQP9945K,(967) 860-1213
rec-2136-dup-0,silas,painter,6,parkhillrstreet,,st petees,3338,vic,19280710,4164669,WYSXP0697X,+91 7007796387
rec-1658-dup-0,leah,averis,27,macrobertson street,,mona vale,2067,nsw,19150220,1890261,,+917181875969
rec-3078-dup-0,abbey,matthews,12,de graaf f street,denture clnc,,2902,qld,19850806,6455816,ZDYLP9121B,(906) 281-5378
rec-4009-dup-0,,parashar,773,tytherleigh street,,eastwood,4605,sa,19900510,1990268,NDMIP9965W,+916600182155
rec-4323-dup-0,annalise,ma,6,,point cook home,stroud,6535,nsw,19270608,2160321,QWXCP0195G,+91 9380836772
rec-666-dup-0,butt,thomas,22,medworth crescent,stoneield,booval,4502,nt,19630219,2894576,VVEPP8690W,+91 8955198434
rec-3364-dup-0,jessica,maynard,15,alchera vlge,archdall street,bourke,3141,nsw,19471209,7562694,3LBEP3024R,+91 7465049999
rec-298-dup-0,blake,howie,1,belmont park belted galloway stud,cutlack street,budgewoi,6071,vic,19250301,5180548,UKBJP9598A,(665) 261-4498
rec-3058-dup-0,lachlan-john,spears,165,o'connor circuit,kondalilla,risdon park,6064,qld,19950105,2408582,YRFVP6909K,69897-61945
rec-940-dup-0,zacharey,br asn,31,cornish place,the mea dows,whitfield,2675,vic,19120327,3343445,WXDWP6514B,88471-63283
rec-4326-dup-0,lucas,appletree,20,mcwhae circuit,crannog,jacana,4115,vic,19061023,9563099,IZNVP2257S,9017365010
rec-3253-dup-0,,prideaux,117,wilshire street,rosetta village,bonyton,4503,nt,19700320,4150192,QEFGP6701T,+91 7237888939
rec-2513-dup-0,jessica,jolly,59,higinbotham street,rosetta village,woodpark,7109,vic,19850112,2565859,LVUNP8469Z,1832315946
rec-4815-dup-0,connor,bullock,23,antill street,dunmunkle lodge,alice springs,6155,nsw,19740907,3575462,TALSP4334S,79718-58185
rec-3148-dup-0,christian,littlely,3,meyers wplace,burtons lookout,maryvake,5268,wa,19001019,4011513,QJGYP13S0I,7444109801
rec-4851-dup-0,noah,doman,20,boucaut place,oakdale,clarinda,3072,vic,,4747349,PVOYP0100H,09377741494
rec-1346-dup-0,anari,sommariva,27,miranda place,,rosebery,2264,wa,19681110,4235226,,+91 8250662565
rec-4180-dup-0,finn,leslie,7,longmore crescent,the lodge,woodcroft,7250,qld,19670715,1685360,OVOYP8760M,6973871221
rec-2260-dup-0,adam,adair,14,wattle street,red arrow,albany treek,2825,nsw,19560420,1699586,JFJXP8489I,92869-30137
rec-659-dup-0,skvaril,matthew,24,julia flynn avenue,,batemans bay,2456,nsw,19142122,5572688,FBKXP4495R,91273-92152
rec-1011-dup-0,taray,grooby,7,namatjira drive,rive rpark,rye,0821,nsw,19771030,3820896,HGJRP0316B,+917561711269
rec-2171-dup-0,lachlan,mcdermid,,,ettalong beach village,kellyvglle,4220,vic,19400318,8407575,NZRNP0309U,+919397341953
rec-1449-dup-0,jena,salas,2,tasman p lace,kinvarra,netherby,3820,qld,19490605,1868937,OJXSP5364S,93971-68649
rec-414-dup-0,benjamin,liccioni,4,golden grove,jestarlei,lavington,2042,wa,19100711,2197467,TTASP5691N,+91 7909109659
rec-2398-dup-0,librandi,caleb,48,kidd place,donore,applecross,4865,tas,19730404,5522569,PPCMP5035V,9200179918
rec-3410-dup-0,nicfholas,champion de crespign,8,deuchar lcose,lanena lodge,ryde,3181,qld,19230403,3235310,,(732) 494-0609
rec-4867-dup-0,,tarquinio,24,lindclose,,frankston,4505,vic,19650419,4738861,DACXP2947R,(661) 424-6779
rec-1082-dup-0,imogen,green,1,trickett pjlace,nullo mnrain,coromandel valley,7027,,19770615,3231911,SYGNP2912U,+919149792931
rec-3032-dup-0,maddison,jaing,8,templetonstreet,kurrabri,lamington,3556,vic,19610619,7894969,VJCFP5558Z,63385-67289
rec-4410-dup-0,destynii,hope,24,villa 3,barungastreet,st peters,4061,nsw,19210430,6586290,EGLLP5132N,
rec-3626-dup-0,sophie,wynner,25,leajy close,box range,beechboro,2340,wa,19940105,5948897,YTXEP3130P,+919193688824
rec-2255-dup-0,green,benjamin,11,marou place,citycentre plaza,clear mountain,5115,nsw,19810305,8410885,TCNTP0243K,+919570742330
rec-1264-dup-0,emiily,george,17,bayview caravn park,ebeneze street,swan hill,3178,qld,19710827,7813722,QYMVP3587C,9965507071
rec-4651-dup-0,julia,bullock,33,,legacyuvlge,duncraig,3126,vic,19130412,6578982,DNYCP7381Q,08002213649
rec-4406-dup-0,calbe,newberry,14,mackenziestreet,mountainview retirement vlge,emerald,2560,sa,19211203,1454125,JBJYP1112T,95102-11852
rec-2982-dup-0,jaimee,hanna,8,harkness street,belmor river,armidale,2062,nsw,19871116,5900887,KWHPP1133C,(607) 054-0986
rec-4414-dup-0,joel,campbell,2,maclean street,,riverstone,3168,vic,19621110,8265289,,09420040804
rec-2329-dup-0,lachln,theodore,1304,,bells ck,woodhouselee,4817,wa,19840528,7028688,RDEWPD910P,07935572790
rec-269-dup-0,summer,delen,1,uriarra road,tesbury,kurri jurri,2333,qld,19401028,6523096,WPRQP9871L,77428-07234
rec-1372-dup-0,brooe,burford,28,,moolooboola,kinglake west,4560,nsw,,7438993,HPPVP7013M,7991485378
rec-1519-dup-0,pai,maczkowiack,52,kalgoorlie crescent,,broken hill,3002,vic,,5924648,HCOPP6768V,8261367723
rec-423-dup-0,william,corire,17,degraves crescent,sec 1,parkinson,4741,nsw,19610614,5150424,FIBQP2449Q,68114-83747
rec-362-dup-0,dityt,jessi ca,22,dunlop street,oak-lodeg,bundaberg,3183,nsw,19500328,6813350,GTEQP2099X,+91 8810297054
rec-2863-dup-0,matthew,priest,310,benson drescent,glenhurst,tarragkndi,4124,qld,19860226,2553510,ZIJCP0308B,8304347631
rec-1353-dup-0,irene,aldehan,9,tumbletovn place,,wahroonga,3226,,19670316,7471765,NALQP2578L,8029769395
rec-4453-dup-0,saule,peachey,28,waratah street,goonahra,wanniassa,2750,vic,19531113,2548288,OYEBP7082Z,+916985790258
rec-920-dup-0,scott,clarke,122,archibald street,locn 1487,nickol,2553,nsw,19010518,1978760,ECCYP3619C,6615561638
rec-215-dup-0,caleb,roberts-yates,40,millpost close,bandera,cobar,3500,qld,19670914,5399448,NJYOP7508B,99207-37677
rec-4339-dup-0,liley,reid,27,tyrrell circuit,bright view,port sorell,2578,sa,19680620,2026273,EEAZP6778V,87157-15458
rec-2-dup-0,olivia,trigwell,13,waldock street,wilpena,newlambto nheights,3194,vic,19571126,9991752,DZXIP5215Z,+917837519919
rec-3991-dup-0,eliza,nadin,12,tycannah station,mt warning crescent,preston,3091,qld,19470314,6540403,YKGHP7860I,+91 6316403961
rec-3226-dup-0,matthews,harley,32,badimaa street,munmurrapark,kinross,6015,qld,19820215,7336254,HRDSP9939S,(613) 866-1430
rec-2322-dup-0,morrison,sophie,11,waller crescent,hmas cerberus,loganlea,3175,vic,19420302,7721195,UTTLP9943X,6404886667
rec-3749-dup-0,connor,trimble,75,werriwa ycrescent,scts crk,mill paark,2162,nsw,19290729,5610380,TSKFP3290V,81455-94171
rec-3013-dup-0,georg e,mccarethy,35,clubbe crescent,yakill i park,mentone,2540,vic,19350704,9460223,PDCJP6085S,(682) 109-9517
rec-859-dup-0,macey,lowe,26,butlin place,lotus lodge hostel,enoggera,2680,tas,19081128,3271563,QEBGP8076O,8752858890
rec-1628-dup-0,,clarke,,edkins street,conmurra,balcatta,2162,nsw,19360520,2120525,TFSFP4909X,(634) 515-2371
rec-24-dup-0,lauren,mellick,54,lewis luxton aevnue,,cooks hill,2161,qld,19561107,9988724,BINPP4453L,+918653375443
rec-3391-dup-0,madelyn,blizard,6,southwood rpetreat,hoxtpn park,northgate,2067,vic,19540215,2341148,RBXFP8732Y,7394089474
rec-1945-dup-0,hana,duvdley,16,lochee place,portland house,rose bay,3085,nsw,19590211,3088000,HIXBP0399P,08488018865
rec-1636-dup-0,layla,dent,5,kater place,parry huse,burwood east,5251,qld,19730408,5189661,KQOHP9828C,(938) 928-7537
rec-4336-dup-0,alessandra,shepherd,4,stow place,blueberry farm est,ringwood east,2447,qld,19631123,4730733,YZAJP1443L,7233314022
rec-4655-dup-0,isagah,drysdale,10,hingston close,,glenhaven,3360,vic,19370729,4360928,,07033779731
rec-1638-dup-0,gartkh,echevarria,76,solomon crescent,ondyong point,humpty doo,2770,vic,19970118,4201581,JQQVP7930B,07042350334
rec-321-dup-0,ruby,rogan,6,guthridge crescent,,parkside,6050,vic,19050201,6557114,ZOBXP0113S,08181085227
rec-4929-dup-0,lachlan,green,11,golden grove,jodaygne,armidale,3058,vic,,4526867,SIPKP3770B,+918132240551
rec-1593-dup-0,jayden,thorpe,44,warrego ciercuit,yacklin,cabramatta,2259,wa,19281105,6871482,DFZXP8643Y,
rec-1486-dup-0,matisse,felmingham,351,sherwtlod,kingsford smith drive,cooks hill,3207,nsw,19320615,5414268,DIAKP3952P,+919491909034
rec-1948-dup-0,flnyn,painter,7,thomas hart street,railway stn,sea ton,2640,vic,19211124,8126727,GUPVP0740V,09046402592
rec-2093-dup-0,nicole,madigan,8,carrollvstreet,newton park,goonellabah,2749,qld,19610919,3710610,QXNRP5082A,(898) 116-6358
rec-4953-dup-0,christian,goetze,5,manna close,torrington,mill park,2323,nsw,19510127,3619285,NPIFP8073U,69995-96751
rec-443-dup-0,olivia,lavel,7,frater crescent,waterdale,marmion,3185,qld,19230219,8833281,BJXUP3392K,6268964956
rec-4532-dup-0,indiana,thopre,39,newmarch place,nelsonsa ke,milleprk,2250,qld,19271212,8901632,WOSRP1473N,+91 8161796251
rec-2137-dup-0,schkira,ryan,1,baringa orthopaedic centre,dumas street,frankston,3028,vic,19520108,1566350,KZGYP4736I,08985699509
rec-4721-dup-0,ethan,steed,38,williamson street,wilga,greensborough,2074,vic,19900708,5384988,CEGFP4359N,09918920154
rec-1056-dup-0,james,imgrapen,47,curlewiscrescent,dragon rising,burleigh waters,2680,qld,19520516,6111417,XJSVP2090B,+916552557838
rec-1325-dup-0,hayden,ayrse,22,castleton crescent,kojonolokna hills,leongatha,2103,sa,19970513,1502848,IIXWP1979B,
rec-749-dup-0,sarag,curtg,47,charlick place,heathfield qld,mullumbkmby,3175,vic,19131205,8264314,SVFHP3883Q,+919553201863
rec-3493-dup-0,india,meddings-blaskett,166,james smith circuit,glenview,hug hes,2540,nsw,19730602,7857279,HGIWP2920N,+91 9355596038
rec-4484-dup-0,alexandra,clarke,15,rsd b 284,parnell roa,,4014,sa,19890608,7235143,LDNFP5633X,(644) 034-4624
rec-11-dup-0,jake,fawkner,,wolff crescent,,proserpine,4011,vic,,3844004,YMBRP4725C,+916493330677
rec-3545-dup-0,nataia,langrerh,32,calvary clinic,mt annan,narellancvale,5290,nsw,19981015,5685638,HFMTP0270A,+916086321964
rec-1093-dup-0,sarah,bradshaw,6,hallen clise,red tank,mullaloo,2161,vic,19340509,9150146,OJDEP4898N,07663664258
rec-3857-dup-0,samplton,ambrosia,28,moorehead place,,goodowod,4701,sa,19400426,1298044,ZPXLP3868M,(804) 102-6877
rec-2483-dup-0,zachary,webb,97,witt place,,laurieton,2206,vic,,8708647,JXLPP6620M,+91 7511395706
rec-3252-dup-0,,campbell,4,dunbar svtreet,delicate nobby street,cloverdale,2528,vic,19480406,8607518,IYEQP6858T,08578012495
rec-3117-dup-0,georgia,tunstall,,beadle olace,holmligh,caulfield north,3046,sa,19330720,4656516,ZTYYP0530U,68141-20944
rec-4996-dup-0,brayden,pragt,24,melba street,utopia,st vies,5171,nsw,19561029,7716405,,93420-31577
rec-2794-dup-0,webb,april,25,anketell street,sec 437p,millmerran,2226,vic,19060125,3661897,KIZOP4734C,+91 7928364320
rec-2284-dup-0,nicholas,kaukov,295,jervois street,dodonaea wing,wamberal,4077,qld,19070128,2145341,SJNPP8810B,06975663578
rec-3335-dup-0,lioy,musolino,34,fernyhough crescent,gunn's u lly,burwood east,2097,qld,19600226,9776077,VAYKP1684C,(861) 880-3534
rec-3985-dup-0,blake,daykin,3,hannan ctescent,cooroora,gwynneville,2318,qld,19120515,8485229,MUSTP3230H,(705) 572-1252
rec-3964-dup-0,brianna,ryan,1,bingham circuit,beltunga,highett,6330,qld,19310316,9339689,ZP4CP6936V,9170563179
rec-2304-dup-0,daniel,warusevitane,123,mccaughey street,lemnos,lismore,3023,vic,19990918,9753519,HDFXP5687M,8473532050
rec-3737-dup-0,archer,brammy,119,free place,,killara,2795,vic,19190802,3733888,HQZRP8410S,09011269027
rec-1765-dup-0,,webxb,3,anukana,mclachla nstreet,eastwood,2121,vic,19175009,8331654,HVJHP8136R,(746) 402-1819
rec-3225-dup-0,kylb,careless,75,mcbryde crescent,rowethorpe cgynet hostel,ivanoe,6074,sa,,3208751,VRQBP3210V,+91 8825033644
rec-4359-dup-0,clsin,green,42,osborne place,lakewood estate,hastings,6172,nsw,19201203,8724836,URZUP8I62D,+91 9458074728
rec-1313-dup-0,laylau,chammen,9,discovery street,st francis vlge,keilor dast,5352,nsw,19550123,4055724,JHSNP8759E,+91 9465173048
rec-132-dup-0,bryce,clarke,15,kellick lplace,beau-ridge,mill park,4413,tas,19821213,6173366,NCPAP7863H,+916457708345
rec-2604-dup-0,christopher,frew,10,ringrose c rescent,locn 1996,lilydale,4096,tas,19321022,6674665,KRHTP2433Y,09629180881
rec-746-dup-0,dakin,sophi,50,correa street,upstaisr flat,beachlands,5241,sa,19760414,2342666,FTZYP6551L,91647-39569
rec-915-dup-0,emerson,soulemezis,15,marshall street,birks hsrbour,st albans,2135,vic,19450805,8760466,TJWQP5810C,06795997359
rec-695-dup-0,toby,quill,25,anembo street,sect 329,strathalbyn,5253,vic,19380703,6115722,BENEP0366P,9425317308
rec-1578-dup-0,maddison,goldsworthy,6,cavill close,killanoola,manly vile,2258,qld,19820307,6557335,LNVZP3629Q,8747276062
rec-3457-dup-0,howie,james,297,,irrigation farm,campsie,2315,wa,19350803,3217546,NXWEP6014Y,(840) 300-0299
rec-1211-dup-0,dent,madiaon,14,mault place,rockwood,gordonvale,0886,wa,19440208,1552323,YUNQP5028H,+91 6597567269
rec-4698-dup-0,brinley,baumab,14,prout lpace,amblin caravan park,gaven,3021,vic,19360411,7377453,XEXBP1042J,81440-32580
rec-4231-dup-0,,durban,63,ormond street,,narrogin,3284,vic,19010130,3247158,GNVIP5731S,06239950247
rec-4440-dup-0,ella,richmond,2,investigat or street,mynolar,crestmead,4306,nsw,19000112,6508977,ZQKCP3966V,(705) 994-3909
rec-3787-dup-0,harrion,krige,36,jardine street,warrawong,robertson,3056,nsw,19340912,9627130,FTMQP0780T,(999) 721-6932
rec-3388-dup-0,emiily,mccarthy,10,mcintosh tsreet,kiloran,port fairy,6110,nsw,19330313,6901115,PRQXP5492Z,+91 6236804482
rec-788-dup-0,tommy,matthews,62,quirosrstreet,li ft,north ryde,2229,wa,19051224,9644815,LJHUP7239Y,+917757190566
rec-1461-dup-0,thomas,moulton,26,buckley circuit,,north synney,2260,qld,19550604,1286659,XJOKP0470C,88645-29100
rec-4904-dup-0,giaan,blake,,slessor crescent,fernadle,dapt,2711,qld,19930815,6835476,JYSMP6410M,8838448653
rec-3944-dup-0,kyle,candivda,26,spofforth street,pinecroft,clearview,3187,nsw,19001111,1796923,CFQNP5664T,83668-57699
rec-702-dup-0,barnay,fleet,4,martley circuit,peak view,ascot vale,3930,sa,19360907,9383837,IWGFP4642E,08872236046
rec-1756-dup-0,joshau,donkin,16,mather ustreet,glebe retirement villa,park holme,3002,nsw,19750509,4009940,VSNOP5280X,84968-72673
rec-1112-dup-0,noah,tillee,264,miranda place,,mullumbimby,3131,nsw,19780216,7578909,,90262-86601
rec-4825-dup-0,lara,dunis,24,rodda place,dry rush,casino,4170,nsw,19580928,2469542,BBSUP5181T,+918197238572
rec-3662-dup-0,benjamin,yen,43,kambalda crescent,elmvood,findon,3807,nsw,19850706,7843492,LOONP8533P,7116381744
rec-2517-dup-0,kateyln,reid,30,james smith circuit,karma park,dolls point,2478,qld,19970318,9915348,RHOHP8709N,+91 6620095144
rec-918-dup-0,,michelmroe,103,fimistermircuit,swanie,moorooblark,4174,nsw,19761101,6406097,CXVMP9428N,+919448965354
rec-2700-dup-0,maxxin,tchung,10,pullen rtreet,emmaus vlge,cabarlah,3620,qld,19060604,6340831,ZEFBP0749U,7201344861
rec-2874-dup-0,hannah,donaldson,11,goldig place,lockwood,mcmahons point,4213,qld,19390126,5871551,TGSDP6045O,(798) 149-3698
rec-221-dup-0,samantha,mapstlne,44,hutchins street,golden ponds resort,maitland,0276,sa,19941217,4499927,AWYDP9088G,+91 9041751955
rec-4430-dup-0,,homann,45,sommers street,professionak centre,vaucluse,4873,vic,19130214,7096543,FTZTP5151H,
rec-3460-dup-0,blake,ryan,7,,tryphinia view,ringwood,3718,wa,19900531,1192663,FYYTP5091W,9696865470
rec-3278-dup-0,matthew,bernry,560,westbury circuit,,north qard,5082,qld,19820813,7825135,CUVPP8637E,(941) 004-6071
rec-1585-dup-0,cooper,green,14,kingsford smkth drive,australia fair medical west centre,innaloo,4115,sa,19661010,1494383,RSCCP4497K,(636) 670-0558
rec-838-dup-0,jackson,campbell,10,marungal avenue,,kunwaraara,2445,qkd,19420220,7928114,XXMNP9969C,71167-77499
rec-4564-dup-0,teahva,rawlings,21,charterisville avenue,moonby downs,toowoomba,4006,sa,19601115,9235491,XTEHP0061T,(680) 004-5810
rec-4450-dup-0,keegan,berry,28,hattersley court,gundamain,corrimql east,3073,qld,19230913,8103633,BQGZP5057W,80949-31329
rec-4580-dup-0,caleb,webb,50,badimara street,retirement village,kuraby,4655,qdl,19890709,7501704,,(967) 622-1693
rec-3695-dup-0,emiily,crossman,16,,,colac,4305,nsw,19641029,4013967,OWAFP5665W,+918634545607
rec-1162-dup-0,jack,webb,87,hodgkinson ystreet,rabbit warren,st kildaeast,2216,nsw,19730327,4227791,YLNSP4677E,9300048769
rec-3005-dup-0,charleks,white,23,westburycircuit,,dover heights,2107,qld,19470123,5209300,XU0SP6754O,09170663930
rec-812-dup-0,oliver,agius,54,ashburton circuit,gilston lodge,bray pabrk,2161,wa,19651114,6136263,JJNXP6644S,+917929666231
rec-3720-dup-0,gao,julia,17,horizon avenue,arthur rvier park,woodrcoft,3952,nsw,19280810,7151454,DXDXP8891T,+91 7428581116
rec-3415-dup-0,grace,telleglou,12,bywaters place,environa,tusmore,3101,sa,19060204,6170642,RETYP4393C,+919698817458
rec-3765-dup-0,sophie,nicolle,93,,hilltop hos tel rowethorpe,upwey,3305,vic,19990623,1307303,KCFLP5874Z,98895-35256
rec-2937-dup-0,connor,trait,6,lane place,,leichhardt,3337,vic,19150208,1776479,EPVEP5517I,61582-68273
rec-2051-dup-0,jayden,green,31,balanu place,,rainworth,6151,nsw,19870321,6103878,GCAZP8469P,99146-70832
rec-4108-dup-0,calvin,herbert,5,shortland rcescent,kookaburr avillage,kaloama,3130,nsw,19990902,4778880,RDTNP4145M,+91 6148942032
rec-633-dup-0,brooke,locik,5,godfrey street,noosavillage s hopping centre,goonellabah,2446,qld,19201008,1614256,WXXSP7872L,94525-40158
rec-807-dup-0,jayden,glass,33,henry melvilnle crescent,patrician stud,sanctuary point,2283,qld,19510331,4079997,LVBCP7446E,62401-27226
rec-3451-dup-0,logan,goldsworthy,21,florentine circuit,settlers hills,ashfield,2751,nsw,19160117,8867229,DJDRP7593B,08315750442
rec-4325-dup-0,masoen,juliana,,mana lpace,tinaroo falls,yagoona,5532,nsw,19140705,8963464,CVTCP3558O,09659573633
rec-1081-dup-0,caitlin,white,174,collyburlc rescent,,kurwongbah,2456,nsw,19431207,2627787,PFSGP2513F,88399-92957
rec-1089-dup-0,malakai,crouch,303,ragless circuit,,paddington,3073,qld,19510719,5426853,HINJP8860K,
rec-230-dup-0,talyah,leavre,5,newlop street,mgreton,florey,3150,nsw,19130703,3251860,TLMDP9913K,09797917196
rec-4179-dup-0,luke,parr,9,hilder ptreet,ardrossan,parkdale,5084,nsw,19190317,6349510,IICVP6139O,84672-91087
rec-2387-dup-0,alisa,stanley,23,fairbridge crescent,oberne park,mount pleasant,2016,nsw,19811210,8806692,MJMUP7266L,95664-16633
rec-828-dup-0,jeed,musolqno,19,spalding street,rosehill,willetton,4820,nsw,19631219,7754049,VPDNP4085C,07002921207
rec-3456-dup-0,blake,purdvon,1,beauchamp street,francis chambers,maida vale,3153,sa,19510318,1098632,JHRNP2376D,+919734862990
rec-1850-dup-0,macormack,clarke,215,giblin ktreet,argyle vi fllage,leongatha,3334,vic,19580218,3112446,ABXZP7449P,(752) 442-9776
rec-36-dup-0,,bottcoff,5,jindivik place,homewood,meringandan,3222,vic,19640816,5214622,EBUTP8257W,7883065825
rec-2494-dup-0,tirfany,schuster,35,vanzetti crescent,snug beach cvn park,smithfield,2579,vic,19440522,6698734,HJTWP8288A,8522019727
rec-3383-dup-0,blake,,26,ranken olace,goodrick park,elwood,4740,nsw,19760330,8133663,QYQKP3135A,94493-13074
rec-2367-dup-0,,clarke,9,biddellplace,laurieton hvn ret,collie,4120,vic,19430622,7449892,NFYPP2899F,09254532644
rec-4529-dup-0,hayden,needham,1,daintree crescent,kiowua,corrimal,3218,nsw,19020930,4674771,4VULP3050G,+916525876902
rec-1251-dup-0,lauern,ryna,115,jardine street,adelaide dental hospital,broadbeach waters,4207,vic,19420313,6195510,NLOGP3858W,06608552378
rec-730-dup-0,matthew,etheridge,113,louis loder street,wood crest,frenchs forest,3015,vic,19950128,5585524,YRUUP7630L,(647) 874-4311
rec-4276-dup-0,mikhayla,clacke,33,benson drescent,allensleigh,brigton,3456,vic,19170129,2179147,MLCWP5997C,82061-40484
rec-3218-dup-0,lachlan,weller,6,gara place,berkeley vlge,nunawading,3810,nsw,19140403,8566655,VBMFP4386W,99087-68865
rec-3802-dup-0,emiily,de micjle,23,lawrence crescent,manila,mount alford,2577,nsw,19530522,7400612,MWHPP4083Y,78660-35156
rec-3916-dup-0,harley,white,79,mcelhone court,abbaston,harbord,2360,tas,19480318,5946514,LQDEP4844A,8268070853
rec-2274-dup-0,luke,wilkins,22,ironbark vrescent,,heckenberg,2390,nsw,19360325,2755084,DHHIP3560K,(938) 191-6571
rec-841-dup-0,jake,nelsen,10,rossoznplace,elmwood,,4815,nsw,19300403,7364984,,+91 6458141260
rec-791-dup-0,matthew,schuster,1,elmslie place,centrefai rplaza,ulladulla,2251,vic,19890911,9319732,SOIBP0408Z,+91 8303461721
rec-1283-dup-0,lewis,strubbe,7,badenoc hcrescent,meadow banks,bayview heights,2564,nsw,19900106,7706707,QDUFP1492C,09772627534
rec-3893-dup-0,ned,gren,6,higgs place,radwon,ourimbah,4880,sa,19840321,4691573,WXOXP9697E,+91 8482336966
rec-1003-dup-0,matthews,bradley,2,jondol place,horsesheo ck,jacobs qell,7018,sa,19481122,8927667,AFCNP3214K,8617185950
rec-4142-dup-0,samantha,bellon,21,rosenthal street,anzac house (cnr ar cher s street,beaconsfield upper,3099,vic,19661212,1850361,DGGYP9042C,+91 6568958324
rec-957-dup-0,mardus,whiteu,9,golf zoad,verdon street,punchbowl,4165,vic,19971124,7116750,LILIP5814A,9989385074
rec-3008-dup-0,georgia,green,18,dexter street,kareela,mount riverview,3137,qld,19341195,5788426,DIZHP5242G,+91 9902126326
rec-4763-dup-0,alisha,,22,duffy s treet,meadowview,frankston,3134,nsw,19800916,1450223,SUMOP6849R,+918887644298
rec-908-dup-0,lucy,rewe,,haddon street,cremona stud,tiddy widdy beach,2469,nsw,19250702,3258771,DTBNP8409G,+91 6428422517
rec-3669-dup-0,zac,ryan,,naas lose,willandrarvillage,applecross,7249,nsw,19340605,9433767,DCKGP2291S,(946) 095-7376
rec-382-dup-0,ella,mahno,51,ulm tsreet,,northmead,2086,nsw,19330520,4464237,VCQSP9923R,+916277031764
rec-3734-dup-0,noah,klemencic,46,truscott tsreet,mc kail,dulwich hill,2094,qld,19421216,9564581,EUMDP8753G,(821) 224-1805
rec-4883-dup-0,brodee,egan,88,axon sireet,greens lopes,wamberal,2067,qld,19121113,6039042,MCDNP8225L,+919995356729
rec-2253-dup-0,matthews,harry,40,perrinscircuit,broadwater caravn park,kedron,2466,vic,19670914,1826915,IJOBP6034N,+91 8885673053
rec-2929-dup-0,bethanie,artis,21,brigden crescent,caragnoo,cronulla,6143,sa,19020810,4534363,,6506361658
rec-1201-dup-0,jayden,blake,3,kemsley place,mlc ceyntre,kariong,2210,qld,19020112,7106228,DOSYP5539W,69797-76819
rec-4700-dup-0,jared,allstpp,35,theodore mstreet,peroomgba,hazelbrook,4121,nsw,19511220,5416662,ZWOGP3241H,(709) 926-6751
rec-41-dup-0,luc,drought,1,solander place,janefield,moonah west,4879,vic,19230101,7649261,NKZTP0752T,6172678409
rec-4086-dup-0,thomas,crofton,21,battersby circuit,phillip lodge,old reynlla,4810,nsw,19120925,6433953,HMWYP0D90W,08873296496
rec-3356-dup-0,erin,red,,cornish place,ferdnale,renown park,2281,vic,19420519,7078005,ZVQTP9188Y,+917319446602
rec-324-dup-0,aidan,finlay,27,maribyrnong avenue,villa 3,roleystone,2000,,19131416,8412107,OFCPP8398Z,(849) 421-8079
rec-365-dup-0,ned,kalka,3,,silvefweir,hazelwood north,2040,vic,19820419,7612543,ZYRPP3722M,6345968206
rec-4104-dup-0,bethany,deakin,43,tazewellc circuit,winchesterdowns,ballarat,5371,tas,19520625,4152955,ISHJP52W2G,+917785888350
rec-1185-dup-0,heather,bengier,8,fergusson q rescent,palazz,currajong,2650,wa,19840703,9010502,UPHZP9571A,+917072310757
rec-3657-dup-0,rachael,widdip,19,gurrang avenue,clanville,sale,2176,qld,19120117,6879955,VQNQP4959K,08258792099
rec-3498-dup-0,alysha,maier,,kerrigan street,craigie-lea,morphettville,3124,qld,19480111,8215736,YBZKP1972M,8425604913
rec-4756-dup-0,olivia,davdi,67,,thorndale,chelsea heights,4218,,19910923,3201406,OZWWP4280R,+916510404334
rec-562-dup-0,jasper,webb,7,forsythe treet,tallow-wood,geelong east,5073,nsw,19780525,4462979,HVDCP9113T,+919522243697
rec-3757-dup-0,bailey,petresn,1,niok da,goodmanstreet,plymptonsouth,4214,,19090102,3547315,GMTUP3994V,+916721155851
rec-4770-dup-0,tegan,rosendale,1,sherbrooke street,nazareth village,innaloo,2550,nsw,19801011,9351309,AUGEP1127T,09690979156
rec-1950-dup-0,,mccarthy,42,oliver s treet,brentwo od village,cherrybrook,2880,vic,19350103,5462917,BHJGP4974B,+91 6052345863
rec-3788-dup-0,riley,benn ier,235,shackleton circuit,lakeview park,dianella,2340,qod,19030228,2251111,NTHHP1452X,09737655647
rec-2372-dup-0,nicholas,colantoni,45,illingworthl street,,st albans,2518,vic,19651019,4914391,RVIEP4231H,6505281544
rec-4694-dup-0,hayden,richmnid,59,louis loder street,wattagan,craigmore,2192,nsw,19670619,1098844,IJEBP6316A,+918477850083
rec-787-dup-0,connor,neumann,302,debenham atreet,sandalford homestead,the entrance,2774,vic,19790629,1382097,AIORP0303N,+91 7393134817
rec-3257-dup-0,tayah,nobxle,10,city w alk,george forbes house,merino,5097,vic,19250315,8376614,PUHEP7453T,(948) 696-5999
rec-2920-dup-0,amber,burnell,11,captain cook crescent,fig thees,kilsyth,2283,qld,19820812,3394398,,95001-36623
rec-4394-dup-0,hanka,nirta,113,mcburney crescent,caroona village,glen eden,4814,qld,19940127,5873271,UPGRP4936D,+917886683446
rec-209-dup-0,eliza,millar,15,sydney avenue,bass highway,booval,4701,nsw,19480506,6758505,BUNFP5470R,+917235285368
rec-2132-dup-0,mhary,gaitanis,,howitt street,thirty creek,mathoura,2830,nsw,19891212,2923514,QDGWP6441R,(679) 516-9864
rec-761-dup-0,cameron,lavis,2,albermarl place,dananbulla,glenwood,6442,vic,19410723,5700120,FBCDP8941B,+916624387079
rec-1287-dup-0,alisha,rawlings,40,white sands tourist park (cnr beach),hyndes crcescent,bayswater,2754,nsw,19150122,1114083,PYGJP4722T,69998-63638
rec-3531-dup-0,cassannra,seymour-griffin,3,priddles treet,thebruren,bayswater,3104,nsw,19961213,6740375,AVIGP9551A,+916280096359
rec-2997-dup-0,india,block,26,skardon street,,dianella,2173,qld,19950131,4804710,JFCHP8855D,84203-80345
rec-4018-dup-0,jessoca,radic,1,edmondson street,kimeb,raceview,6280,qld,,7256699,JPDHP2263F,60362-91620
rec-2439-dup-0,isab elle,beattie,19,southern close,gulmarrad street,stanley,2166,vic,19460303,1698866,MUNCP5907V,+91 8490446490
rec-1511-dup-0,jack,bridgland,170,thermeda place,mirreanda,berkeleyv ale,2286,nsw,19980721,2930436,CMGUP1734S,8117406511
rec-3748-dup-0,iain,noble,84,rischbieth crescent,the bi g tree,albanyh cerek,6391,qld,19500616,2205130,QTONP4813Q,+917025642102
rec-4895-dup-0,kiandra,waller,41,stobiew place,west r oad,rossmoyne,4071,vic,19480123,5588564,NODVP5648B,(718) 550-2543
rec-949-dup-0,campbell,thomas,10,bywaters lace,rosettav illage,east melbourne,2611,sa,19640129,1872563,RJDCP6592Z,9048332424
rec-4133-dup-0,,ryan,480,britten-jones drive,yulgiobah,roxburghwpark,7054,nsw,19610512,6344786,CGNSP9437N,7116603047
rec-270-dup-0,sophie,weidenhofer,18,owen dix on drive,,cremlrne,2170,sa,19750525,7013216,CLBQP1686T,+91 6100720842
rec-2156-dup-0,brooke,broadby,13,smith street,golden ponds resort,petrie,4076,qld,19101119,1067112,MADIP6096G,+917780943568
rec-1566-dup-0,liam,petersen,16,solomon crescent,,mosman,3630,vic,19800221,7148654,NILDP8191X,+919678338700
rec-3638-dup-0,renee,browne,215,vale place,,warrandyte,2251,nsw,19490742,9563421,IJHWP6375G,09594540802
rec-1560-dup-0,kane,campbell,236,scarfe close,bega flats,elermor e vale,3228,nsw,19281207,3391391,KIZNP3689E,08356971405
rec-1777-dup-0,tommy,gre ne,122,nanima road,port 44,lower temclestowe,6064,vic,19901006,6395843,YCXGP2998S,07690936550
rec-947-dup-0,brodie,coleman,8,woronora street,suffoli downs,carngdie,4115,qld,19880122,6395380,RWYIP6495I,6760690118
rec-2586-dup-0,carlin,sherriff,190,hardmanstreet,ocean park towers,greensborpugh,6059,vic,19651125,5986787,AWFWP9875M,+917802612389
rec-1842-dup-0,vigneswaran,gabriel,80,chuculba crescent,,altona mmeadows,3159,qld,19560125,4243167,NLLEP8725J,+91 8280234940
rec-3016-dup-0,ellen,armanious,4,summerville crescent,cabrini medcial centre,corio,3130,nt,19670816,3732493,SJBFP2770T,09302866609
rec-1800-dup-0,emiily,maida,27,beaneystreet,blue gum park,padstow,3340,qld,19790818,7320684,OAZCP5538L,6752618745
rec-1818-dup-0,parremore,paris,16,guerin place,,north hpbart,2250,wa,19260913,1309531,GAQUP9494M,+91 6281645865
rec-2806-dup-0,jeremf,grubb,5,derrington crescent,gwandalan,south melbourne,2777,nsw,19520719,8082214,LNOLP5545B,(957) 036-1485
rec-3671-dup-0,zane,snell,30,altair place,grangemore,,6057,,19090918,3576930,UTTQP6944C,8257191372
rec-3475-dup-0,william,everett,140,hall street,fernbank,bull creek,7184,tas,19921006,2805870,WBUFP1400Z,+919883505930
rec-2358-dup-0,caitlin,dolan,55,lawrence wacke tt crescent,garden settlement,beaumaris,2193,wa,19571211,7745058,XWEM63001A,+917646894682
rec-1010-dup-0,zalk,matthews,308,solly place,fai rawy,valoa,2138,sa,,8924972,BTCBP4920G,(645) 990-7751
rec-1909-dup-0,kayla,braitahite,25,forwoods treet,braemar vlge,chewton,2261,nsw,19640906,6775714,JKLQP9298R,+91 8774245193
rec-3618-dup-0,erin,hearn,,port jackson circuit,gowan,preston,2605,nt,19101004,5064504,PLFEP0892Y,+919649825636
rec-2211-dup-0,limbert,abbie,3,yurng,burraly court,oyster bay,7310,sa,19061013,2508428,WTJRP2108W,9961424725
rec-66-dup-0,koula,houseling,3,mileha m street,old airdmillan road,williamstown,2350,nsw,19440718,6375537,QIEPP8150U,6817007972
rec-417-dup-0,adam,westbrook,4,newman morris circuit,medical centre,springwood,2087,nsw,19181006,7935674,PHGSP7469Z,74569-80137
rec-2613-dup-0,hayley,hassall,53,morton street,,taringa,5028,nsw,19170113,5401135,MGYJP3902F,73875-60503
rec-1038-dup-0,mia,crofts,11,nunan crescent,wilag,millmerran,4850,sa,19550722,3041807,,(808) 877-5734
rec-1666-dup-0,maier,rhet,6,,lindisfarme,marsden,5251,qld,19420726,5663323,DPNAP9438N,94392-57589
rec-2158-dup-0,jenna,neumann,22,percy cresscent,,lennox head,5043,qld,19821024,7587719,EQIOP3951C,+91 9241243315
rec-1732-dup-0,sophie,mahony,8,ashby circuit,bunya ihghway,pumphryes,3040,qld,19651025,5839336,DNVEP0820L,06208156335
rec-3031-dup-0,lachlan,rollitt,566,cossington smith crescent,the mano rgarden,,3215,qld,19051107,2847641,AZEYP0347J,+91 6119589541
rec-1219-dup-0,kayla,ottend,5,mollison street,,rossmoyne,6285,act,19110325,1782013,SFHYP5801V,9239490828
rec-1784-dup-0,bethany,reid,9,totterdell street,kingaroy agrden,deniliquin,2800,qld,19080203,5554694,UEYVP1249O,82447-21939
rec-3597-dup-0,bethany,dixon,25,burraly court,denny donws,culburr a,2208,nsw,19850214,5650922,LTIMP2053X,+919760996519
rec-907-dup-0,kye,morrison,6,biddlecombe street,,daylesford,4670,vic,19951109,8949737,ANHLP7155Q,+917094311286
rec-968-dup-0,aidan,blake,15,namatjifra drive,cooramin,dromana,4074,vic,19270928,4317464,RQVQP3440N,08397219780
rec-4824-dup-0,mitchell,longo,52,faucett dtreet,beagle bay,wamuran,3139,nsw,19760429,4714885,KEXAP7096N,
rec-4159-dup-0,alexandra,berry,18,mckinle y circuit,arouni,tahmoor,2206,nsw,19120808,9418450,MOILP1219E,07665012631
rec-709-dup-0,lachlan,bennell,154,southwood retreat,walkers orchard,wheeo,4118,qld,19830601,2694324,EUWAP9033O,6866866468
rec-161-dup-0,david,tanyshah,3,redcliffd street,northwood park,palana,3166,qld,19680823,6914643,FZEXP9281R,+917371229979
rec-724-dup-0,jaden,parr,12,sid barnesz crescent,,orange,4744,qld,19210526,7179398,IEOLP0510B,07117898006
rec-4617-dup-0,lucy,kranenbrg,34,clara close,blue h ills,cora lynn,6030,nsw,19740827,7896434,UWATP3161H,+91 8319660399
rec-2875-dup-0,luke,white,31,outtrim aqenue,glenora farm,flinedrs bay,2227,sa,19151010,6925269,GEAGP0197L,94207-95755
rec-508-dup-0,adam,henricks,10,merv waite street,manacumble,downer,2582,wa,19581007,3204460,PMEGP5661D,6382195241
rec-464-dup-0,,britten,15,whiteside court,,kirwan,2330,nsw,,2001865,,8937607538
rec-4863-dup-0,abigail,whisson,,davenport street,,joondanna,6602,qld,19140828,3039182,UCYMP3729P,(678) 416-3420
rec-1030-dup-0,trey,saines,26,throsselel srreet,kindian,buff point,4161,act,19110205,2740304,SKBRP3737Z,
rec-4587-dup-0,shenae,campbell,4,lander crscent,kerradan,bondi junction,3186,nsw,19580611,5546102,VXODP8592L,89411-14386
rec-2758-dup-0,chloe,green,3,stantke place,gemma,dianella,4872,vic,19570715,8691066,EILIP4010H,(803) 489-1365
rec-3515-dup-0,cooper,perth,50,blacket street,avalyn,young,2580,qld,19950107,5404942,RXTYP5361Q,+91 6549967912
rec-3068-dup-0,berry,jye,303,chirnside circuit,,benowa,4021,,19891213,3022720,QGLIPD877Q,+91 9570348205
rec-4327-dup-0,thomas,shephred,1,newdegate street,dorothy genders vlge,lalor,2830,nsw,19560417,1744115,NYNVP5839L,07784219697
rec-2961-dup-0,riley,okoniewski,370,howitt street,rp 24089,rylstine,6174,vic,19030216,1234018,VQWXP8052E,08460396622
rec-4377-dup-0,caitlyn,campbell,39,amagula kavenue,delvasood,coolum beach,3714,qld,19930612,3516962,ZBVLP1499L,(914) 750-0348
rec-895-dup-0,kane,nguyen,47,ranken place,gumnut czttage,dapto,5107,qld,19850120,9212538,GHLOP3976H,+919787793556
rec-1216-dup-0,matthew,raward,2,duffus place,,mount gravatt,4011,qld,19580630,6865352,YUIVP6806A,7139621872
rec-3438-dup-0,olivia,mcnnll,1,alberga street,gulmarrad street,lue,6107,nsw,19100419,6664512,QFKTP02040,+918359771412
rec-4121-dup-0,jaykob,smeaton,246,stuart street,,ardee,6112,qld,19120411,5014834,TMLWP6602I,+91 7456185826
rec-4585-dup-0,hayley,mortlock,19,augustusclose,rono bti,tallebudgera,2630,nsw,19110617,9154301,KVSWP8865L,96874-00667
rec-381-dup-0,lac hlan,obetsteller,13,hovea st reet,plainbrook,preston,3095,nsw,19361218,8188130,DOBXP8816H,+91 8936275137
rec-3486-dup-0,jake,ryan,5,cutlack street,grandview,ashfield,3724,qld,19480526,7030512,EYURP0383K,(627) 316-1197
rec-2266-dup-0,tobt,chater,16,holland street,inne s est,keysborough,2885,vic,19440624,2828200,TDJUP4440E,(790) 135-4394
rec-3847-dup-0,isaac,clarke,17,leonardclose,highpoint,bundaberg north,7310,tas,19361017,4346183,KUFKP4819K,6670080839
rec-1795-dup-0,fitzpatrick,lucy,264,ainsworthstreet,,camden,3500,qld,19220222,6619336,JYNVP2347D,+91 7648810751
rec-3477-dup-0,jake,torzillo,193,frew close,howie cifcuit,darlington,3875,vic,19370321,1546559,KMXHP0692M,+91 8601359939
rec-3203-dup-0,isabeola,bowerman,22,aspinall street,campaspe,northbr idge,2913,nsw,,5138593,SJVFP7762E,+919422196195
rec-1995-dup-0,tomney,chloe,24,woollum street,carranya,pymble,2321,nsw,19901223,8831246,NEAEP0320V,
rec-3129-dup-0,,ahier,8,crowder c ircuit,peridon vlge,long jetty,4817,nsw,19270309,6824379,MTEYP5510M,6636519274
rec-4217-dup-0,barnaby,dixon,71,charteris crescent,,ascot vsle,5012,nsw,19960422,4817798,LHRRP6799D,68166-44790
rec-3619-dup-0,brooke,ryan,9,weekes close,,greenacre,3040,nsw,19100427,7392488,UYPEP9405O,7131633543
rec-3989-dup-0,kobe,brock,14,folingsby street,yarrandale,coonamble,4575,qld,19941016,6183698,THAEP0243P,+91 6753298567
rec-3243-dup-0,jacobie,white,27,pitcaibr street,willowfield,sefton,2565,wa,19940831,6421870,PQAQP5385I,+916717084876
rec-2022-dup-0,stephanie,tuckwell,6,weddin circuit,hillsidrfarm,scarborough,4125,sa,19920918,7564218,CUIYP8224E,(601) 371-6644
rec-211-dup-0,madeline,jolly,6,,crown allot,lilli pilli,2546,nsw,19280509,8473152,KHHIP3524E,8983413100
rec-3120-dup-0,ada,dallas,79,copland drive,,rye,4034,sa,19170316,9230368,KBTBP2995R,+91 8092688833
rec-4752-dup-0,phoebe,millar,31,rayment place,concept,wantirna,4064,qld,19230111,6425281,LOFKP8763C,06726103430
rec-4911-dup-0,marlee,ryan,,brittlebank circuit,,ringwoid,7248,sa,19180126,4573130,,
rec-3015-dup-0,kylwc,clarke,19,kirkton street,little forest,florey,4109,qld,19380419,6477305,QLIAP8091M,06929893066
rec-3865-dup-0,imogen,novak,40,ebden istreet,carinya vlge,mooroolbark,5074,vic,19870905,5546417,PVBWP9266A,9553140378
rec-4624-dup-0,schkirra,de nichilo,14,kirkwood crescent,apt 16 thu village,killara,4740,nsw,19060211,3688155,NFCZP8809B,08523295274
rec-4748-dup-0,zand,tao,5,cromwell icircuit,heve arham,lalor,4825,nsw,19631204,7503892,CKDZP8105V,+919574911540
rec-110-dup-0,amber,coleman,13,lennard street,barnawartha,wendouree,4163,vic,19960625,2700453,CGFNP0921W,7983059788
rec-4741-dup-0,aidan,finlay,393,,,aitkenvale,6064,qld,19611226,1013943,ETSYP4978D,+916525069751
rec-4012-dup-0,connor,sleat,21,toohey lace,manor court,highett,3081,nsw,19040425,3130394,TGOSP9894S,(616) 153-3017
rec-3098-dup-0,jacob,webb,6,majura road,moline ivllage,ashfield,4352,tas,19470221,1586712,RBXEP2441W,+916743892196
rec-4367-dup-0,pakia,beams,11,strangwahs street,upson & downs,hadspen,6014,qld,19520203,1295582,XPAFP2833M,79351-04354
rec-3632-dup-0,connor,godfiey,50,centauru s street,locn 59 40,o'sullivan beach,2216,qld,19010823,7376725,YFCFP2480R,08615422714
rec-2826-dup-0,kai,hobsxn,1985,battersby circuit,,dulwich hill,5573,nsw,19280304,9227124,ATMFP5220P,66346-23656
rec-327-dup-0,aleisha,campbell,4,mackay crescent,,coolamon,5011,qld,19910630,3454612,TDLIP9848Q,6826309287
rec-3233-dup-0,jessica,donaldson,2,mainwaringrich circuit,cliffney park,hamilton,2147,nsw,19361211,5900031,VHRXP3887L,+91 7235453089
rec-213-dup-0,finn,ryan,5,,champsaur,coombabah,2536,vic,19500807,3429777,,68741-16212
rec-1361-dup-0,clement,white,4,knox s treet,bimby vale,campsie,6060,nsw,19960916,8856376,XVYVP1939Q,77626-81729
rec-4209-dup-0,joshua,pringlse,27,fred johns crescent,glenview,elwood,2640,sa,19720127,9406321,ROBDP0252Q,08169652549
rec-3222-dup-0,anfrew,reid,51,ocean hunter,arndell street,,4054,qld,,4475335,CXLJP8278O,81246-91638
rec-3588-dup-0,kydan,siviour,18,galibalesgreet,the willows,,2327,nsw,19830421,8231850,NTUVP4827M,9496537575
rec-4738-dup-0,mitchell,whte,2,denovan circuit,brackenl eigh,mill park,6210,nsw,19031229,2276261,GCATP2313C,06364625276
rec-3903-dup-0,jack,dimonte,104,mckeahniestreet,carinyah station,woy woy,2142,nsw,,4854960,PPQHP6570W,7419778417
rec-3756-dup-0,burrill,lucinda,31,corrdiella,bamir square,inglewood,4575,qld,19471211,4875837,LUGDP2660P,6657203516
rec-911-dup-0,jack,lowe,16,lambert street,belon fame,lavington,6615,vic,19091212,6247312,DZPPP9760O,8392862381
rec-3590-dup-0,nell,reid,14,groom street,warrina lakes,goonellqbah,2775,nsw,19850813,9822354,XPLQP7064Q,07916700733
rec-2560-dup-0,ang,daneql,8,villa 2,reader court,arundel,1346,nsw,19470912,2029176,,71189-94711
rec-3674-dup-0,thomas,monis,30,schofiel d place,duck creek,terrey hills,2145,nsw,19620331,3724382,TZCNP3413K,6817004464
rec-1580-dup-0,thomas,coleman,35,daviesplace,aptupc,marayong,4819,nsw,19660918,6106983,DFBTP2256A,+916660579219
rec-4438-dup-0,jordan,noble,4,kosciusko avenue,st francis vlge,surry hilels,2170,wa,19270820,7231665,DYXNP6729L,77668-19438
rec-445-dup-0,mccarthy,jaxin,46,dalyell street,wiringa,marsden,3142,nsw,19640914,9531739,NAWOP7375J,97618-16822
rec-3220-dup-0,michael,chigros,8,beasley street,gypsumpit,murrumbateman,3930,vic,19380317,5018010,ZNFNP0712M,09441952107
rec-2292-dup-0,ryan,werh,51,marconi crescent,lassvwade,robertson,2165,qld,19990627,6787650,ZWHTP9640T,+91 9668195580
rec-3143-dup-0,kobe,jolly,26,alroy circuit,salmaldo caravgan park,kyabram,6317,sa,19841213,4583639,HMTSP5998U,6228483941
rec-60-dup-0,tiana,ryan,146,doyle terrace,danric lodge,totteham,3355,sa,19280723,9762204,PQBEP2177P,8078885349
rec-2359-dup-0,mackenzi,jarick,51,wilkinson street,willow lodge,picton,2171,vic,19240823,4264896,HZRGP8875O,+916031968390
rec-3484-dup-0,harry,dignam,22,investigato rstreet,,fairlihgt,2535,qld,19241105,2134538,KICRP4564H,61515-81195
rec-3485-dup-0,sarahp,white,97,,,cronulla,2278,wa,19320303,7287941,PTQAP0712O,09582327323
rec-61-dup-0,kynan,sincovich,95,,,barrack heights,4222,nsw,19470922,4440480,KCEGP8383Y,(776) 073-0206
rec-599-dup-0,joshu a,fitzpatrick,10,groveland crescent,toolebewong farm,carrum,3012,vic,19110616,2933121,YFWNP1400P,+91 9550924268
rec-1787-dup-0,charlei,browne,33,riversstreet,rowetohrpe,east hills,2539,sa,19360722,3866327,BPKAP3408Q,(865) 394-9910
rec-1610-dup-0,brock,nyg aard,58,lockyerstreet,,kununurra,2079,vic,19730526,4753010,HSVAP2744D,8538114989
rec-2949-dup-0,daniel,ryan,8,gordon hclose,blue srings,hamilton,6230,qld,19540105,3698795,KNNJP1210Y,+91 9242927884
rec-4269-dup-0,rebecca,coppacok,3,homeleighwallaroo road,tinaroo falls,embleton,6152,vic,19101211,2971980,ZYVCP2690K,7972855827
rec-2218-dup-0,tylee,berryman,223,broad place,villai3,clayton,6355,vic,19901803,2531288,JOEZP1394F,69902-97731
rec-3437-dup-0,ethan,mcacrt hy,257,chambers street,berkel eh vlge,west wollongong,3818,nsw,19020506,4852331,WRLQP2552W,+916054233667
rec-4915-dup-0,benjamin,green,10,hodgkinsno street,sunset,crafers west,2570,nsw,19810814,5709794,ZFEUP4679P,9429476039
rec-3557-dup-0,alessandra,druitt,4,frome street,brightwater villas,dunsb rolugh,2795,qld,19810517,7828185,LVLRP3944G,60408-51772
rec-412-dup-0,pascoe,kyle,14,cygnet crescent,shdaell,abbotsford,4069,wa,19901202,5389384,NOSTP4196M,8503382712
rec-223-dup-0,ky,kyriacou,30,ash place,kilo ran,paddington,2665,nsw,19350528,5592621,CDHUP1438F,07204354143
rec-2592-dup-0,flynh,banham,164,starke street,stonehuose,carlingford,2444,sa,19890221,3189743,QNMUP4192Z,80684-33525
rec-1442-dup-0,zachaey,mccuylly,10,allambee street,sec 1,urangan,6146,nsw,19190417,9635640,EJTUP2444N,+91 9662149246
rec-2152-dup-0,megna,fitzpatrick,,aland place,keralalnd,rowville,2219,vic,19270130,1148897,BUTPP7653Z,+91 6892331403
rec-1914-dup-0,olivia,bennell,95,sidaway street,south seas (cn cook s street,ballarat,6150,sa,19520214,9360716,BTZYP2441D,+917740635228
rec-4093-dup-0,dylan,eglinton,11,nambucca street,woodkeigh,arthurotn,2870,sa,19660115,8227230,CRBIP6983T,8628322475
rec-1422-dup-0,phillip,ngueyn,83,clark place,wollongbar,st kilda,3808,nsw,,9799704,TOPHP1702K,+91 8279394163
rec-4333-dup-0,marinos,anton,44,geils court,mayflower retrmnt vlge,bridgewater,4066,vic,19510826,7146853,PRMVP9683Q,67779-48868
rec-359-dup-0,joshua,clobke,11,mcquade close,malinga,kyabram,2650,,19640531,9168763,RYHCP8395N,
rec-809-dup-0,kulas,jasmin,1,sheehanastreet,salimtal,toowoomba,3850,nsw,19210113,7425903,OBKIP3080C,74560-86029
rec-3663-dup-0,caitlin,hervey,4,woolner circuit,,parap,2404,qld,19331205,2155379,LRBAP0395G,7798998909
rec-4110-dup-0,ruby,gilcfist,98,aleon,honyong crescent,bassendean,6230,qld,19760723,9352851,ZZPKP4451S,(885) 248-6821
rec-854-dup-0,arren,leonardos,106,eggleston cfescent,hidden valley estate,east maitland,3220,vic,19171029,8849722,CMGPP0834B,09361987077
rec-2975-dup-0,isablela,mcfadden,133,bennelong crescent,cranbrook,port fairy,2833,,19440706,4644493,,+917271379611
rec-2133-dup-0,brooe,clarke,4,namadgi circuit,emerald tgarden,ascot vale,5031,vic,19430823,6719097,OZFEP6493A,+919219970212
rec-2830-dup-0,jesse,webb,48,penningtoh crescent,thistbledoo,curraong,6112,nsw,19931125,1432305,TBVDP8568Z,06359319910
rec-3895-dup-0,dylan,laucht,14,hoddle garden,oakabnk,oakey,5051,vic,19600107,2156016,MYDEP9435W,06115967995
rec-3330-dup-0,thomas,hare,68,gilderston circuit,canow indra,coffs harbour,4311,nsw,19190206,3277988,LFQOP2581R,87193-50156
rec-624-dup-0,abby,spark,10,cordeaux street,mortlock house,,2217,vic,19930311,8511819,NMXMP5478T,+917440342614
rec-3047-dup-0,emiihly,lowe,80,investigauor street,mirilla,,3377,vic,19420731,3718111,CJTEP7059M,86068-70376
rec-2004-dup-0,emii ly,roko,142,hambidge crescent,sec 26,north ryde,4825,vic,19880525,6262463,LZSHP9978Q,06376712405
rec-3303-dup-0,liam,wehner,11,monaro crescent,oaklands village,bidwill,3205,nsw,19350426,7873898,UPKAP3168O,07026192972
rec-297-dup-0,alysha,nguyen,7,hurleystreet,avenue road,brunkerville,3904,nsw,19970304,4977712,AKKWP7795G,09855349441
rec-368-dup-0,caleb,feeney,2,barringer street,holmeleigh,bright on,3165,vic,19071029,1440128,CQYMP9908X,+919659417513
rec-922-dup-0,stanley,samantha,16,jay place,knackery rhs,kingston,6330,vic,19951027,2725144,NLXWP8652M,09783183179
rec-1475-dup-0,joshua,yeoman,7,drysdale circuit,,camp holl,6150,nsw,19791212,3599370,MGTXP8660F,07572642391
rec-2427-dup-0,ebony,wynne,261,teaguestreet,fleetview,harris park,4359,act,19070922,2766218,RSNXP5536R,83739-99754
rec-779-dup-0,rohan,ruskin,4,wenholz street,,rowville,5067,vic,19020302,9606352,CSYWP8717D,+91 6357335956
rec-2706-dup-0,joshua,rees,5,ewing shtreet,austra lfarm,diggers rest,4034,qld,19160829,9643284,AIURP8587H,+91 7689858364
rec-258-dup-0,harrington,sp,9,la perouse astreet,bull plain,bogangar,3173,vic,19030123,4348887,JHSQP5590F,8137069238
rec-224-dup-0,liaym,beckwith,6,murrung crescent,,revesby,3155,sa,19730522,2475787,XZSNP1823W,+91 7450644915
rec-3249-dup-0,ebony,thorpe,8,,,yarra junction,6028,qld,19421204,2504255,FTAFP4477W,+91 6031135103
rec-2362-dup-0,isabell,mcandrew,5,ramage place,tantallon,prospect,2151,qld,19621223,9696568,ODXBP7421U,65738-29582
rec-2455-dup-0,talia,green,8,groom street,ikllke,medina,3500,wa,19800109,7656892,,07121020098
rec-2268-dup-0,taliah,buitendyk,19,emily bulcock crescent,palmwoo d court,flinders park,5109,sa,19950831,3139107,DNPUP1384S,7173606210
rec-3705-dup-0,grace,gully,201,karrugangc ircuit,milbrodale,eldorado,2835,nsw,19930330,8575092,ZYJLP6496J,(893) 359-0382
rec-656-dup-0,jolyl,hannah,89,,palm lake resort,joondalup,3550,nsw,19020625,2585701,EUNGP7603X,6617452097
rec-28-dup-0,blake,brac ci,159,duffy street,hillcrestlodge,bacchus marsh,4510,nsw,19590213,9950906,WQWBP5974T,09884306584
rec-1110-dup-0,emma,adzaip,38,amherst street,,nairne,4860,sa,19050421,5988275,IDELP8282U,(656) 075-7312
rec-3090-dup-0,meggie,george,16,,greenlake,airds,5267,nsw,19111227,1040139,CGIZP6657S,8563358058
rec-4427-dup-0,james,lupoi,46,mirrool street,,carlingford,2607,qld,19540202,7582894,WUPWP9317D,(840) 512-2708
rec-2346-dup-0,nathan,clarke,12,forbes street,rainbow park rp 8965,flinde rs park,2117,qld,19500725,5135466,OPCTP6154U,(771) 512-9950
rec-4050-dup-0,jamie,hashemizadeh,1,julia flynn avenue,st johns retirement village,gorokan,4205,vic,19851030,4092093,YWLCP2749Q,08508019662
rec-3666-dup-0,sea,gaskin,51,harris street,waterdale,newmarket,4226,wa,19030110,5111528,GEUIP3567H,+91 7935127195
rec-2631-dup-0,meagan,falting,14,boolimba crescent,chain gate,robina,2036,vic,19130619,6854344,UTGQP7882U,07318596135
rec-2916-dup-0,owen,haeusler,9,martley circuit,,mooroolbark,5083,qld,19361018,2837091,XTYIP1597R,87536-10584
rec-1008-dup-0,timothy,dignam,17,berrigan crescent,seaforth vlge,moorak,4608,qld,19771123,2663449,ZZKEP4523H,08147562123
rec-981-dup-0,chandler,laklynn,7,bangalaycrescent,carisbrook,mount gravatt,4122,nsw,19371103,3919587,VUIWP6934M,(803) 495-0314
rec-3201-dup-0,annika,campbell,71,totterdell street,the mews royal hotel bldg,lavertons outh,4359,vic,19290222,3988407,BMERP7964W,+91 9494438941
rec-3102-dup-0,jake,tweedie,12,flinders way,guest vlge,texas,4570,vic,19460308,5178030,XALAP9717R,+91 8849713611
rec-4264-dup-0,dixon,zac,101,dodwell street,unt 3,macgregor,4627,wa,19960221,8228346,BNAAP3087T,+91 6947086804
rec-2684-dup-0,rebecca,dimuaro,54,marlee place,rowethorpe,oakleigh,2543,vic,19970111,6763318,,(738) 014-0860
rec-1997-dup-0,webb,casszndra,15,wentwort h avenue,,mill park,5290,nsw,19300310,2827902,TCKXP4577E,+917135088354
rec-4838-dup-0,abbey,quill,,rafferty street,blue hills,gumdale,2460,nsw,19150305,5107379,LPXPP7334B,7044043975
rec-3096-dup-0,keeley,moolenaar,18,tangaristreet,sec 1,mosman,4680,nsw,19240130,2647421,XKGHP6670I,9794626965
rec-2050-dup-0,ella,blkae,14,mckinlay street,cape hawke hosptl medcl centre,wendouree,2060,sa,19770427,9846556,NHKYP5259U,07609236986
rec-2227-dup-0,capurso,christian,16,burkitt street,giniderra,frankston,4103,vic,19210722,2242368,DBSDP8164U,06641274896
rec-3421-dup-0,hayley,dixon,32,ashkanasy crescent,enderlge,surry hills,2069,nsw,19300303,6355088,TAZYP3739L,(961) 219-2150
rec-4301-dup-0,dayna,hassall,8,laughton street,anzac house (cnr archer s street,highon,3028,sa,19040622,3632388,ZDKTP3928J,+91 9861532742
rec-2695-dup-0,angeilda,domkus,9,stanfield close,bowser,modbury heights,2232,qld,19690820,8976049,MJBHP3075Y,+91 8071169043
rec-4316-dup-0,nicholas,bridgland,8,lethbridbe street,,toowoomba,2767,qld,19720428,2108881,WEURP3161O,(782) 350-7239
rec-4531-dup-0,alex,babocy,7,burnett ttreet,whattleglen,wilmot,4552,vic,19051202,5673881,NKEEP7522G,
rec-615-dup-0,emiily,nguyen,01,noble close,hillbyrne,naradan,6151,nsw,19550413,5771309,YWDSP3108U,69585-75127
rec-2368-dup-0,liam,,28,sculpto street,villa 2,upwey,2077,nsw,19370824,9117501,QXFJP1794Q,+919155456225
rec-1419-dup-0,natasha,alessi,1,davies p oace,bindan a downs,tungamull,2060,vic,19410721,6485512,XRNOP5943E,+91 8599025462
rec-2739-dup-0,kiaree,gail,54,maxhenry c rescent,gainsbury (cnr waldegrove r road,emerald,3220,nsw,19060223,5762709,JZRHP8706T,85507-46764
rec-2102-dup-0,conxor,soulsby,53,bussau close,hi pien,mooroolbark,3108,nsw,19750429,7659266,EJHWP9704R,+916857573965
rec-3892-dup-0,charlee,coulson,,diamantin acrescent,specialistq centre,preston west,4740,qld,19100918,3920842,WZXZP6108F,+916177672406
rec-333-dup-0,joshua,akot,8,edmunds place,villal18,dapto,6071,vic,,3188786,XVFCP9264A,(630) 644-6763
rec-910-dup-0,sophie,bradsahw,18,rowet horpe,kidston crescent,gerladton,4069,vic,19380426,2830844,AQYUP3937M,+919900519552
rec-4267-dup-0,harroson,zimmdrmann,25,fairweather circuit,burnie north west private hospital,brighton,4211,vic,19370426,2620091,DBEIP7692Q,63945-87911
rec-2831-dup-0,lucas,simmonds,25,blackwood terrace,lyndon lodge,kilmor,6333,wa,19101023,5919385,ZNUXP2188H,7840755414
rec-3622-dup-0,,huddy,,maltby rircuit,destiny park,moorabbin,3195,tas,19720627,5832871,OBRRP1988L,08198183612
rec-4184-dup-0,georgia,campbmell,20,balsillie crescent,glen mia,loganlea,3806,wa,19280823,1041041,YCXVP2201T,+91 8588428586
rec-3808-dup-0,mitchell,dunnicjliff,,illingwort hstreet,,penrith,3162,nsw,19350411,5567119,WAZVP5040S,(784) 915-4595
rec-1206-dup-0,alissa,rpiest,7,lawley street,,granville,4116,qld,19241102,1113130,MEUHP5002G,(823) 984-7885
rec-2911-dup-0,james,,2,frome street,diacos caravn prk,sylvtnia,5203,vic,,2532680,WOMHP2744S,9901407212
rec-430-dup-0,thomas,fogliano,522,hawdon rtreet,francis c hambers,bonville,6617,qld,19290927,3505678,WCOEP0620Q,(746) 009-7660
rec-1223-dup-0,bailldy,smallscombe,16,beagle street,castle reagh terrace,greenwood,3181,vic,19941222,4529850,5PSBP8985V,+916101560093
rec-983-dup-0,kyle,dixon,106,robertso street,merrilea,fullarton,3929,qld,19060420,6808962,SMPNP9283L,75909-30111
rec-4673-dup-0,jesse,bagwekl,12,tuckey plsce,ellagnowan,urangan,4659,nsw,19930914,6491012,IWOUP5351F,9332848106
rec-2955-dup-0,d'acry,webb,3,ebenezer street,,cressy,2443,wa,19901222,8604852,TEXIP2921Z,(837) 715-1342
rec-4963-dup-0,,sherriff,97,rischbieth crescent,berkelgey vlge,macquariw fields,4152,nsw,19510502,1541627,ZBLWP8547Y,(974) 065-4171
rec-3260-dup-0,emiily,camozzato,1,weston street,bulala,waverley,2450,vic,19321224,6435812,GEKUP9386I,(749) 672-5311
rec-1590-dup-0,paige,pateron,8,lindrum crescent,miandetta,st jajes,3805,nsw,19090422,5550381,RUXDP0183H,85967-56218
rec-3279-dup-0,hannah,ho,13,bradfieldfstreet,,hurstbridge,2795,nsw,19180207,6938730,S2WXP4813S,+91 8540514012
rec-3584-dup-0,riey,pascoe,68,lexcen avenue,,south brisane,7035,sa,19380905,7792395,SRRWP6325G,+91 6382138545
rec-4723-dup-0,tommy,morrison,28,mcnamara street,rowan lodge,north ryde,2083,nsw,19231010,8097782,GYATP8401T,(816) 007-7726
rec-3381-dup-0,shepherd,nicholas,2,,gnornajg,bayonethhead,3021,nt,19400303,8128223,KQQDP4687Z,06981058435
rec-2981-dup-0,nathah,wiemann,10,gingana street,,brighton,3011,vic,19370429,8432426,KAIFP7519L,(755) 242-7582
rec-40-dup-0,finlay,,3,summerland circuit,,auburn,3216,tas,19001106,5825057,,08274840566
rec-3217-dup-0,neneh,wheatley,37,bunda s treet,,torquay,3844,nsw,19530310,6451877,,+91 8110661707
rec-292-dup-0,oliver,clarke,84,macrobertson street,whitelodge,toowoomba,4077,qld,19180825,5422013,JEFUP5884G,91516-30134
rec-4690-dup-0,brandon,freiman,27,tucanastreet,sunnyhills,tweed heads south,2500,nsw,19370325,5018665,ABNEP1277H,+916143379473
rec-2891-dup-0,tabitha,orchard,2,marsden qstreet,john flynn medical centre,mount low,3179,nsw,19230831,1102361,CEINP7633K,7856998406
rec-3776-dup-0,heron,josiua,23,dooring street,drypoint,barraba,4214,nsw,19700227,6931228,GMJAP3787T,9167098614
rec-4939-dup-0,fraser,hebbemran,28,hendersonstreet,kalinda park,cowra,3429,qld,19900809,9636276,XVJEP6419E,(841) 830-2075
rec-2498-dup-0,lachlan,geduld,2,karrugang circuit,jacqoona station,arundel,4306,vic,19520703,3086091,BVVEP8723L,6194511322
rec-1181-dup-0,jessica,liddy,15,hyndes crescent,sec1,fairlight,4133,nsw,19620602,3547293,KXEYP3713L,(981) 971-8102
rec-2309-dup-0,henry,pozn ika,2,ashkanasy crescent,nelgrovepark,beenlegigh,2171,tas,19521203,7678518,ANHUP7150G,+91 9153459228
rec-3631-dup-0,taylay,berry,56,corbin place,honey pa tch,brighton-le-sands,3041,vic,19650831,7786757,YUOHP7837U,+91 6396448030
rec-1334-dup-0,adele,morrison,18,woollums treet,riverside professionarl centre (cnr banks,ormond,6059,wa,19101205,7729842,HFLRP9724Z,+91 7636306940
rec-2554-dup-0,madison,shepherd,18,ballumbir street,blue hills,corrmal,3168,wa,19170819,8120482,CMIIP9614O,7849078933
rec-2173-dup-0,talah,campbell,418,bean crescent,warramby,hopperscrissing,4208,qld,19601111,3013090,,
rec-3594-dup-0,,willmot,19,fairweather circuit,meebery,cabramatta,3285,vic,19450224,5540735,KGCYP4508G,+918634723806
rec-2807-dup-0,,bradshaw,9,dallachh place,coral house even tide,ryde,3805,nsw,19071027,8707306,BBPBP8025K,8397672872
rec-2540-dup-0,giorgia,struck,5,ambalindum street,lazyac res,thornlie,2144,wa,19250507,4468206,,09165248870
rec-3053-dup-0,sophie,mcilar,10,steinwedl street,ponderosa,geelong ast,3550,qld,19640509,4135696,HFMSP1166Q,+91 9686495351
rec-726-dup-0,jaden,dagley,2,pelham close,central clinic,brouece,3942,sa,19660707,3196657,ATPMP1559J,+918822534994
rec-2108-dup-0,mitchell,cof fey,12,conder street,kangaroo grnd,cook shill,2762,qld,19530924,2701477,MPCFP6410U,71347-87630
rec-3696-dup-0,toby,walkley,29,hatfiekd street,st ehle ns,albury,2528,nsw,19860619,9827400,RMJSP3630C,+919608578234
rec-2539-dup-0,emiily,stearnes,26,hugh mckay ctescent,honey patch,ettalpng,2259,sa,19040826,7188856,PPHEP3011W,6130096749
rec-1016-dup-0,courtney,painter,12,pinkerton circuit,,richlands,4560,vci,19161214,4066625,VAUSP3193C,+91 9086875935
rec-2262-dup-0,gabriel,moyse,12,currie cfescent,platinai,sefton,3337,wa,19160926,3553783,OBIEP2595K,7198014746
rec-4719-dup-0,kirarh,southwod,137,sugarloaf circuit,cooli bah,smithfoeld,4715,wa,19980504,4827713,QKBLP2020Y,(844) 709-3730
rec-826-dup-0,chloe,white,33,gadali crescent,rondyavoo,logankea,3069,vic,19331024,8293935,YTFKP2774O,+918616101383
rec-1193-dup-0,jake,pascoe,,gooreens rreet,,mittagpang,3023,wa,19300716,8300308,FNUYP9434L,9436074004
rec-25-dup-0,joel,campbell,,savige street,glemore,arana hills,3152,nsw,19880824,5412397,EVPCP7229H,9375851001
rec-3586-dup-0,karl,adart,56,launceston street,aprt 504,clarkson,2032,nsw,19860315,1526150,NIYIP1073Y,(633) 570-6133
rec-2181-dup-0,,clarke,13,hicks snreet,brentwodo vlge,broadmeadows,3094,vic,19340818,7285543,RJPLP1805P,(725) 170-4268
rec-2620-dup-0,brooklyn,mercoerlla,13,knox retirement village,endeavour street,concord west,2038,nsw,19050715,7877973,TABLPF961H,+916083355935
rec-4964-dup-0,,lungershausen,28,hilder sreet,morayfieldexchange,redbank plains,4350,nsw,19431008,3687513,YXURP6932E,+919176454562
rec-4060-dup-0,matthew,green,57,howitt street,,,4704,wa,19861119,3767916,RMVJP7953K,(947) 831-6954
rec-4811-dup-0,sophe,grosser,39,tryon steet,bethel y ostel,bull creek,3875,wa,19011031,6415988,JBRJP7130K,+91 7478536512
rec-4383-dup-0,ryley,dods,24,helemon treet,john curtin hostel,villawood,6061,nsw,19350808,9316786,EVMRP6460M,9149201820
rec-77-dup-0,gillian,chanlder,232,caladenia street,,gowrie,3150,nsw,19960922,4237925,VMKUP0349D,8810756823
rec-3496-dup-0,elijah,,76,lane-poole place,rosetta village,malvkern,3337,vic,19910131,7588197,JQWBP7208M,70246-44282
rec-242-dup-0,joshua,green,13,duncan street,eurok,artarmon,4871,qld,19970505,4108253,BAFFP3386I,7799779028
rec-3127-dup-0,alyssa,shepherdson,,wuruma place,the wi llows,leichhardt,2165,qld,19380508,8856494,ADSHP9916R,+919653728713
rec-2879-dup-0,amaya,pulford,41,challinor ctescent,rowethorpe,newcatsle,2534,qld,19930615,5220952,BMUNP6628R,+91 6856165355
rec-1460-dup-0,elbla,faull,42,dowling s treet,nomore,norwood,2627,nsw,,8885164,WSMQP5393O,(679) 968-8028
rec-645-dup-0,benjamin,berryman,43,thornhill rescent,country tclub,magill,2072,qld,19360111,7934124,ZTVWP5554K,08586178679
rec-2066-dup-0,tahlia,wotton,11,darby street,greenacres ca ravan park,lindfield,2206,nsw,19250907,1825836,ADPWP4322K,+916601819368
rec-1849-dup-0,,grafton,30,springvale drive,fernbank,sunshine,3168,vie,19350919,3481992,BXHYP0065U,(652) 638-1180
rec-3778-dup-0,sascha,dema rco,3,franks place,tantadlon,gracetown,5169,tas,19960906,9430667,NVJEP5535U,07643959145
rec-2846-dup-0,lauren,mcneill,,caley crescent,gimberts road,kilsyth,3752,qld,19050527,4744679,FPQJP3057S,8110108743
rec-237-dup-0,corey,feeney,303,forbes street,,suffolk park,2049,nsw,19670414,9098376,JLVFP9495N,72540-54577
rec-4991-dup-0,,horkings,144,box hill avenue,alexandra racecourse,paddington,4061,vic,19291011,1360308,ZMAGP2098G,08279116032
rec-880-dup-0,bryce,morrison,1,rowethorpe,clavert place,parramatta park,3214,nsw,19120213,8125144,YDCSP3838T,(783) 693-7886
rec-3885-dup-0,louise,campgell,3,clark dlose,manton's rise,annandale,2360,vic,19871212,6743419,TBHGP7132V,9103533535
rec-4772-dup-0,fitzpatrick,hayley,14,boote pl ace,armidale private hospital,concord west,3058,nsw,19240223,6366376,IBHUP9590G,+91 9639373619
rec-3553-dup-0,james,stearnes,8,leahy close,,bayswater,1395,nsw,19330802,9900161,DNMHP4909T,(672) 633-3897
rec-564-dup-0,kane,reid,12,arnolc place,lakefront retrmnt vlge,seventeen mile rocks,6285,nsw,19181209,4118529,ALSYP8901I,09934073222
rec-1806-dup-0,madison,cowle,14,port jackson circuit,marriottdowns,new mollyan,4215,sa,19280625,9403686,UWTYP2865G,9806145758
rec-628-dup-0,amaya,skirca,3,heagney ecscent,willow lodge,ross,3980,wa,19980122,3781022,FHYMP9158R,(666) 394-2575
rec-99-dup-0,kyle,wehr,27,naas close,rowethorpe,stocktln,2151,wa,19440131,7528586,GMYYP7815P,06314907104
rec-873-dup-0,devan,ottens,3,muggaw ay,,gosford east,5163,qld,19410514,3579690,DAGTP7143G,+91 6174700557
rec-280-dup-0,joshua,toseland,19,roughley place,,,5263,wa,19820825,3749440,FOXZP8292L,+91 6524131367
rec-4444-dup-0,alexandra,hied,27,tweddle place,barley hill,williamstown,3055,vic,19070929,3625008,PSJRP3888S,09402822370
rec-2269-dup-0,serena,wbeb,9,,aptmnt 2,tin can bay,2540,qld,19770422,3504192,TKVNP4821T,09744899112
rec-2633-dup-0,alex,wbeb,13,kirkland circuit,bernleigh,sandy bay,4655,sa,19720617,5932947,QJSXP2646U,88753-36681
rec-2567-dup-0,amy,george,15,faithfull circuit,tynwall,cranbourne,5083,nsw,19180219,9555129,XFZVP1715P,68940-66745
rec-4171-dup-0,adam,clarkde,3,skinnerstreet,kona,woodcroft,4878,wa,,7112414,PWWBP8473K,7184941133
rec-1391-dup-0,,padas,7,edmondson atreet,goughs bay,modbury,2036,wa,19170811,3374275,GGHOP5203P,(748) 780-6083
rec-2953-dup-0,alex,hanna,146,pocket avenue,scottsdale,yangebup,3942,vic,19040515,7193215,GDFHP2306V,09616801024
rec-1134-dup-0,ebert,lachlan,37,barcoop lace,low ponds,cirio,3191,sa,19720105,4689114,YWNIP0432U,+91 7945687664
rec-3449-dup-0,lily,collier,47,sargood street,amelia,port macquarie,3148,vic,19860413,6053604,SDNGP3040T,+91 8829209962
rec-2971-dup-0,jack,highet,26,mathieson crescent,,kaleen,3064,vic,19650507,6260000,IRDNP2759X,(895) 746-2116
rec-4636-dup-0,,rei,147,marr sreet,walkers orchard,arthurs creek,7330,nsw,19240712,7585720,SOUBP8027V,07485903081
rec-4203-dup-0,,walls,14,florence tayoor street,nepean shores,p adstow,3048,qld,19200129,1018744,QPULP7621P,+91 6965504256
rec-1938-dup-0,noah,bishop,325,shannon circuit,eriswell park,south pefth,4551,nsw,19210214,5100494,RZZTP5047E,(734) 752-3467
rec-2816-dup-0,jackoson,edgecombe,3,ranken place,johamelnine,bonytho,5167,wa,19970731,5991164,WFOYP7056Q,(682) 860-5493
rec-2835-dup-0,luyc,braithwaite,65,ellerston avenue,marx garden world,munno para west,2705,qld,19580501,6060746,YYOQP0341E,07849025603
rec-420-dup-0,kate,stephenson,8,sinclair street,,ryde,5333,nsw,19051012,4182623,CROIP2632E,8499065055
rec-4910-dup-0,felicity,la porte,25,groomstreet,gundalnie,glenmore park,3892,wa,19631026,9577115,AIYPP2578N,+919100187875
rec-1594-dup-0,davd,shepherd,3,eggers olace,ainslieh ouse,nubeena,4869,nsw,19380403,6575835,ELLGP2892Q,+91 9682847568
rec-2765-dup-0,lara,cannell,23,lenehan treet,blue ctane farm,nome,3152,nsw,19210211,2766975,LNUHP4362L,+916256783174
rec-2686-dup-0,imogen,white,12,macrossan crescent,,mount isa,2088,nsw,19580528,9882514,SNTVP0964V,+91 8185571588
rec-1097-dup-0,joshua,clarke,4,ragless circuit,,sylvania,3163,fic,19110818,5574844,LVPSP5020F,08334592521
rec-4190-dup-0,zanj,crocuh,9,allan treet,sbend carvn park,invemrsy,2135,tas,19590501,6678712,ACHFP5700G,+918187351089
rec-2214-dup-0,elia,burnellz,2,badimarastreet,,armidale,2607,nsw,19960416,3920251,XIZQP3314G,09069948461
rec-686-dup-0,zarlia,hage,69,catchpole street,tryphi inaview,casino,3180,vic,19130311,5080759,PEJIP1867U,06496530225
rec-780-dup-0,har risn,boulter,9,macgregor street,stonyi rdge,cecil plains,3070,nsw,,5094110,CHHIP5126W,07045424956
rec-2223-dup-0,zane,dixon,2,southern cross drive,nanto,dickson,3842,sa,19870503,7439457,OECBP0465K,9923165008
rec-1071-dup-0,braiden,hohn,6,swinden wtreet,alanvlo,mulgraveeeast,7140,nsw,19920920,4170069,QNEVP3739H,62564-30971
rec-185-dup-0,maxi,burford,2,dixon drive,inglecell,aspley,2090,nsw,19030325,6228407,NHPVP6911G,(855) 856-9768
rec-3412-dup-0,went,oliver,11,augustus close,sheep station,st ives,5006,vic,19160706,6364957,AVTIP772ZZ,+919933443229
rec-3264-dup-0,benjamin,fullwood,4,pulleine crescent,pangnai,labrador,2621,wa,19840715,6999348,ZRKQP1781I,6518542160
rec-586-dup-0,wilson,green,,jaeger circuit,bungqrra,coroi,2650,qld,19111005,8910567,KCIOP1259D,7231433408
rec-2331-dup-0,christian,redi,10,britten-jones drive,honey patch,moe,2250,wa,19870501,2773283,AVHWP8356P,+919641151649
rec-4809-dup-0,marianne,reni,23,bat h pace,,casnio,5118,sa,19350713,3009656,ATOPP4458H,+919391140876
rec-3495-dup-0,nicholas,dixon,60,archibalqd xtreet,,dalyston,2154,vic,19230212,6851976,ACWSP3898T,(841) 256-3795
rec-1444-dup-0,martinovic,thomas,24,killarney,ivo whitton circuit,greenwtih,7207,qld,19801111,4222783,CYHEP4874M,08229947532
rec-1426-dup-0,lucsa,thorpe,25,port jackson circuit,,eimeo,6255,sa,19320715,2374689,FDCPP0616Q,+917133099564
rec-1955-dup-0,tanyshah,jolly,462,finnertyplace,belvedeqre,alice springs,3167,nsw,19861204,2562045,YVAUP8699P,+918848495056
rec-1454-dup-0,sebastian,papagfeorgiou,192,carstensz street,,cherrybrook,2479,vic,19570326,5979503,QDFEP2776O,06342894729
rec-4759-dup-0,makayla,herbert,5,plummer street,tarwyn aprk,hopetoun,3925,vic,19111103,1756031,USOGP0251D,+91 7749351344
rec-3480-dup-0,kyle,kowtin,69,hambidge crescent,,frankston,3056,wa,19380303,2024772,WRASP2552S,6204845896
rec-2280-dup-0,,tholrn,66,keithstreet,ocean sta r villas,beenleigh,6107,vic,19550703,6047972,XFJYP5593H,9164347866
rec-757-dup-0,bayns,charlotte,96,bainton crescent,winton,malvern east,6111,nsw,19221231,7857555,IKSHP8868T,06729661489
rec-1771-dup-0,sam,matthews,15,parkin treet,hawkins mas onic vlge,camp hill,4305,vic,19131126,8110517,LDXBP8710F,62497-23153
rec-3124-dup-0,nicholas,colquhoun,241,chataway crescent,gibraltar,blandford,2166,qld,,2145262,VLCJP6601X,69472-05715
rec-1844-dup-0,benjamin,lowe,26,wentcheyr place,emoh,austins ferry,7261,nsw,19385621,1039986,DVUIP1267Z,6242619240
rec-1690-dup-0,georgia,cothber,132,captain cookq crescent,whiske r dhill,seelands,2220,nsw,19171218,8148701,,7855502240
rec-667-dup-0,daniel,rollins,22,hemmings crescent,flt 68,wantirnz,9316,nsw,19840108,9812011,RAFPP3625H,+918463427382
rec-4598-dup-0,samantha,bereza,52,shaudell,waddell place,piney range,6026,vic,19420813,7631947,TZAFP2965K,65160-56369
rec-4758-dup-0,robert,nguyen,26,willoughby crescent,wand endi,dianekla,5155,nsw,19381017,4982192,,+91 9370936741
rec-2437-dup-0,eden,crossman,26,michael holt crescent,scenic lodge,peakhnurst,2020,wa,19240123,9861015,OCSCP4198F,65210-86945
rec-1478-dup-0,ellen,campbell,24,giles street,avalyn,bull creek,5048,nsw,19560304,7223186,,+91 8538738647
rec-1620-dup-0,zachary,michelmore,11,oakdale,brisbane avenue,warrane,6330,qld,19430124,2800552,CNQQP1235I,09795085153
rec-3274-dup-0,domihic,hogguan,29,devanny place,birrabilla,portarlington,3175,nsw,19561215,5034600,HSGMP3297G,+91 6183854565
rec-3408-dup-0,caleb,bersable,13,parkhill street,myola dtreet,mount pleasant,7248,tas,19510311,5036866,GHTNP9537F,07921065263
rec-150-dup-0,clarke,ned,1,london circuit,vills 5,carnegie,5703,wa,19740801,4238081,YQHUP2393J,08324188534
rec-2318-dup-0,aidan,fysh,165,must circuit,yarrumf,forest hill,2132,vic,19330404,1070728,ZTEOP9663O,+918604031093
rec-1142-dup-0,joshua,campbell,,jonsson court,,bayswater,6353,nsw,19261206,6149683,VDTAP5488X,67119-02691
rec-123-dup-0,angie,mcgahey,54,moorestreet,farnorah home,elwood,4077,vic,19001102,8638894,VAUPP9792O,86332-91054
rec-4780-dup-0,amber,coleman,6,bunda street,altona,mount isa,2121,wa,19050907,2464697,PMQXP3538F,+917739086167
rec-2788-dup-0,,carbone,194,burdekin street,glente,glen innes,6552,wa,19070409,2229631,UXSXP4948R,95786-83320
rec-1924-dup-0,alexandra,nguyen,26,fremanthe drive,merricroft,hightno,6532,nsw,19440220,2682401,EVCHP5819A,+91 7416283881
rec-194-dup-0,jaydem,sekulitch,,casuarina street,cottage rose,yagoona,4503,nsw,19310401,6055233,OJIHP5442I,+91 8592734253
rec-3265-dup-0,aaron,baohm,,,locnc316,upper coomera,6016,qld,,7238727,EGONP9971P,8419041952
rec-3202-dup-0,chloe,mason,2,beirne street,grandview,st albans,2035,nsw,19760319,1704704,WYRKP3725W,92588-46630
rec-4401-dup-0,sara,weller,39,,heathfiled qld,keilor east,4304,nsw,,3408564,WMPOP1786Q,9920707327
rec-550-dup-0,indinaa,wasely,70,alabaster street,glenavon,maryborough,6530,qld,19380728,8716390,ZPZXP7676T,08096382205
rec-210-dup-0,riley,,27,kauper street,lesma,eastwood,4070,nsw,19161017,6512341,MSUUP6138Y,84433-67424
rec-2777-dup-0,jake,mazurkiewicz,7,ashcroft crescent,,tannum sands,3917,vic,19580122,8132590,CDSPP3675W,66982-56098
rec-2470-dup-0,henry,dichiera,34,pomeroy street,towe rh ill,orange,5690,nsw,19000910,7446554,UYKLP7358C,+916511968223
rec-4379-dup-0,alisa,tiller,381,grevillea street,rosetat illage,dandenong north,3087,qld,19550719,9314806,BMUXP5590E,91253-25869
rec-3003-dup-0,zachariah,kilmarzin,56,barrallierg atreet,gree nslopes,torquay,3249,nws,19980325,1870225,LYUNP3437R,6603990489
rec-3876-dup-0,zali,clutterbuck,13,twelve treescrescent,colbes,taringa,4718,vic,19821023,1538475,JDRIP1612R,+917721879897
rec-2225-dup-0,matthew,,330,forbes street,locn 7560,botany,3091,nsw,19291107,9737703,CRHJP9472F,60543-11386
rec-1664-dup-0,annabel,greenhalgh,28,mowle lpace,don ray,st james,2257,qld,19561214,7860148,ZWFSP9555A,60765-65230
rec-4514-dup-0,rachael,beams,19,mackellar crescent,rosedale,,3340,vic,19670422,5928661,LKLJP2166E,09591426655
rec-3479-dup-0,makenzie,michelmore,29,marcus clarke street,leitrim,ivanhoe,2199,vic,19081127,5210533,NNQLP4717U,+91 8560717314
rec-2391-dup-0,dylan,covino,63,mcgowanwplace,pine creek drubyvale,camden ssouth,2280,wa,19880205,9610572,,+91 9625761161
rec-948-dup-0,molly,clapham,25,watamurra,thring place,orbost,3305,nsw,19621123,7549694,NAVCP1362N,8197337462
rec-4315-dup-0,edward,clarxke,151,strehlow place,pleasant wpines,eden hills,7000,vic,19520123,3945218,QRKOP2219X,(994) 638-2903
rec-734-dup-0,scott,hoggan,6,zox circuit,straegath,northmead,5031,qld,19091119,2063442,OHBKP7546S,86589-04332
rec-1720-dup-0,,haak,54,parrp lace,ulah,burpengary,6010,wa,19170712,3239785,MHXOP2504Z,60058-93517
rec-1888-dup-0,kazuki,white,65,maranboy treet,,marrara,2220,wa,19101205,4980306,RXXVP3971U,(676) 413-7064
rec-1455-dup-0,chle,bastiaans,49,sturdee rcescent,,warrewood,2232,vic,19470305,1209800,SILMV5229E,08394654089
rec-4026-dup-0,blake,smith son,31,cavanaugh street,holmleigh,canley vale,4170,wa,19711019,2675546,ZJQUP6350V,94204-53185
rec-1735-dup-0,grace,alderson,1,chippindal lcircuit,rockview,broadeadows,3000,nsw,19770722,3799511,SEZXP0491Z,+919278203385
rec-3297-dup-0,alicia,lamonaca,15,vickers crescent,ballawinna stud,deaikn,6701,nsw,19780805,4465146,,+91 9553025924
rec-285-dup-0,burford,bridget,14,gibbh place,melaleuca,greenwood,3280,wa,19090212,4048860,MKLTP6516V,70239-57094
rec-4967-dup-0,jmaes,feast,139,goldstein crescent,kooringl epark,beenleogh,4214,vic,19500714,9202596,VZBWP2297S,+91 8244028926
rec-2864-dup-0,alia,taubert,178,mauricr cplace,lindsey rise,belmont,4802,nsw,19160125,3241981,RAQHP7906O,+919645854488
rec-2909-dup-0,isabelle,quilliam,,bannerstreet,marjidin,ulverstone,3250,sa,19671214,3784610,BNFTP4235M,6438199116
rec-2653-dup-0,lochlan,pendergrast,3,hoodplace,kenara,loftus,6136,wa,19790831,3095270,MVINP0620H,+91 7682217672
rec-1232-dup-0,kirra,coppola,,waugh close,,warylla,3926,nsw,19531118,9223478,GFZLP6231H,8829070946
rec-2240-dup-0,savannah,hyland,17,pennefather street,camusfearna,cronula,3672,nsw,19050620,9386164,LBSBP4468Z,+91 7913484778
rec-4248-dup-0,jade,scheerlinck,11,boswell crescent,jarrah,bicton,2290,vic,19521024,9034415,YABBP1770B,60283-67776
rec-1886-dup-0,william,paru,46,stieglitz circuit,,coromandel valley,6210,qld,19100815,1269870,GXECP7711S,+918834229427
rec-4638-dup-0,holl,collihson,195,burn sreet,rosary village,four mileg beach,4221,qld,19671102,7790499,MZKDP0273R,+919873008625
rec-1549-dup-0,willam,portors,11,donnelly road,medical centre,murray bridge,2125,nsw,19321223,1315964,AUBQP6155D,+917189539680
rec-620-dup-0,sophie,mccqrthy,91,woodfull loop,norma,west culburra,2340,qld,19580523,1578155,OCOQP6117Y,+91 9416676698
rec-625-dup-0,pagoda,tiffany,43,pitcairn street,clear creek,bundaberg,4300,nsw,19371008,1115720,FFSQP5698Z,73753-66337
rec-4796-dup-0,mollie,berry,15,perry drive,beulah ettate,,3043,act,19520323,8496716,,07768580848
rec-3006-dup-0,matthews,benjamin,5,namatjira drive,buena vista,preston,5290,vic,19531201,3174571,ZOBZP7483O,+918497162634
rec-4574-dup-0,cooper,blake,09,packham place,australia fair medi xal west centre,surfers paradise,2747,vic,19100307,2013713,QHRRP2618D,6274678934
rec-4678-dup-0,jessfe,donkin,68,mackennal street,ferndale,somerset,2573,nsw,19900096,3358033,BWGQP2968U,(980) 454-7280
rec-1352-dup-0,william,doman,7,copland drive,grandview,adamstown,2325,sa,19810208,5779269,AEVPP7566S,74543-82844
rec-1743-dup-0,riley,landow,43,hannafors street,wattl e tree,marayong,6025,vic,19971031,4812402,VKTFP0359V,95223-80555
rec-1245-dup-0,amelie,lohe,107,coghill crlose,gurnam unya,port macquarie,2021,vic,19200613,6372043,RURIP0351G,07347126949
rec-78-dup-0,stelio,minter,23,mehaffey rescent,airforce memofial estate,roleystone,2456,nsw,19540125,3373062,QJURP4443O,(824) 988-3894
rec-2805-dup-0,elle,royle,40,maribyrnong avenue,stapletonj station,port lincoln,4220,nsw,19430114,8517129,VDIPP3014O,+91 8673117114
rec-1497-dup-0,elie,hirzel,162,angas street,,stoneville,3209,vic,19710723,8829577,EQOUP9709R,+917029257032
rec-2714-dup-0,taylor,,1,kerkerisclose,,south perth,4650,nt,19740805,4419884,WAXXP2887M,+917112562219
rec-2919-dup-0,kaleb,hobson,,scadda place,pacific palms caravn park,bunbury,2259,vic,19960630,9573457,KVREP5873X,92003-69986
rec-3759-dup-0,michael,leslie,2,kirwanciircuit,blenmorje,bangor,1350,qld,19350423,7283323,YIPBPO074N,
rec-4137-dup-0,liam,pauch,1005,elvire place,nara da,bronte,2137,tas,19470324,4505367,RHRQP0923Z,7109674857
rec-1853-dup-0,jade,clarke,63,fred william s crescent,plaiview,kitchener,3127,nsw,19350407,4177666,PLTSP1706K,(978) 201-3415
rec-2484-dup-0,james,wyllie,15,university of canberra,westfalls,sippyd owns,3201,wa,19811112,6047605,QLMCP8096W,07950182625
rec-2377-dup-0,lauren,soae,187,grounds crescent,strathleigh,denmark,3075,qld,19021209,5792462,VZTDP9352U,72582-18944
rec-3091-dup-0,richqrd,keatch,34,,belvedere,mount plaesant,2168,qld,19980216,8117319,QSKGP6772G,06299577468
rec-3482-dup-0,kyle,wegman,16,,parkland motor village,modbury,4213,nsw,19790106,4561101,TGYNP5158F,+916985196926
rec-590-dup-0,blzke,doray,9,muresk street,,st albans,2305,qld,19410221,6927749,MHKSP1836G,9859758017
rec-2311-dup-0,harry,hingstton,4,yraren,mather street,mathoura,2170,nsw,19780820,1659262,DB5WP6203Z,62354-33049
rec-106-dup-0,chantelle,mason,21,zeitz court,cleveland waters,bayswater,3840,qld,19730217,9809705,ZLGZP1187T,(751) 676-4076
rec-1794-dup-0,sienna,cacciotti,32,nullagienstreet,avonlea parkcrmb 4045,parkinson,3168,qld,19770318,1586091,QXZOP1182T,(796) 939-3462
rec-3213-dup-0,nichoqlas,hope,39,rossarden street,oakdale,clayt ln,2037,qld,19080513,1209261,ZZMAP8466B,07074590880
rec-756-dup-0,allard,fynn,1,rolph place,st vincents hospital,hillsborough,4216,nsw,19700328,7861274,IXMKP5726Y,(605) 636-6808
rec-3795-dup-0,shaun,stanley,17,,callatoota,northwood,2217,nsw,19450829,7849495,QMHKP4155D,7769435567
rec-3860-dup-0,alexander,crossman,31,spinifexstreet,binnawee,texas,3068,sa,,7807999,UGLKP7877V,09550812505
rec-402-dup-0,hugo,sporn,150,clive stelee avenue,kurr ajong,peechelba,5212,qld,19420523,8443463,FIKDP5702R,(664) 875-5996
rec-469-dup-0,emiily,dods,110,solomoncrescent,crowden,bendemeer,2602,vic,19970213,6929273,STUWP4287N,(713) 278-7831
rec-1680-dup-0,damien,madigan,92,barringe street,forest edge,,2226,qld,19700502,7969974,MZGNP5797O,
rec-2480-dup-0,james,spall,28,alabaster treet,inglewood,orange,5124,vic,19750720,5050590,HNZYP9068E,(987) 120-7721
rec-1802-dup-0,ellen,hare,9,windradyce street,,rosegud,6076,nsw,19910512,5036453,XKVVP2551V,84057-38787
rec-978-dup-0,rebcca,riddekl,10,glasgow place,fowlers bay,picnic point,2915,tas,19010105,2892366,PTRYP6861F,(740) 982-1149
rec-2528-dup-0,madison,cannell,2,seabornplace,tara palms,north hobart,6030,vic,19251217,4366054,NSRCP1735F,09932623658
rec-1064-dup-0,georgia,reid,5,flower oace,rainmore,forest hill,7301,nsw,19970612,7201701,RJFOP2993K,+91 6098400757
rec-3441-dup-0,lke,trenerry,6,scotch colege,shepherd street,,5355,sa,19800424,1086821,KROHP3458B,(628) 441-1496
rec-685-dup-0,zachary,clarke,19,melrose drive,jemula r downs,clifton springs,7000,wa,19680624,3444095,QKRZP8492N,+91 7945593887
rec-673-dup-0,stephanie,braithwaite,86,chisholmstreet,bundong,toowoomba,2516,nt,19750104,4226794,CGUMP1955P,(788) 672-8897
rec-100-dup-0,hayden,stapley,,tindale street,villa 2,cromer heights,4125,vic,,4620080,ELWMP4819T,(652) 675-0343
rec-3870-dup-0,benjamin,harrington,45,cascina,mackenzie street,morpeth,6012,qld,19130302,6966636,PVOTP2195K,06181030252
rec-1371-dup-0,timothy,j ollo,13,mcmahon court,calltaoota,hill end,3075,nsw,19721103,3751485,DGSCP2377N,+918910120426
rec-1532-dup-0,jese,nguyen,,waddell place,,wagaman,2810,qld,19470716,9161884,JJVWP8030Q,+91 8664482859
rec-2478-dup-0,aidyn,morrison,1215,bertram street,tievrton,woy woy,4021,nsw,19160319,8015513,KSERP0432P,(609) 712-2147
rec-4202-dup-0,harrison,nguyemn,,fraenk ek street,harvuc,cardiff,3073,tas,19240421,5852654,QNTEP3918F,65242-22226
rec-3889-dup-0,bridget,bordi,27,froggatt street,villa 3,nhill,2016,sa,19290813,9532722,FYWNP6647P,86618-86095
rec-3281-dup-0,elton,shadbolt,35,finniss rcescent,riverbend,bacchus marsh,4197,vic,19031005,1581334,DFIEP1329N,(835) 446-9206
rec-2054-dup-0,zalka,glennon,158,florence tayllr street,,mansfield,4014,qld,19150226,9056397,ONFUP2056L,+918596596798
rec-1889-dup-0,matthew,nurse,64,cygnet rescent,,portarlington,3840,nsw,19670101,6591571,YEJGP6724H,+916738936257
rec-4485-dup-0,jarod,lusted,22,prescotttstreet,girrahween himestead,burleigh waters,4502,nsw,19321125,6896793,SIJHP8586Z,+91 7057469824
rec-314-dup-0,cheela,meaney,47,blamey crescent,nuffield vjillage,pymbjle,4812,nsw,,3266277,BFBIP1021X,09930821564
rec-1491-dup-0,kirra,white,68,strangwaysustreet,diamonddowns,bundaberg,2120,sa,19230223,7213703,FUIHP3227X,9199930253
rec-631-dup-0,shannon,hope,22,,,tennant creek,4017,vic,19300617,6942665,CUSCP3558X,08512644392
rec-3951-dup-0,lachlan,nguyen,23,templestoew avenue,elmw ood,o'co nnor,5046,vic,19931013,8311385,DSZTP9985O,+918132560180
rec-3206-dup-0,alexander,malow,4,barlow street,merryvale,berwick,3400,tas,19661021,8600151,YPDIP15Z8U,96524-42740
rec-4725-dup-0,erin,buttrose,,greeves street,aprt 22,clarkson,5172,vic,19810203,5640265,RPPVP1214Z,9159065015
rec-2041-dup-0,julia,worsley,9,aggie place,,bellevuem hill,2877,nsw,19780815,5650768,HBSWP2136J,+918814645764
rec-154-dup-0,joel,bowran,16,port arthur street,laure,bundaberg,3927,aw,19360117,3484624,HLLCP2635O,+91 9459563201
rec-4696-dup-0,samusel,green,13,cordeaux street,morningtonret vlg,woorinen,6135,nsw,19911221,5676411,AQTMP5319C,87495-32867
rec-4148-dup-0,gabr ielle,richmond,3,ebenezer street,peakv iew,maningrida,4352,sa,19941228,5532143,CMKGP7748T,77616-45436
rec-2737-dup-0,tiana,gr een,18,grylls cerescent,rsl veterans retir,blakehurst,4670,qld,19151215,6565990,PMGNP4543M,(770) 009-7052
rec-2312-dup-0,ella,ryan,15,marshall street,mayflower retrmnt vlge,castlecrag,2356,wa,19510519,7463223,BUDCP3021V,+91 6372843905
rec-3288-dup-0,harry,grosser,30,chambers street,lake oad,albionp ark,4560,nsw,19420607,7537775,GDJCP7156R,78661-48631
rec-3574-dup-0,,genovvese,6,axon sctreet,aprt 04,march,3166,qld,19681013,2402512,JCIDP7866P,81934-96995
rec-2768-dup-0,makenzie,reid,,sherbrooek street,torbanlea,st ives,2010,qld,19930630,9745948,,7219142105
rec-2811-dup-0,vanessa,geogre,,cleland street,rowethope,mount isa,4122,nsw,19420220,3116789,TBJSP7255H,76099-30466
rec-2577-dup-0,noah,reetz,20,ellenborojgh street,lakes retirement estate,blacktown,3126,vic,19791110,2350308,RYCPP0738U,6493940107
rec-1544-dup-0,madeline,jeffries,22,saywell place,little nest,charlestown,6430,nsw,19810222,3776945,SRLTP7266X,+918537402734
rec-4042-dup-0,steven,pwa,39,weatherburnplace,,malvefrn,7315,qld,19620819,1623496,ZOAUP8170G,(653) 062-0101
rec-2469-dup-0,riley,nguyen,76,florenceta ylor street,wacharoo,mill park,3181,nsw,19951106,4237972,WZZGP3597L,(858) 654-1123
rec-3854-dup-0,jasper,nguyen,18,harbison crescent,riverside professional centre (cnr banks,calista,5043,nsw,19211203,1824456,TJEHP6806B,77969-54276
rec-3641-dup-0,jake,willmot,33,,,ringwood east,2538,vic,19171002,3406386,SLXRP8884M,9850487552
rec-4030-dup-0,eloise,cheribi,9,northmore crescent,skerman chambers,joondanna,3350,vic,19220725,8822107,AAOTE3792N,(843) 850-9664
rec-1671-dup-0,ethan,lomman,404,edwell plnace,,ivanhoe,3792,nsw,19740120,8595511,XGIEP3743C,61348-94572
rec-2295-dup-0,caitlin,tebbutt,5,knoke avenue,section,tweed heads south,4811,wa,19851223,9714537,FOEWP3167Q,7761105890
rec-3729-dup-0,ruby,hentze,30,harkness street,glenearra,florey,4178,sa,,2379793,BOCVP2726K,6440377859
rec-1962-dup-0,sophie,mason,134,lendon place,mt pleasant,ashgrove,4005,wa,19411215,9349267,SOUPP0884R,+91 8857386065
rec-2140-dup-0,erin,jaridne,36,sainsbury street,alice downs,windsor,4573,nsw,19180805,2211171,JMAWP4006J,+917511037479
rec-3046-dup-0,alesha,hinfston,41,epenarr aclose,compton downs hostel,mentone,4215,nsw,19240921,8948668,LTIIP0435H,(629) 553-1582
rec-626-dup-0,lauren,moorby,29,rapanea street,new chum,leongatha,3146,nsw,19802530,1758831,,+916518800545
rec-1032-dup-0,harrison,paintre,,nina jones crescent,ballawinna stud,lennox head,6017,vic,19961105,9133988,,7858966036
rec-4328-dup-0,rach zel,meeking,14,wisdom street,rosedale,fisher,3150,qld,19181114,5395262,UFYPP5479V,+91 8399146084
rec-4403-dup-0,harriet,paterson,5,smiths road,jaybees,ringwood past,6012,nsw,19321027,3012880,YADZP6259A,(622) 656-7635
rec-2923-dup-0,erin,carbone,7,carr crescent,bexlye,matravlle,2452,nsw,19801216,8840510,VANOP6426E,(929) 159-3776
rec-1191-dup-0,mitcpell,campton,5,watt place,merrircoft,brandon,7270,nsw,19931028,2226898,RJUGP9365M,82089-90627
rec-4371-dup-0,jai,riddell,142,jane price crescent,industrial estate,hoppers crossing,2800,nsw,19720618,9147307,PKETP1541Q,06444776543
rec-2067-dup-0,katharine,penno,16,cuthbertcircuit,brentwood vlge,,3215,qld,19491225,1089142,SPNNP959OC,+919975699588
rec-3906-dup-0,jacob,sporton,28,kosciusko avenue,walhalla,ringwood,2466,vic,19300816,1934981,KRJVP3534B,(774) 318-7560
rec-2974-dup-0,michael,maclennan,6,richmond street,lake downs super f ine merino stud,emu plamins,5279,qld,19390409,1643013,RETUP0200R,06146788106
rec-4332-dup-0,georgia,carmoldy,107,ashburton circuit,,wamuran,3936,nsw,19660406,9507232,WOAPP9524U,09359105678
rec-4547-dup-0,benjamin,hyland,14,coxen street,rowethrpe,yaroomba,5044,vic,19921225,8509780,BSUNP9744N,08864734213
rec-4058-dup-0,hannah,coleman,12,canopusmrcescent,school house,port kembla,2795,qld,19010422,1651755,FRADP7253Q,7508757917
rec-3030-dup-0,hannkh,maynard,3,oaklands village,fizelle place,toowoomba,2340,,19971104,3318159,NJPWP1646F,+919461874244
rec-990-dup-0,jasnyn,yeap,30,white crscent,lawley p ark,murray bridge,3079,nsw,19500508,9139909,ENJGP3908R,85350-70842
rec-1215-dup-0,isabella,grimum,7,pither close,haigh park,ringwood,2256,vic,19660730,9089145,RNMNP5633C,08640690204
rec-2632-dup-0,shai,robson,,dooralong valley,white crescent,bunnaloo,4005,act,19711226,6720340,KNDRP3433E,+91 7882754218
rec-243-dup-0,riley,bennell,52,sabine close,browne's reef,toowoomba,4556,qld,19441206,1596501,WOFWP1299T,65925-91779
rec-3522-dup-0,caire,bethany,10,mountain creek road,trailview,paddington,3228,wa,19361026,4393661,CULVP0076Q,7204915004
rec-481-dup-0,jajes,kagn,11,frayne place,,concord,4869,qld,19350731,7427314,BSCLP8690C,+91 8002982740
rec-1766-dup-0,james,hayball,30,hemmings c rescent,,tiaro,2117,qld,19720110,8590321,MSVMP3319C,6426659839
rec-4360-dup-0,owen,hingston,16,goldner circuit,bramhall,yanco,6105,qld,19991220,1508216,KGZNP5355I,(828) 111-4779
rec-3115-dup-0,benjamin,miles,,totterdell street,poplar bend,acton,6317,qld,19830303,4385595,XYRHP0981S,+918514299324
rec-3114-dup-0,cassidt,morrison,13,a'beckett street,argyke,ardeer,2518,nsw,19160403,6156712,MVVVP6151P,8290094954
rec-1048-dup-0,alexandra,budge,11,outtrim avenue,sec 528,jacaua,2096,wa,19590819,3277841,,+91 8953603441
rec-1604-dup-0,musolino,ryan,22,smeaton circuit,pangani,mckinnon,2700,nsw,19890525,4971506,,+918928543831
rec-3838-dup-0,koula,hagget,18,southern cross drive,woodleigh,lilydale,0328,vic,19000625,3064629,QHVKP5774B,84162-68941
rec-4391-dup-0,felicity,,246,edmondsonstreet,rowethorpe,clareville,4165,nsw,19380928,5994744,JKLEP9567Y,8977301706
rec-763-dup-0,jack,whtie,,herbert crescent,fourways,north pinjarra,2261,nsw,19830827,3374161,UCEAP3428E,92629-42151
rec-3219-dup-0,olievr,ryan,23,candlebark close,holiday vlge,banks,4570,vic,,5337535,RGVCP9371L,94579-49585
rec-4990-dup-0,miranda,breedt,11,lalor street,,maiden gully,3672,vic,19050618,2333106,HQWTP0822G,+91 8064805248
rec-3261-dup-0,rhett,matthes,16,cadell street,warhaven h ome,surfers paradise,3911,nsw,19870715,5123065,VTLHP2219X,+919641832460
rec-2184-dup-0,tahlia,fenwik,6,brentwood vlge,wray place,north curl curl,4825,qld,19430604,8360325,XGEYP7176G,+91 9988898144
rec-3503-dup-0,lily,hamon,59,clutsam place,villa 444 th e village glen,ashgrove,4717,acg,19490707,1603670,VBMUP1659I,(604) 084-5432
rec-1790-dup-0,shannon,heurr,65,fossey street,brindabella specialist centre,vaucluse,2010,qld,19511013,9539538,RPMVP7972R,08626819596
rec-4304-dup-0,lyntln,rudd,41,donohoe place,rosetta village,eudunda,3057,nsw,19660123,1197508,JBEEP4045V,80328-71525
rec-2064-dup-0,jasper,miles,20,narryer close,moondah,nambour,1413,vic,,3809763,PDLVP2747B,08995887436
rec-2782-dup-0,thoms,carbone,94,summerville crescent,flt 45,geraldton,2229,vic,19070308,3226668,OOFGP3640V,(656) 675-7091
rec-234-dup-0,jack,wyllie,11,parker tsreet,,daisy hill,2440,nsw,19730825,7977290,LMXKP5246O,09070860352
rec-2183-dup-0,naomi,matthews,81,tate sqtreet,kawana shoppingworld medical centre,,2192,vic,19821011,1390365,WKNVP1710C,+916664786971
rec-3558-dup-0,,papageorgiou,22,wisdom place,,smithfiel dplains,2350,nsw,19070623,4609754,XJBMP1942J,+917295754194
rec-1417-dup-0,broole,berryman,430,damala street,wallaces ck,glengarry,2460,vic,19500517,9772693,,(608) 090-2275
rec-3322-dup-0,harrison,mattzhews,31,northbourne avenue,,bacchus marsh,2138,vic,19180226,1060187,,09319723262
rec-1131-dup-0,oscar,ovens,15,bennett street,,sheidow park,2606,wa,,3538621,EXBMP4022R,71884-46783
rec-1261-dup-0,isabella,zimmermann,25,lampard circuit,monto carajvanpark,pattersno lakes,2280,nsw,19080814,4093298,HFANP4549M,71852-12150
rec-1267-dup-0,gabriel,is,168,embley street,blueberr yhill,burnio,4551,vic,19111213,4120890,UDEFP0465W,+91 7779103283
rec-312-dup-0,sarah,green,9,mceachern crescent,watchornd hill,southbank,3163,qld,19550529,5453855,USEDP7287A,
rec-3197-dup-0,jack,browne,80,bargang crescent,tulgeywood,carlingford,3163,,19131123,2843200,WGKTP8539R,7929397235
rec-3635-dup-0,kyle,zagar,79,,burundah,klemzig,6030,wa,19400504,1168847,SJQRP0078W,07128154516
rec-3305-dup-0,etjan,,6,blamey crescent,kamilaroi cottage,canterbury,2480,nsw,19490228,6288497,DPSTP2235D,
rec-1322-dup-0,,harrington,35,boult place,,narrsgin,4053,vic,19710705,5786506,DBZZP5888U,07402861040
rec-3606-dup-0,flynn,bishop,16,solomon crescent,,burw ood,4165,vic,19270515,3604457,PKZNP8935X,(820) 107-6380
rec-4045-dup-0,gemma,coulson,,pickworth street,berargoon,beenleigh,2192,sa,19861003,2163031,CAKWP4630J,+916744818836
rec-2098-dup-0,cameron,mcgarigl,42,jardine street,blythealnds,port pirie,2135,qld,19410208,2461277,,+919692837879
rec-4887-dup-0,taylor-saige,tiller,27,macdonnell street,tesbuyr,mooroolbuark,2142,qld,19230531,9914740,EWKHP7980I,+91 7571825799
rec-2892-dup-0,anthony,berry,12,duterraucrescent,mianga,acaciaj ridge,6027,vic,19570618,6807657,WXRAP5980J,+91 9158061626
rec-4828-dup-0,emiily,ticey,6,hazel street,duck creek,cooloongup,0800,nsw,19591017,6058396,JPAHP4043T,8038007694
rec-4567-dup-0,alicia,green,30,proctor street,navan park,eden,2484,sa,19311203,4191587,,+919497848776
rec-64-dup-0,emiily,godfrey,5,federav highway,tannamu rra,bundaberg,4605,qld,19281007,8378813,ZXCIP6M60A,(937) 406-1927
rec-4161-dup-0,jessica,whiet,4,levi place,habitat,carlingford,6054,vic,19691105,8241849,HPENP0046J,(899) 151-6354
rec-1977-dup-0,aidan,morrison,2,broadsmit hstreet,,clovedale,2787,act,19140202,8821751,ABAHP0479D,63697-32620
rec-944-dup-0,zachary,berry,95,leahy lplace,crestkield,shento mpark,6320,nsw,,3631759,ELXYP5882K,09969052333
rec-206-dup-0,lewis,westbrook,14,hutchison crescent,ohio staiton,seaforth,4128,vic,19081217,3566029,KODNP5725R,+917681249745
rec-63-dup-0,max,george,52,bunbury sgreet,doctors flat,coolumbeach,2239,vic,19031106,1932739,LQBQP7697U,+91 7103917473
rec-2378-dup-0,shakirah,van der steege,51,newdegate street,airforce memorial estate,darlinton,3630,tas,19580903,2487904,WQSAP6365J,97665-26639
rec-731-dup-0,harriet,etherington,23,caley crescent,locn 217,emerald,2250,vfc,19140926,3623767,RDXXP0500H,6082147060
rec-44-dup-0,natassia,grubb,224,merv waite stvreet,kookaburra village,currambine,2817,vic,19960704,4790954,ZAKPP3963O,+917156915022
rec-4544-dup-0,kira,everett,,rohan rivett crescent,brindabella spe cialist centre,alice springs,5558,nsw,19371021,8978187,VFEUP8899O,62007-43161
rec-2493-dup-0,baiely,,,way strdet,,,2197,sa,19020530,1525644,LNAAP6195Z,+91 7606817941
rec-774-dup-0,oscae,white,33,scriveners treet,philip centre,caulfield,3046,qld,19090820,3363844,SDNBP1036D,(632) 455-7644
rec-1312-dup-0,zarran,miles,25,jardine sireet,wildefell,franston,2146,vic,19090220,6627892,VVOMP8312G,+918320302736
rec-1631-dup-0,matise,clarkw,10,bootle place,,yarramalong,5607,wa,19080212,7779910,FFIJP2759Y,(613) 269-2083
rec-3848-dup-0,chelsea,sherriff,16,tauss place,,willetton,4680,qld,19221231,6905458,WQNEP4689I,+919970242778
rec-1401-dup-0,compton,dylaen,40,neville place,eagle crest,st albans,6285,wa,19600602,3323170,PCWBP7767D,+91 9803094288
rec-1341-dup-0,harry,cure,4,sugarloaf circuit,beaudesert c aravan park,parkdale,2448,vic,19601222,1947985,SXJRP5176F,+918258137470
rec-3066-dup-0,maclennan,jack,,chuculba crescent,,goonellabah,4017,nsw,19791101,9208099,WIKJP7333V,9954896923
rec-1060-dup-0,belnda,hilton,3,beltana road,villa 2,botany,2171,vix,,6397676,NOKAP8692X,+91 7386565246
rec-3028-dup-0,ethan,barosum,46,moodwood angus stud,ashby circuit,kangaroo flat,6102,nsw,19730330,9626981,VGPZP2317L,08048267168
rec-3021-dup-0,kayla,campbell,12,cockle street,tal ozoby,robiha,2650,qld,19590917,5648700,BGYGP2638K,66192-54119
rec-432-dup-0,alexander,stephenson,319,kinsella street,windyg ully,lalor,5043,vic,19940316,1986381,ZVHZP1357O,7388975426
rec-4855-dup-0,mystique,linedale,8,finniss crescent,kodoootnga,nhill,2795,vic,19160095,3629782,RAXBP3308O,09078030646
rec-3420-dup-0,cowell,ella,73,jabanungga avenue,,woodcroft,2754,nsw,19571124,2648173,ZOTSP8397K,+91 9850112044
rec-1608-dup-0,callum,moyse,7,lynch treet,walkabout palms,brighton-l e-sands,4740,tas,19130714,5145083,AJCCP5811X,+91 7762437621
rec-3826-dup-0,,hannagan,6,boolee xtreet,gowne,invergowrie,2290,nsw,19641216,8090930,ZJDIP9715W,99944-64501
rec-3329-dup-0,vanesa,bishop,7,kanooka street,,cooran,2157,sa,19130914,3823695,IOVSP6683B,+918513366015
rec-2753-dup-0,jessica,osfiled,8,woinarski place,,paddington,7010,qld,19830206,9942050,LZROP9168X,(942) 713-4548
rec-1863-dup-0,chloe,lamacka,32,harriot road,,bongaree,7310,nss,19350813,7704327,MVNTP2851Z,
rec-711-dup-0,oscar,lotwe,30,ranken place,bayview caarvn park,bondi junction,2150,nsw,19710617,6682996,TONEP8908K,91856-50855
rec-4421-dup-0,joanna,needham,238,britten-joes drive,gogulgerstock,albury,5081,qld,19760124,3761376,UINPP4638O,9941305308
rec-4519-dup-0,macormack,kastrappis,41,predd ey way,conce pt,scarborough,3660,nsw,19171116,8170262,AYOAP4877A,9621585220
rec-2373-dup-0,amy,hawes,68,hyne p cace,,mentone,6022,nsw,19400129,5599177,HQFHP6729O,60406-65862
rec-3831-dup-0,katie,kesrlake,5,were tsreet,,narre wraren north,3977,vic,19591030,1600754,MTXDP8962Z,+916233639611
rec-1673-dup-0,angus,ryan,4,shoalhaven avenue,,springw ood,2227,nsw,19641105,2959647,OGLNP7852K,+918596141388
rec-638-dup-0,braddh,jack,14,arndell street,parma farm,mayfield,2450,nsw,19200906,9738539,WJIOP5771N,+91 8231413259
rec-1260-dup-0,renee,brokc,30,maddock place,,ferndale,7268,fic,19760915,4013281,OKDRC2065P,+919929899701
rec-2207-dup-0,lily,aspinaxll,72,farrer street,business ecntre,westbrook,6151,vic,19000214,7074916,UGUXP9310F,9339222232
rec-1247-dup-0,alannah,santi,125,fordepuace,,kyabram,4207,qld,19341230,2296037,1VYFP9841Q,94172-44266
rec-758-dup-0,lilyt,keelty,171,mcgiver n crescent,navan park,port adkaide,3551,qld,19800514,2027365,WTKXP9175W,(824) 105-8171
rec-2345-dup-0,,falting,22,gurrang avenue,glenpp,blair athol,2564,qld,19941202,2319505,XMUUP8271Z,+916467805429
rec-4129-dup-0,nellie,yunupingu,5,pyrie mstreet,affl exian,woongarah,4556,nsw,19480304,8638954,AMFFP3128E,99061-46529
rec-4080-dup-0,danille,sawczak,180,forbes s treet,malay vale,oak park,3431,nsw,19410314,8495764,XVLBP9157Y,74328-19213
rec-1354-dup-0,ella,wilkins,468,hodgson crescent,currandina,ellenbrok,2615,sa,19010903,2654739,CHDNP5079W,8846946687
rec-1817-dup-0,noah,boyle,11,doolandcouhrt,,flowerdale,3163,vic,19260331,7756654,NUJHP2719E,08342808175
rec-4407-dup-0,rebekah,clarke,5,centaurusstreet,country house 5 milton park,dianella,2447,nsw,19120407,9439871,KNUCP1667D,+91 6886958886
rec-2584-dup-0,dingo,juliana,2,lance hill avenue,rosrmount,whitfield,4207,qld,19120203,3093917,RDBBP6166U,+917937411470
rec-3680-dup-0,liam,britten,7,vagabondwcrescent,,alice springs,3046,nsw,19051004,6919659,,+919114453324
rec-1122-dup-0,kaitlin,goldsworthy,54,,,thirroul,2035,nsw,19640517,9127277,BRUUP9268R,06517519931
rec-3186-dup-0,jamie,lansdo,38,dominion circuit,brundah property,southbank,2800,sa,19510314,7802847,ASYFP7808Z,(961) 321-4345
rec-3037-dup-0,jacojb,gillard,25,batchelor street,villa 2,rossmore,3910,vic,19970424,9592273,RLACP3154M,80896-80324
rec-1536-dup-0,dale,shreriff,16,oxley street,brentwood vlge,whitton,2024,vic,19850402,4498530,PVVRP1149N,(632) 160-9742
rec-484-dup-0,nathan,white,11,chewings dtreet,ballawinna stud,oak park,4118,nsw,19981116,2568695,ICXUP7491C,9172592808
rec-1169-dup-0,broyd,longman,43,tallara parkway,,memerambi,7310,sa,19000310,5544163,AWRVP8062Z,(684) 629-4580
rec-2858-dup-0,amber,ryan,38,mcgill street,sapama park,boulder,2390,nsw,19321018,5050790,ZVNIP8857G,9017362051
rec-1269-dup-0,joel,berey,31,lindrum crescent,cloverddne,point lonsdale,2290,vic,19010829,3796385,FNXZP0788B,(649) 406-8295
rec-2033-dup-0,michael,niklaus,170,wittenoom crescent,ainsli w ohuse,malfren,3161,qld,19321127,7254550,CCJEP6221Z,+918554171029
rec-1102-dup-0,cait lin,spong,9,currong street,westgate,vale park,2090,sa,19500508,4742050,QESIP6594G,+91 6491038951
rec-2145-dup-0,benjamin,morrison,2487,noongale court,fairfield waters,st alnans,2840,vic,19520110,9155694,LKEAP618YM,9426027425
rec-4937-dup-0,chelsea,blake,21,chandler street,extnesion,swan hill,2306,,19831115,2342307,WDTMP9016N,8984703317
rec-167-dup-0,jacqueline,finlay,8,nerli place,moon dani,deer park,6084,vic,19831107,6173156,SUCIP1914V,+919657461745
rec-1059-dup-0,judah,clarke,27,duncan dtreet,table m ountain,aspley,2455,nsw,19190222,7875071,,74621-29075
rec-723-dup-0,madeleine,clarek,11,levien street,edith hall,samford,2074,qld,19371012,5699901,YNJPP0196N,09885785555
rec-136-dup-0,emmerson,dolan,339,tewksbury circuit,weefroona,parkside,3216,nsw,19180630,3018384,GDRNP6794O,+91 6976815511
rec-4259-dup-0,samuel,nowers,42,white place,apt2 11,murray bridge,6714,nsw,19970522,8136092,JQCOP9590K,07571132862
rec-3642-dup-0,madeline,mahon,27,medworth crxescent,,roseud,3107,sa,19970711,8911323,MHWMP7431Z,95032-35586
rec-3576-dup-0,damien,ngueyn,107,jerrabomberra avenue,,noble park,2013,wq,19670919,8598019,GXUYP8643D,+91 8864695148
rec-1469-dup-0,tristan,mckinnell,125,lumholtz place,norillje,bayonet head,3939,tas,19730618,7140664,RITDP5614X,08620697700
rec-864-dup-0,shannon,grosskopf,127,noarlungac rescent,bunderry,tweed heads south,3690,vic,19530813,9233063,CTMCP2170J,+917370457886
rec-4951-dup-0,lachlan,alderson,709,mcnicoll street,,exmouth,5435,vic,19381021,4899443,LDPBP9712K,+916593993263
rec-2656-dup-0,talai,petersen,15,callaway crescent,karoofa,hoppers cfossing,4515,sa,19000307,3839840,DSWYP2797P,+919289103443
rec-3463-dup-0,,georhe,15,,wurtulla shooping vlge,naroomj,4114,qld,19430207,5897606,YTNOP3447U,7163784402
rec-3382-dup-0,dylan,neville,445,sewell place,wirringulla,norwod,5038,vic,,5360010,PUTYP3854E,+91 7266804603
rec-2869-dup-0,,hindmarch,12,clisby close,florina park,bondi junction,4043,nsw,19140616,9203492,PBDZP7424S,07359586243
rec-1965-dup-0,el ton,nobel,1,willows trees,molineaux lpace,port v incent,2208,qld,19350729,1466352,BUQKP5725L,+916535725785
rec-2023-dup-0,krystin,pulviernti,16,james sctit close,chateau royal,ashfield,2154,vic,19350408,1694043,TULEP6879U,7373491119
rec-1881-dup-0,ambdr,fitzpatrick,190,maltby circuit,avonleigh,broadmeadows,2489,nsw,19930629,6950798,MUNKN6509E,95872-50043
rec-4978-dup-0,charlotte,ryan,28,monaro crescent,shiilah,fig tree pocket,2538,vic,19590825,3609154,AUASP0343L,+916198824160
rec-514-dup-0,chelea,fitzpatrick,33,bargang crescent,john flynn mefcial centre,ascot fatory,3976,vic,19710526,1038123,NXEIP2717T,(620) 843-4379
rec-766-dup-0,oscar,meadows,5,moore treet,eden prak,karalee,2155,nsw,19900805,7725660,GTBWP0108C,+91 7111583772
rec-4703-dup-0,olivia,campbekl,3,arkanastreet,,moree,3165,nsw,19640320,5484153,HAHOP0507A,7948991048
rec-1554-dup-0,jock,sedunary,466,douglas clnose,,nar nar goon,3015,sa,19970805,3855499,WATLP9036W,+917184368357
rec-4072-dup-0,thoms,berry,3,moruya circuit,glenview,,4077,nsw,19580917,8025349,SJYOP5105R,+91 6379346512
rec-325-dup-0,ella,whie,4,wheatleystreet,glenfyne angus stud,keilor east,6008,wa,19400526,8118562,RLPTP6756G,+919712777173
rec-1647-dup-0,nathan,sieber,21,spowers circuit,,findon,2430,,19681127,8987260,NLAIP1864H,(908) 132-3886
rec-2815-dup-0,april,lock,1,,maf-ue aabians,auburn,5025,nsw,19760203,7696268,ZOHIP3649R,96754-99491
rec-2205-dup-0,nicole,schmook,3,grounds crescent,,logan reserve,3840,tas,19860822,4490353,LBKAP4125G,7544601807
rec-3367-dup-0,tara,cother,13,louis lod er street,apt 16 the village,rowville,4350,vic,19740806,8528296,ESEFP3266K,6739769082
rec-4256-dup-0,luke,everett,,mackenzie street,,terrigal,3075,vic,19961013,5886568,CAOCP4554C,(989) 513-4532
rec-2254-dup-0,bree,beattie,21,kosciusko avenue,somerset cottage,woodend,6210,vic,19460703,1384798,CXQTP1996O,8409915766
rec-2549-dup-0,matthew,roche,67,orchard place,foveauxtreraces,nowra,3850,vic,19040419,6928752,FIRBP1931I,69732-35062
rec-1630-dup-0,amber,manson,370,barada crescent,wiltshier,hawks nest,6070,nsw,19899213,9785319,EWJUP2249L,7138153340
rec-1037-dup-0,luke,mahony,58,scaddan place,weetabella,beenleigh,2830,,19550621,6010361,UWCKP8970H,+916219133149
rec-1080-dup-0,emiily,beams,11,bissenberger crescent,,wombat,4703,tas,,7917828,YSSHP8842J,+91 9509985526
rec-3925-dup-0,adamf,yu,16,wittenoom crescent,ashelo,werrington,2230,vic,19410707,6158700,IWYUP6306H,+91 9165235763
rec-3254-dup-0,xatne,hipkiss,9,luke street,,port lincoln,2122,nsw,19890508,5654602,VFFTP6244W,+91 7400518070
rec-830-dup-0,chelsea,baillie,93,keane tlace,villa 36 sovereign garden,st ives,3875,vic,19040318,3338604,ATAIP6796G,+91 6960398864
rec-4119-dup-0,ryan,mikayla,8,ash place,pepinmarti,paterson,3805,vic,19911024,9918932,UQYQP475UW,07109692341
rec-3084-dup-0,kaitlyn,dreckow,17,currie crecsent,gumview,regents park,2166,vic,19230224,6671690,QUQXP4276C,81131-32763
rec-1243-dup-0,april,snell,87,keartland street,public buqilding,kalamunda,3934,wa,19000422,4988954,BYVIP0686B,(715) 840-3209
rec-4773-dup-0,cain,berry,50,perry rive,,mont albert,4352,vic,19990822,4009274,QXLFP3756Z,+919112313908
rec-4345-dup-0,tyler,pasoce,4,blackburn street,henry kendlal bayside,ivanhoe,4221,vic,19740817,8405094,YSUDP5739D,+91 6869712631
rec-2204-dup-0,jordyn,whiqtd,,,tannamurra,toormina,4700,sa,19051210,6149930,QWPNP1951F,60757-13252
rec-2314-dup-0,jakd,gillatd,121,ethnamf arm,blackbutt street,maitkand,3088,nsw,19590808,1616065,RNAOP5277F,+91 9464500973
rec-3350-dup-0,jacqueline,grillett,10,wandoo street,braemore,tuart hill,2774,vic,19241218,3043851,KNPZP2574I,+919451123781
rec-1833-dup-0,william,matthews,5,victoriaktreet,,hughes,2143,wa,19948031,2176052,QBARP5438K,7225660355
rec-1848-dup-0,logan,dzino,46,marungaliavenue,medical centre,mount victoria,2075,nsw,19841102,5947755,RCTYP0543V,7984436930
rec-2637-dup-0,ayden,wiseman,7,weddin circuit,berkeley vlge,paddintgon,3394,vic,19730419,2258952,DCESP0330K,+91 6455631884
rec-3673-dup-0,jake,trevan,93,pridhamo street,mallarganee,ormond,3028,qld,19960422,5388947,ZNAKP0958F,07645906131
rec-2341-dup-0,kane,webb,23,majura avenue,ly nan,childers,2155,wa,19311112,6223324,UFUOP8776U,+91 8270768818
rec-252-dup-0,cooper,walkley,181,willcockl place,kialba,seven mile beach,2592,nsw,19990209,7199530,HTDVP8526H,+91 7701969756
rec-4126-dup-0,nicholas,leuncg,40,moorhouse street,two tree hill,,3732,wa,19951115,7261271,XIOYP1387Y,(884) 449-8927
rec-601-dup-0,,carbone,38,owen dixno drive,pondeorsa,port au gsta,2625,vic,19860209,7971615,UGNJP2534Z,+919010612957
rec-261-dup-0,erin,gascoigne,35,paul coe ncre scent,curtin house,wangarkatta,3824,wa,19760329,8037688,OCWQP0917R,06059904909
rec-1872-dup-0,max,rei,6,jamieson crescent,locn 2192,unanderra,2031,qld,19980521,3469031,ZZAVP6277C,(900) 197-4189
rec-386-dup-0,bradley,crook,140,jacka tcrescent,locn 1969,south bribane,4380,nsw,19480319,4421582,XFRZP8651T,88260-97494
rec-189-dup-0,madison,warneke,24,hopkins street,urara,ballazrt,2494,nsw,19861016,9508340,DREOPC915G,+917343250035
rec-3325-dup-0,brooke,gillis,72,hutcheson street,twenty-third avenue p harmacy (cnr mawarr,scarborough,2810,nsw,19680205,6797695,JLSFP3827A,84714-16335
rec-2960-dup-0,joshua,edmeades,01,bonney street,,cawarral,3730,nsw,19350621,1358747,AYGVP7955P,(678) 951-2503
rec-1616-dup-0,zac,green,44,bingley crescent,green famf mates,karratha,5087,vic,19260814,7910394,GTJBP5776T,+918376448206
rec-1241-dup-0,lucy,krzemmpek,9,heysenmstreet,macarthur place,sandy bay,3337,vic,19151217,5598578,TPPYP9564T,08024044329
rec-936-dup-0,ebonk,brakel,42,investigator street,emmaus vlge,orange,2061,vic,19180211,3115830,MZKPP8879U,+916580869920
rec-3891-dup-0,,hilton,25,heard street,craiglyn,blue haven,2614,wa,19550612,1212359,IFUSP1921I,75956-70778
rec-639-dup-0,oliver,pimershofer,23,betts place,moondaook,pakenham,3104,nsw,19431226,4369551,HWNEP0554A,+91 9480889118
rec-244-dup-0,tayla,matthews,89,maymaxwe ll crescent,,ascot vale,3810,nsw,19021201,3861456,RNMMP4025E,9581546793
rec-170-dup-0,isabella,stephrnson,38,majura aenue,mafeking,emerzld,2212,qld,19840307,6292167,USSGP7887I,+91 8100406036
rec-1316-dup-0,brianna,blake,44,coranderrk street,,gosford east,2902,nsw,19450710,9837624,WOUYP2337X,(684) 219-2969
rec-4399-dup-0,daniel,reid,2,luehmann street,kia ndra,halifax,3138,vic,19800504,3499915,WRCUP3099Y,+917150102806
rec-1887-dup-0,hayley,maclennan,9,throsby crsecent,alabama,forrestfield,3825,vic,19331030,6913354,YWGOP0388I,+91 9471587814
rec-2307-dup-0,matthw,gartz,60,cromwell circuit,mari-ma farm,holden hill,0812,nsw,19000327,9274478,JCZAP3318V,6667463894
rec-3752-dup-0,logam,green,19,villa 2,langdon avenue,malvern east,3183,sa,19060101,8619374,SHOJP3965C,06672665431
rec-3002-dup-0,,cure,44,eugenia street,marlin cove,potts point,3031,,19290418,7251588,NFXXP5527S,+918324421848
rec-461-dup-0,lucas,portlock,2,mccaw place,greenwood,ascot vle,2680,nsw,19960325,7237519,CKSFP4746C,+919722700454
rec-767-dup-0,jade,markakis,123,la perouse street,brentwood vlge,ascot,3121,qld,19020516,8659304,EQIGP9268G,+917752471830
rec-2015-dup-0,arabella,sors,92,corringle close,mari-ma farm,mulgrave east,4871,qld,19450119,2313601,ZNQUP3613U,8533894372
rec-1324-dup-0,matthiessen,ruby,35,strickland crescent,the willows,harbord,6007,nsw,19430527,7279879,XWQYP3317T,74460-36961
rec-2178-dup-0,jenna,swiggs,24,calder crescent,villa 3,campbelltown,5690,msw,19460420,1866867,BWMRP5510V,79658-17410
rec-1192-dup-0,nicholas,fanraatree,,biddell place,st francis vlge,hoppers crossing,2193,sa,19690803,4228917,EISRP7073T,08049810738
rec-533-dup-0,luke,harrington,1539,macdonnell street,glenmarl a rmb 2563,clovercdale,4573,,19020202,8262052,TTQWP2373C,+919636393453
rec-2118-dup-0,xavier,puldord,53,nicolle pluace,kingaroy garden,findon,6726,wa,19780903,6072382,ILFNP4533U,07786899184
rec-1336-dup-0,max,britten,2,schlam place,gow rie,dungog,5075,wa,19441213,9021437,GOURP2389G,+91 9971899091
rec-816-dup-0,trey,tillre,43,deamer crescent,cherrbyank,campbelltown,2073,sa,19940208,7121752,DKQMP9412E,7859272200
rec-2361-dup-0,stephanie,rasci,9,downer place,vlla 18 pacific bay resort,springfield,3523,nsw,19930112,3232396,WKVTP7486X,87961-01185
rec-1543-dup-0,sophid,isol,,mackiecrescent,,mount cannan,6025,vic,19482025,7268907,CKRKP6828Q,98910-00062
rec-1535-dup-0,madeline,grubb,23,stonehaven crescent,plainh view,macmasters beach,3149,vic,19250127,6770252,DIUSP6414S,7586667727
rec-4906-dup-0,cameron,walls,4,flt2a,carruthers street,tucabia,2036,nsw,19461005,8102234,KIKSP2035B,7250488730
rec-124-dup-0,joel,finzay,3,budyan bcourt,mountain view village,adamstown heights,2095,nsw,19171215,5425013,NWLSP1281O,64550-35441
rec-3995-dup-0,,brooker,464,clive steelr avenue,glenburn,sprinbwood,2046,vic,19100324,5168589,EASRP3545Q,65413-09766
rec-3166-dup-0,brianna,ferris,38,couvreur street,fleetwood,keysboroguh,2026,nsw,19110704,4044151,GZRBP8558O,6612456573
rec-2443-dup-0,stephanie,mason,11,preddey way,combogoolng,parmelia,2605,nsw,19340302,7871353,OAECP0992A,07037360731
rec-962-dup-0,millane,reimnuth,1,agarabi,galloway street,,4187,nsw,,7590245,TQPLP1181X,+91 9585015553
rec-434-dup-0,lachlan,haussen,11,moontaplace,wisteria,burwood east,2166,nsw,19180722,3285099,HAHGP8576H,+919839006194
rec-4880-dup-0,mikaela,webb,18,knokeavenue,lindisfaime,lalor park,3163,nsw,19520804,2143157,SSOWP5276L,80705-69526
rec-1907-dup-0,charlotte,coffey,5,hallen close,,ringwood,2560,,19741217,9493726,,(839) 573-3780
rec-945-dup-0,thomas,bellchmabers,89,carruthers street,milapra,goonellabah,2710,wa,19430311,1603931,UJYWP6337M,+91 7518011766
rec-1035-dup-0,emiily,cambell,12,mokoan place,rosettzv illage,balwyn north,3551,vic,19580917,3440031,LOAUP1954X,+916638629885
rec-3959-dup-0,james,wang,14,levien street,cara h ill,caulfield,2104,nsw,,5857843,BQDDP1099P,(632) 856-8220
rec-187-dup-0,henry,varcoe,4,fox pblace,,malvern east,6051,wa,19440630,4816938,EPSVP1757L,+91 8109168251
rec-2571-dup-0,eleni,bartel,11,weave ll place,motnrose,toowoomba,2063,qld,19090725,4998898,HMWTP8799C,8135706890
rec-4103-dup-0,jack,drozdowski,8,kardang sgreet,gowrie,point samson,4670,nsw,19070912,1172421,ULVOP7352E,85341-08078
rec-1258-dup-0,ojck,clarke,8,heritage road,rocklea,manly vale,2540,vic,19000505,8245647,RAGYP0824R,08769153700
rec-2994-dup-0,edwarvd,horstler,42,badimara street,carrington garden,clovelly,2086,qld,,3242408,CSUAP8292L,9042573843
rec-1088-dup-0,bethany,belonoha,17,carstenszn street,greenh ills,samford,6023,vic,19870512,9824396,DVADP8779K,(878) 649-9830
rec-3654-dup-0,raquel,vandodneren,14,clift crexcent,albaredo,maryborough,5113,nsw,19591023,7083852,LGMIP1667E,+918387562250
rec-2990-dup-0,harrison,burford,30,de salis street,gwanldan,molong,4105,vic,19511229,5011476,BRZZP4251L,+919944135712
rec-3465-dup-0,jaggah,ryagn,105,hirschfeld crescent,,kurri kurri,3170,tas,19871017,4660081,RAGNP4836Y,+919649606148
rec-4530-dup-0,christopher,elrick,1,longmore crescent,sherwood,maribyrnong,2283,qld,19320515,6739254,PPYEP2305I,09487237092
rec-1111-dup-0,kyle,rewe,20,moorhousedstreet,,blacktown,5540,vic,19091121,8852766,CKTEP2886O,+918095356265
rec-4938-dup-0,lushia,mason,26,mcdermott street,tundawra,balwyn north,2099,nsw,19261204,6453135,DXLHP6065J,+91 9464876444
rec-1722-dup-0,zachary,mccury,9,blandon place,dina,mirrabooka,4171,nsw,19771202,3404376,FJWSP2625P,(981) 566-8612
rec-4497-dup-0,benjamin,doal,3,leahy close,killarney,rowville,2430,vic,19371003,6069398,AQPEP4818E,8265769481
rec-4913-dup-0,nichola,morcom,13,mcbryde cerscent,phillip lodge,toowoomba,3364,vic,19360608,3103859,DVDVP3870X,06039849421
rec-4116-dup-0,,wheatley,65,kalga,slessorcrescent,batemans bay,6014,wa,19380508,5827434,CNOMP3918W,9547190439
rec-1884-dup-0,thomas,egan,9,theiron farm,elvire lace,parkside,3042,nsw,19380131,6564635,OZZEP1168D,(703) 114-8782
rec-3942-dup-0,tana,campbell,34,dunsta nstreet,,katheirne,6015,qld,19810623,8339362,BAOLP6097B,(872) 841-5195
rec-2425-dup-0,jasmin,kammermann,12,edman cl ose,targonga,berkeley vale,6028,nsw,19000812,3954979,HACQP5153L,9781504866
rec-1712-dup-0,christina,taute,30,casson street,old mia miak school,swan hill,1261,qld,19461002,1050753,KWXQP8221V,07411284546
rec-3045-dup-0,talgiah,carmody,37,carstensz street,frank jeffrey hostel,blakeview,3095,vic,19940123,8622255,,(863) 536-5711
rec-266-dup-0,megan,kristalyn,6,balfour crescent,sunnyview,gnangara,6163,vic,19200816,6619419,STQIP2711W,93512-33312
rec-630-dup-0,david,pestka,95,tadgellplace,belgrave,abbotsford,4717,nsw,19980517,5698675,NLKPP9891B,+91 7691997138
rec-1380-dup-0,kyl,cochtane,,fernyhough crescent,openshwa,bundzberg,2611,qld,19060519,9565296,JDTRP0364Q,+916687720247
rec-4073-dup-0,arabella,hallmaier,147,knoke avenue,glenviuw,st kilda,4017,wa,19940308,7879377,EIELP2022L,+91 6375069031
rec-3455-dup-0,matthew,frew,23,bindels treet,ascot park,bunbury,2234,qld,19330523,2214288,FSU4P6122P,+916722230963
rec-4008-dup-0,nicholas,geore,36,hedger street,brentwoogdv lge,dover heights,2500,wa,19470803,8827430,HTQIP4487T,+916440363290
rec-4181-dup-0,nicholas,singleton,,lanle square,henry kendall bayside,malabar,4560,qld,19430819,7737769,GSIXP4018J,(959) 172-1578
rec-3987-dup-0,thomas,orchard,,maribyrnong avenue,thebroadwlk arcade,huntfield heights,6210,vic,19841206,1818117,DLLQP4717A,+916308760201
rec-1698-dup-0,joshua,choi-lundberg,31,vest place,,leslie vale,7000,qld,19380903,1002096,GZFGP3733O,+916088172446
rec-2591-dup-0,,haythorpe,60,heard street,kangaroo groun dwarrandy road,rosbeud,6149,nsw,19010708,6149528,PFVGP6892A,
rec-2897-dup-0,sam,rogan,36,kanooka street,colibna glen,balwynn orth,3280,vic,19380721,4941592,FUZPP3659P,+918809891677
rec-4984-dup-0,kyle,campbrll,12,fawkner street,the mews royal hotel bldg,ormond,4140,nsw,19631111,6974163,ETGJP4855L,78937-41835
rec-488-dup-0,michael,sei,49,spain place,heritage est,carine,3802,tas,19520914,7908615,IUCCP2756H,09346619429
rec-4793-dup-0,joshua,marcwta,5,crofts crescent,broombie stud,taringa,6009,vic,19740218,5842286,ETDDP3236X,78575-75494
rec-3980-dup-0,nellie,clarke,147,,wee roona,christies beach,5345,sa,,3099429,TVIOP7218D,07059157523
rec-3473-dup-0,emiily,geraghty,75,mundine 30 km,sidaway street,berwick,2084,vic,19480422,5034488,WTQNP6441S,87868-89696
rec-1933-dup-0,,toms,31,weston street,blue hills,kelmscott,3304,qld,19930802,6211133,UHABP0430H,09373032767
rec-4192-dup-0,jakc,couzens,33,macgregorsutreet,carrama ridge,hastings,4560,vic,19481027,8436523,EYMOP8527X,+916357599994
rec-3519-dup-0,brock,matthews,14,blamey crescent,waverley lodge,toowoobma,3205,wa,19490214,4338969,VLOLP3823K,96398-79547
rec-217-dup-0,chloe,rawlings,19,,mortlac h,bicton,7024,,19520707,4200847,PYIGP4880G,88077-79801
rec-2759-dup-0,fergsu,byers,170,marlock street,grammar school,west croydon,7011,sa,19350908,6065967,UMVTP8064S,7116470052
rec-236-dup-0,hamish,mason,7,langdonavenue,stokes crossing,yarrambat,4060,tas,19010712,6379466,GJKNP0235U,06264430061
rec-435-dup-0,harrqy,wilde,55,blythe c lose,marsden,ballarat north,3058,nsw,19270322,8514644,CJAGP4052J,(963) 028-2444
rec-2510-dup-0,harriet,clalrke,6,tanumbirini street,r s l rertmnt vlge,burleigh waters,2305,nsw,19590810,5578997,SSEGP696EX,72927-82755
rec-4424-dup-0,jack,bartel,103,baileyplace,killarn ey,christie downs,2228,nsw,19060229,7898705,YYEUP6773R,+91 6354992550
rec-4876-dup-0,jade,collinson,58,temperley street,dialbo,craigmore,6722,wa,19660421,7496155,CXIDP9009Y,+916191964989
rec-1124-dup-0,lily,clarke,25,emerton street,eight yile,woodville south,4223,nsw,19690612,4559335,HZBJP2644B,69547-40475
rec-697-dup-0,samantha,coady,5,michie dtreet,tallaranie,minlaton,5024,vic,19951116,5201652,SVTNP8144G,6645511382
rec-3751-dup-0,annalise,vorwasi,94,millen street,blacksdane private sanctuary,milawa,3106,qld,19700321,8035200,OKLEP2939U,84415-41553
rec-4976-dup-0,teaha,kyriacou,17,iron place,,tambo pper,2783,nsw,19720829,6810695,EOJFP7331K,7825203373
rec-4167-dup-0,hand,zarlia,2,quiros street,naranda,arana ihlls,2250,st,19101225,1904897,GKAMP5743C,+919847112073
rec-2821-dup-0,toby,grosser,52,moulden court,burnie thompson park,ulversyone,6258,nsw,19141208,6723789,BJHQP5555E,+91 9371006308
rec-2016-dup-0,mason,leo n,545,hawkesbury crescent,doubtful ck,ballina,3138,qld,19541005,1583491,JOKBP8249R,+91 8542964143
rec-3301-dup-0,vanevssa,bishop,5,pethebridge street,willaroo,burnett heads,6167,qld,19780125,9592570,YKBDP5569Y,66185-08081
rec-4645-dup-0,xanthe,fullgrabe,7,learmonth drive,,toowpomba,3803,vic,19841012,7525802,NTHSP6351C,
rec-2230-dup-0,saprgo,rory,34,stephen tsreet,,beaumont,3550,vic,19930424,5396235,MDVJP0431T,(663) 705-7749
rec-2545-dup-0,ashleigh,whitxe,34,hutchison crescent,harefipld,east hills,2354,nsw,19261003,6850999,UCXQP6321Z,79035-59166
rec-3368-dup-0,campbbell,richmond,37,kitchener street,reynolds dale,whitebridge,2115,wa,19440523,4917696,QPKBP9351W,08773763034
rec-4746-dup-0,gabrielle,fargahry-tolba,11,northbourne avenue,pia place,st georges basin,2011,vic,19640424,7326839,NILSP7208F,+91 6476867952
rec-595-dup-0,lucas,portors,6,ballard place,mari ner views,noble park,4061,wa,19381227,6890246,VYBUP0418M,+91 6172747047
rec-926-dup-0,abbey,matthews,10,villa 19,farrer street,clarkson,3044,nsw,19930605,7624788,CNXQP5579E,91550-23129
rec-3073-dup-0,catherine,bartel,9,tyson street,rosedae,,2650,,19080828,9115067,IHEQP2189V,75392-35554
rec-3611-dup-0,cooper,clagrke,2,poynton street,,dapto,2479,vic,19871109,4405327,BWRQP7917D,7412768466
rec-3869-dup-0,willkam,green,01,callistercrescent,villa 2,burrum heads,3078,sa,19101126,6887725,MFTXP8527L,06290153366
rec-1189-dup-0,nicholas,okeyl,,hannan cescent,baroona,taree,5244,qld,19350522,2534430,OKJEP7884W,+917467951906
rec-3147-dup-0,mia,white,40,dyson street,dishley farm,elsternwick,7249,sa,19410125,1462412,RWWFP5246T,08181374216
rec-4145-dup-0,william,kempe,55,dallachy place,yarraah,keysborough,5043,qld,19280103,8619692,FHUSP5336F,09183480927
rec-3500-dup-0,angelica,colemna,31,,the briar patch,semaphore south,4035,nsw,19150104,1940066,HZQZP4108G,81707-26182
rec-4460-dup-0,rees,aidan,27,ferguson ircuit,,camp hull,4502,nsw,19060524,3860536,AWFTP9329H,9436452123
rec-3977-dup-0,oliver,compton,8,moncrieff street,,shell cve,6153,nsw,19531025,5548627,,09560972909
rec-4968-dup-0,madeline,switalski,14,clarendonstreet,lawrence house,belmont north,4034,qld,19710420,5929235,DNZIP3096L,+918047610316
rec-2745-dup-0,clain,jeffries,12,thurlow pl ace,hawksview,mount ekiza,3930,qld,19060706,8877669,PLVKP2858R,
rec-3646-dup-0,date,lowe,16,light street,tullatoola,kingsthorpe,2122,nsw,19970128,3816506,KNTZP6163J,94406-65867
rec-1875-dup-0,waller,kelsey,223,wentworth avenue,,kelmszott,4550,vic,19460105,8991832,EDMTP7192A,+91 8875050101
rec-1184-dup-0,connor,paine,10,adair strret,,warre n,3194,,19140306,5213108,PLAHP7177G,85345-54944
rec-4966-dup-0,lauren,green,8,howe cosecent,,suffolk park,3215,nsw,19980822,1363900,NQNEP3783E,+91 7537963236
rec-3530-dup-0,lucy,millar,,duffy street,burtons lookout,wyoming,2325,sa,19171121,3254520,,7212246270
rec-4997-dup-0,kabe,george,351,gosse street,,minnamoolka,4061,vic,19571204,9672476,RWBSP7589Y,+918035389268
rec-2844-dup-0,lachlan,fitzpatrick,131,,everbreen,malvern east,4715,act,19570909,5173073,YLZYP3180O,(790) 199-5509
rec-754-dup-0,raquel,staude,44,ebdens treet,,terrey hills,3087,nsw,,2866688,XUPHP5485J,7702297831
rec-3613-dup-0,ebony,van heds,34,bellinger c ircuit,moargo,robina,2411,nsw,19040204,2780788,PTYIP8420G,84045-47318
rec-4128-dup-0,stephanie,noble,31,page dtreet,brentwood village,kogarah,5295,nsw,19800617,4763017,FZMYP4414H,08971111826
rec-2083-dup-0,felicity,white,11,froggatts treet,rsm 849,keilor east,3132,nsw,19060724,9227304,HQESP5183Z,+91 8807497598
rec-4515-dup-0,monique,novak,8,garanya street,bells hills,dianella,2611,vic,19050719,9734143,TERAP4344T,+917256137414
rec-4412-dup-0,jarryd,rei,105,bauhinia street,sherwood,bundaberg,0812,qld,19630527,8120709,LXCZP3528O,+916367275312
rec-1440-dup-0,cameron,van geel,10,manity vourt,river mews,seymour,2444,sa,19100427,7319687,,+91 7501131354
rec-3207-dup-0,jacob,blunden,31,hilde r street,brentwood vlge,campsie,2566,vic,19120207,5419000,FKKIP8303N,+91 6315664865
rec-1369-dup-0,solomon,wasson,37,hewlett circuit,utopia,mermaid waters,3021,tas,19840211,4681625,NQBHP3384N,(860) 518-4717
rec-3172-dup-0,racehl,dinh,12,kidstoncrescent,,,2560,wa,19140331,1015158,HXLFP0819X,(981) 679-4770
rec-2189-dup-0,nathan,sells,2,yachting towers,vickery street,magill,3223,nsw,19240701,6367815,OHDRP6954C,06876026850
rec-1263-dup-0,jacob,ryan,5,wheeler crescent,melrose clinic,cooaroo,3198,nsw,19581209,8497762,MOIBP4024C,(659) 689-8813
rec-3122-dup-0,lillh,millar,,castlereagh crescent,berkeley vlge,orchard hills,2285,qld,19350722,6991931,BBIKP1246J,7557784330
rec-4860-dup-0,douglas,fitzpatrick,16,booroondara street,shadoof lodge,toodyay,2148,vic,19050428,2826631,FRVAP3093U,9023772222
rec-1490-dup-0,matthwew,apted,18,atherton srteet,currumb in hill,port macquarie,3183,vic,19590825,9425976,QOUIP3290X,9938840771
rec-3340-dup-0,ja cob,green,1,stricklancrescent,,hectorville,4655,nsw,19660623,4867426,HDGPP6657H,73807-00846
rec-714-dup-0,emiily,zeck,98,garanya street,rowethore,reynella,3226,wa,19000603,9875041,HWRLP9483H,06261481811
rec-2162-dup-0,chloe,kammermann,12,mcbryde cescent,,dural,2134,qld,19251019,7777606,AHKWP2452X,09330956831
rec-901-dup-0,daniel,grainger,24,holden croscent,,riverhills,5353,nsw,19441009,3864352,BVSUP3205P,06075656206
rec-2561-dup-0,lexie,myles,11,crozier circuit,kangaroo grnd,valentine,3805,sa,19600069,9749283,VQZTP0423P,62258-17874
rec-658-dup-0,david,hobsson,14,vagabond cfescent,dugout 65,patterson lakes,4880,wa,19010305,7666240,TAPDP5667R,8164126705
rec-3643-dup-0,michael,stagoll,65,tyson street,bypass road,cleveland,3150,nsw,19190521,3941516,UUWCP4249K,+91 7358137523
rec-3999-dup-0,sarah,roller,,wrixon sireet,weddinview,kedron,4306,qld,19190420,4429848,XVSHP7333C,82121-30579
rec-351-dup-0,chelsie,maczkowieck,24,kleinig street,brentwood village,morpeth,3008,nsw,19490204,3912484,CNOQP2822L,(728) 712-8070
rec-2157-dup-0,riley,bishop,15,hyndes cr scent,vill a 2,toulkey,2641,qld,19741020,9752897,KJYMP2383T,(877) 220-3688
rec-3957-dup-0,samuel,,96,duffy stireet,bogandina prop,lavington,2121,qld,19690309,4678214,RLBPP5018C,+91 7502554573
rec-3623-dup-0,taalia,clarke,4,notting court,aboriginal nhulunbuy hostel,lindfield,2195,qld,19260303,8505822,ECUQP0599P,69257-40673
rec-1798-dup-0,pa cse,berry,28,sadlier s treet,windella downs,nunawading,2135,vic,19170713,2158184,GAUOP3485L,(927) 665-0808
rec-310-dup-0,amber,white,13,bateman street,lakewood estate,dungog,3207,qld,19671129,7353997,YZHLP5572V,+916755501209
rec-2721-dup-0,tristan,yani,4,bage place,flt 10,glenbr oko,3856,qld,19010515,2833733,OQGOP0271Q,(656) 778-7726
rec-4918-dup-0,christian,la rance,18,tristanxia street,the swamp,mermaid waters,6020,nws,19580426,2857093,TVDZP8736M,(632) 592-6630
rec-4041-dup-0,alaiyah,stephenson,61,captain cook crescent,hd tiparra sec 333,nhill,3204,act,19050712,2912030,UGISP4601C,(658) 326-7269
rec-2446-dup-0,brooke,homles,,yiman street,high valley,camra,5043,nsw,19360812,5450160,BGIOP1787E,96565-56867
rec-4245-dup-0,mia,leane,3,hobart avenue,budgerie,ballarat,4608,nsw,19841029,4638734,QZJXP4143B,+91 8467419450
rec-3250-dup-0,emiily,rau,8,sims place,hobbit hole,pappinbarra,3141,tas,19530208,6681232,EMOKP0457V,+919472993768
rec-1824-dup-0,liam,webr,559,george street,,newmarket,4505,qld,19950329,4718403,QCIUP2461A,9614172196
rec-1951-dup-0,emerson,whiteway,1,westhoveg street,,brigthon,3356,vic,19430528,8932147,,+916534978544
rec-146-dup-0,oliver,berry,18,mcgill s treet,,bayview,3082,nsw,19720119,2589280,CBYMP1590I,+917510819376
rec-4019-dup-0,jaci,rei d,12,withnel lcircuit,zeevoo,hawthorn,2576,qld,19430103,3187380,DKCTP6008K,+916369010270
rec-4389-dup-0,simone,,31,girdlestone pcircuit,split solitary caravn park,exmouth,3016,nsw,19960610,6137393,TJSCP089SQ,6111009599
rec-2384-dup-0,,mcigrr,1170,graham street,hopedield,yangebup,3414,vic,19060702,7139205,KXLIP5535D,+91 7965123913
rec-1633-dup-0,nicholas,matson,,stephen street,taylors crevk bridge,cowdll,2474,vic,,3182512,LCZOP3424I,+91 9275397977
rec-2400-dup-0,breeanne,ryan,183,waterman place,horse aprk,cronula,3976,nsw,19620814,8743474,EAKCP6625L,+917664285172
rec-2115-dup-0,pearson,shepherd,13,de graaff street,,beverly hills,2650,vic,19020705,6334586,RWAPP1166F,+91 9037967722
rec-1759-dup-0,jake,bradshaw,75,,bendigo retiresent village,brooklny,4171,wa,19040628,9605426,WYKOP0986H,+918197289321
rec-1614-dup-0,,schmick,15,hosking place,,st kilda east,2600,vic,19611218,2565922,URHBP0442T,+917357891353
rec-1925-dup-0,nathan,simmonds,86,aspinall tsreet,southwold,,3556,nsw,19230105,8217104,RABXP2370L,(930) 760-8289
rec-2058-dup-0,kody,nguyen,2271,cromwell circuit,edellen,braddon,2240,nsw,19610602,6452495,ATXSP6465Q,76819-19741
rec-3585-dup-0,mikayla,malloney,37,randwick road,avalsnd,hoppers crossing,4552,vic,19860208,7207688,IRKXP4225I,98329-50016
rec-4608-dup-0,grene,paris,19,,glendower,frankston,5159,,19291117,7101331,OUUFP3864F,+916116317176
rec-1220-dup-0,lauren,welman,6,tewksburl circuit,heritage estate,evans head,6330,nsw,19840930,9462453,UFKEP8982A,+91 7991714420
rec-3879-dup-0,liam,dixon,,wallaroo road,shad ycreek,south wentworthville,6210,nsw,19750926,4225223,SEINP9831W,
rec-3828-dup-0,iain,berryman,95,clarey crescent,,verrierdale,3074,wa,,1720109,PIWZP7273M,86124-17229
rec-4961-dup-0,jacob,careless,33,,bolaro,eden,6059,wa,19770706,7248157,KOBXP6323M,+91 8641643976
rec-1920-dup-0,mathilde,cookson,8,shakespeare crescent,burraahg,safety bay,5158,nsw,19570319,4257072,TQJLP2016S,83338-11052
rec-1999-dup-0,aimee,fitzaptick,21,dodwel lstreet,dusty corner,midvale,5083,vic,19141108,9581574,AYNNP7282I,+916102018927
rec-4975-dup-0,sheley,greeb,122,edmondson street,green desert,tannalo,2145,vic,19101201,9171137,OUVGP2760F,
rec-3417-dup-0,ell,campbell,873,connibere crescent,albion heights,bronte,4078,nsw,19591030,8840175,HGFTP7043R,
rec-2823-dup-0,james,worsleyw,1,pike p lace,melaleuca,broadmeadows,4818,nt,19651211,6697804,SQAHP48938,(990) 185-8075
rec-1898-dup-0,croker,willism,42,belmore garden,norellen,stephens,4207,qld,19190108,9397232,SUNPP0726S,81957-17847
rec-1402-dup-0,flynn,guduguhtla,44,ballumbir street,coolibafh,terranera,6057,nsw,19211004,6413064,HLTGP4290B,95940-53226
rec-1624-dup-0,henry,martinello,48,fred lane crescent,coo rabil,northawpton,2794,qld,19410617,4721399,ZSZMP7697R,(874) 371-2926
rec-2944-dup-0,waller,caleb,32,fowles street,jandarra,mill park,2735,nsw,19460702,8515576,QWUXP9769M,09566510138
rec-3043-dup-0,jasmine,runle,1,elkedru close,clairemont,maryborough,5081,wa,19231231,9749288,JJLPP3576L,+91 7336351881
rec-2888-dup-0,micaael,headon,6,buvelot street,erins rest,para hills,4670,nsw,19400211,3673837,PIYUP9058O,+917893752626
rec-773-dup-0,john-paul,conrick,,marrakai street,gummin gummin,cantexbury,2263,qld,19651203,6164537,DHBEP1648C,7621531050
rec-4767-dup-0,thomas,macphail,33,rose scott circuit,glen ayre,stuart,4000,vic,19021218,6364936,SQMFP9525Y,7063196659
rec-3269-dup-0,lavokovic,lucy,8,hobartplare,,vermont south,2761,sa,19900925,4722145,PBGBP3975F,61237-28269
rec-1021-dup-0,nathan,rees,5,lucy gullett circuit,tintmgel,pascoe vale south,4112,wa,19210220,6141854,KNLQP3974W,79866-11548
rec-358-dup-0,gabkel,etsclurt,3,banks street,the mews royal hotel bldg,renowu park,2541,nsw,19210501,3783783,XZVAP4658H,06311622246
rec-4355-dup-0,michael,fullwood,8,dixon drive,tewanti nplaza,wanneroo,2831,qld,19670523,9672570,CCJYP4791S,98337-56108
rec-906-dup-0,anthea,,1,priestley place,old afrm,ingleburn,3220,qld,19611202,5884746,NQMZP0839R,(758) 313-2208
rec-4498-dup-0,heather,campbll,15,maitland street,southport retirement village,yinnar,4740,qld,19130206,4429120,AQLCP9774U,09120153277
rec-4604-dup-0,caitlin,morrisln,8,augustus close,,clarkson,4170,nsw,19130704,9362649,XJMLP0937Q,08825163685
rec-2946-dup-0,tayya,vandelaar,122,boehm close,florina park,port macquarie,2077,vic,19210928,9424556,SAWXP8260G,(629) 092-6315
rec-3758-dup-0,jesher,timothy,,hackett garden,narraburra lodge,killara,2283,vic,19000601,9949289,QAZYP1737G,07454131066
rec-785-dup-0,william,egan,9,eve place,alawah,toowoomba,3377,sa,19040522,1160317,NUXTP0839X,(706) 696-4727
rec-387-dup-0,alexander,eglinton,16,grampians street,ben hill,birkebhead,3885,vic,19700511,2618040,BHDRP0607L,+91 9255073696
rec-1530-dup-0,jordan,reimrr,12,,brentwood vlge,avondale eights,2216,nsw,19010306,3313488,WDABP2631P,9998323915
rec-1225-dup-0,hayden,ballantyne,13,,,young,2077,nsw,19330812,3414771,RSXNP1691E,09875637019
rec-2813-dup-0,georgia,rees,40,maclaurin c rescent,,fullarton,6323,nsw,19210305,8872435,MGGCP2362F,89711-94840
rec-2504-dup-0,luke,ayres,18,longstaffv street,locn 8200,salisbury,4161,wa,19290207,3550340,GWACP9497I,7433868480
rec-395-dup-0,casey,white,27,dolling crescent,sundowner centre,sprinwgood,2444,wa,,8939482,EVSWP7300I,(812) 222-8757
rec-4934-dup-0,harriet,roles,12,clare place,taskers village,hayborough,2088,nsw,19620604,6836262,ERUXP563GD,(731) 355-4459
rec-692-dup-0,tiahnee,excell,33,,normanville mews,watsonia,2076,nsw,19971223,5973196,SZWTP5524P,92005-52681
rec-2078-dup-0,abbie,green,25,chisholm street,lazy acres,balwyn north,4413,aw,19630816,8182676,ZBBXP4280W,+91 9394518423
rec-742-dup-0,jesse,rankine,977,mcgivern crescent,min oru,salisbury heights,4228,qld,19720216,2225890,WOIDP5308G,08933787097
rec-850-dup-0,sean,sivipur,44,clavert place,brentwood vlge,williamstown,4701,sa,19990601,2158120,,07039139919
rec-4554-dup-0,jamie,wardl,1,shakespeare crescent,youralla,harris park,2720,nsw,19990726,4283536,USHZP8906O,+91 8766650631
rec-4462-dup-0,crosswell,cooper,8,ranken place,yambira,,3018,tas,19430711,5534097,PJRJP5847X,+916456688262
rec-2956-dup-0,harry,matthews,205,ferguson circuit,,herberron,6722,vic,19690515,5231050,YNRBP3586K,+918902755331
rec-4835-dup-0,tristan,thonan,,solly place,leisure living vlge,booragul,3356,vic,19640221,9034172,QMUMP9699N,82765-04146
rec-3733-dup-0,jacobie,meaney,32,maitland street,norty arm,sandgate,2110,nsw,19820219,3123016,MTXGP8415O,(999) 820-5217
rec-4220-dup-0,william,nguyen,52,tantangara street,anzachouse (cnr archer s street,kingsthorpe,2580,sa,19341203,9928610,FYABP5140O,9571957223
rec-3762-dup-0,kai,wilczke,83,oliver street,appleglen,toowoomba,7285,wa,19290502,1878744,UCUEP3596Q,+919568703255
rec-4063-dup-0,aiden,roche,48,eppalock street,elmwodo,port lincoln,4573,wa,19400329,7028007,QJKJP1916N,81680-59409
rec-540-dup-0,mitchell,shepherd,341,richstreet,,balhannah,2077,nsw,19500430,8291804,PGLAP8438M,94527-62862
rec-3139-dup-0,caitlin,coxaon,144,evergood mclose,blue gum park,smithfield,3109,act,19160701,4213502,BXWFP6590Y,
rec-2343-dup-0,reegan,noble,4,kauper street,poplars,carlinxford,7173,vic,19501211,7621584,NLQUP0084L,98580-51918
rec-214-dup-0,elki,webb,33,max henry crescent,willow s trees,corio,2077,nsw,19711211,7999700,UIWSP2090X,+91 9476647026
rec-84-dup-0,georgr,de oar,30,gungurra crescent,black snake creek,exeter,2430,nsw,19051129,2671881,EDTPP7434L,+918666998602
rec-152-dup-0,lewis,portlok,11,english court,,burwood,2452,nsw,19240603,6036701,LVOYP4227D,+917309376088
rec-4726-dup-0,raquel,,11,windeyer street,kookaburra village,reveaby,2134,qld,19850128,1770895,SSTGP0032L,6053961801
rec-3359-dup-0,dylan,needham,41,eucumbene drive,,carrara,2456,nsw,19750722,2780577,NVYHP40J6R,6533157184
rec-2751-dup-0,baeu,vincent,18,tryon street,springg rove,rosslynqpark,3174,nsw,,8217970,YGVUP2756H,(622) 365-3614
rec-307-dup-0,macey,pasczoe,9,macrobertosnstreet,,highett,7320,nsw,19470710,5499383,INRFP3472V,(742) 060-3736
rec-2827-dup-0,mya,hoffman,757,cantor crescent,,kallista,5033,,19440312,2516740,CETPP2522V,63645-67384
rec-3505-dup-0,charli,soden,37,stockdale street,,com,3028,nsw,19030206,7856242,SUHOP5360I,09807235834
rec-2089-dup-0,william,white,33,downesb place,,normahnurst,3057,sa,19970306,9053801,CXPZP7742O,(760) 635-6840
rec-4107-dup-0,br inlry,ho,6,vickers crescent,parks cottage,greenwith,2166,sa,19311119,9420562,DDLGP8470M,
rec-174-dup-0,xanthe,rasic,16,anice-ohn,ivo whitton circuit,mulgrave east,2330,vic,19520527,5541516,MIPCP8856C,74053-65356
rec-1607-dup-0,sarah,lanyon,48,torrens street,boxwood hill,taree,2217,tas,19220722,6534862,LXNMP2892D,71262-08046
rec-4625-dup-0,joshau,seddon,1,murranji street,parkridge villa,slacks creek,2650,qld,19090214,3661114,CEJXP9925H,06851010593
rec-2501-dup-0,emiily,haggett,788,tullaroop street,padgee,cooloongup,2640,nsw,19030519,7983751,HWWCP3066B,(967) 740-0205
rec-1155-dup-0,jessica,mayer,25,dugan street,,nambour,6056,sa,19340201,3346974,FBVXP3419J,(912) 533-9655
rec-1788-dup-0,,durbridge,64,macarthur avenue,little pddocks,albury,4680,nsw,19820308,4922810,KLJKP7505D,+918080325708
rec-2396-dup-0,christopher,menzies,39,,kinglake central,malzern,2621,nsw,19180721,8813225,XNQRP5843A,+91 6813007823
rec-1178-dup-0,rachel,dinnison,14,canopus crescent,,barrack heights,3221,act,19410510,5292435,GBRQP5706R,7603974314
rec-2525-dup-0,vrin,excell,15,waller crescent,,,2359,qld,19460622,5466287,SUFZP7839F,+91 7721057973
rec-3348-dup-0,blake,milesm,147,traeger street,cabrini medic al centre,port noarlunga south,3130,nsw,19811230,6803144,OEXIP7345L,74144-22930
rec-3982-dup-0,grace,seib,24,landsborough street,rainbowdowns,como,2641,vic,19760603,8191813,APUMP7098C,+91 7888059539
rec-1157-dup-0,,kubenk,35,araban asreet,carrington retrmnt vlge,revesby,2212,nsw,19901231,6501846,XJSVP8211T,77617-47749
rec-1707-dup-0,giorgia,smallacombe,10,dundas court,somerton aprk,glengarry,4106,sa,19990313,6652739,XUEDP9543G,06691495109
rec-2069-dup-0,olivia,lackher,9,douglas splace,,dalby,6324,vic,19830328,9889496,MBZPP0670L,(728) 961-9129
rec-383-dup-0,angus,tiller,1,,rosetta village,chelsea hieghts,3020,wa,19170409,8677579,TBIBP4950Q,(680) 084-9550
rec-4981-dup-0,matthew,gulliver,50,malcolm olace,,sefton,4817,nsw,19790129,2462951,HPKJP3310N,7457173199
rec-2792-dup-0,anita,afflrd,19,andamookastreet,,lilydale,5631,,19391104,6863258,XRWKP5295H,94380-40493
rec-1779-dup-0,brooklyn,whitwg,362,o'loghlenstreet,mirrimbah,toowoomba south,2259,wa,19410904,7203795,GJSPP2714H,06483442570
rec-4679-dup-0,christopher,calow,8,talbot srteet,cliffney park,waterloo,4173,qld,19820525,8644857,TTLTP8038B,(909) 566-4101
rec-1420-dup-0,sam,grne,43,leita court,strathmore vineyard,geelony east,4350,nsw,19040618,1956745,EVGLP7140B,+91 9084508258
rec-2562-dup-0,katie,binns,50,,carranta,,3216,qld,19031119,1179767,QMNQP1935K,6194016298
rec-4174-dup-0,shai,lock,20,arabanajstreet,kyeema vineyard,melville,6065,vic,19820129,9117058,,9319278817
rec-2335-dup-0,lily,webb,274,conlon crescent,strathalancommunity,oakleigh,2050,vic,19920411,8994352,GDIXP7752L,+91 7559214844
rec-1214-dup-0,mitchell,matthews,21,kulgera s treet,the willows,north beach,4109,vic,19590701,8051712,IAFTP9075X,09491408495
rec-4204-dup-0,joshua,webb,1,gundulu place,shire clerk,greenowod,2583,wa,,7883180,ENOZP7212R,+917273560094
rec-3711-dup-0,abii,hedaux,26,sparkes llose,will era,bribie island,5322,ss,19390824,1171524,LQBCP0082X,(674) 101-5377
rec-1404-dup-0,reuben,clarke,284,rischbieth crescent,ocean pines caravn park,blakehurst,2304,nsw,19391117,3232193,QUTKP2484J,07776215365
rec-4640-dup-0,,berry,276,cooranil,victoria street,bayswater,3166,nsw,19250620,3866668,UNOQP3729V,09958740586
rec-1573-dup-0,dam,hage,1,woodlands surgery centre,sweet place,port macqyarie,3206,qld,19430116,1799750,YFGAP4494D,06030972364
rec-222-dup-0,adele,shorrock,116,mack street,manor park,connollt,3149,nsw,19080107,1788372,MFSUP0372N,+91 9979942973
rec-1084-dup-0,sarah,ryan,19,grayson street,medical entre,beecroft,5343,nsw,19310314,7898665,NABZP6316S,(894) 439-4930
rec-1752-dup-0,,lombardi,6,quandong street,warialda,granivlle,5410,qld,19080313,1317582,YFREP0919P,+918974666832
rec-3157-dup-0,malakai,palethorpe,23,boonal,marsden street,gaven,2340,nsw,19031029,5176770,XKLJP1086X,+918546421059
rec-4362-dup-0,macormack,wilkins,30,sextonstreet,raaf,buxton,4123,vic,19081026,4698984,FATXP3179O,9638008881
rec-943-dup-0,rosoe,karlsen,48,lowe court,cottonwood,redbank lains,3013,nsw,19041101,3233946,,89484-47798
rec-650-dup-0,luke,kennealy,30,moorehead place,sun valley caravan park,inglebirn,3749,wa,19070108,5173077,PLEHP3492G,+916606460994
rec-4578-dup-0,georgcia,bysord,,cann lcose,,boondall,7120,qld,19570724,5717956,LYVQP5406F,(742) 264-5095
rec-2399-dup-0,kalli,houldsworh,23,fellows street,ardmona,claremont meadows,5041,nsw,19871214,9768941,ROFFP1131Z,(617) 267-0512
rec-4816-dup-0,williaim,tangallpalla,166,lachlan street,minnawarr zfarm,stanhope gardens,7008,nsw,19320616,9859566,FUXQP7141K,+919152428355
rec-3123-dup-0,jackson,carbone,133,mileham street,,carraqnballac,3139,qld,,6993200,EQCZP5076X,6515015675
rec-4909-dup-0,harrison,reid,32,charterisville avenue,lissoy holdings,lowesdale,2282,qld,19301018,9267290,WVEHP3297Q,91937-36190
rec-1971-dup-0,gredn,amelia,60,beasley street,silversand caravan park,charlestown,3199,vic,19160824,4340002,WJPBP8669O,80293-80278
rec-4868-dup-0,dreyer,flynn,148,haydenclose,hawkesbury natural health acupuncture ce,sanctuary point,3669,vic,19010221,7104329,IBKJP3398Y,+91 6115447636
rec-1106-dup-0,emiioy,staude,215,leltaplace,yanalha,nowra,1479,nsw,19091124,2809085,,+919985712138
rec-165-dup-0,ryan,allsopp,25,warramoo crescent,shiloha,athetron,3796,qld,,5369163,NWYAP4600G,06441753557
rec-598-dup-0,james,hebberman,26,phillis lace,twenty-third avenue p harmacy (cnr mawarr,ettalong,2326,vic,19760410,1748689,SJSTP7219H,08111616573
rec-4390-dup-0,,mercorella,16,emery street,yarrambah,kununurra,2048,qld,19541031,6022838,UNRKP6609C,
rec-4433-dup-0,lilyn,matthews,5,captain cook crescent,,matravplle,2774,vic,19420708,9637615,BYZIP9874U,(764) 039-4595
rec-3541-dup-0,katelyn,goldsworthy,10,meyers place,tinnaroo falls,bnudamba,3127,qld,19880820,1519466,OAOEP6448U,(912) 592-6369
rec-2564-dup-0,pino,shepherrd,55,warragamba avenue,pineview farm,sael,5698,vic,19100226,5952587,DUAZP2083W,07568896544
rec-1321-dup-0,tyler,painter,74,michael holt crescent,,kangaroo flat,4858,nsw,19291017,6615450,ZZEGP0745S,+918712717305
rec-1205-dup-0,holly,white,28,martens crescent,olui wen,aspley,3977,nsw,19281113,6507633,HOGOP3806X,
rec-458-dup-0,blaw,cheers,217,rees place,,dalby,6021,qld,19751205,6719640,CQPBP9881O,+916053792701
rec-3489-dup-0,joel,morrison,5,meredith circuit,rawdon,greenwood,4011,qld,19597022,6153468,ZHMNP8771P,+919175565565
rec-4850-dup-0,cooper,rovirq,19,maclaurin crescent,suunyrbae,broken hill,3414,qdl,19121113,8734370,MLYOP4510L,8993434459
rec-3355-dup-0,lily,marris,28,deumongascourt,fouways,ulverstone,3048,nsw,19980524,4654900,FXQHP8070E,09752125191
rec-342-dup-0,elli,noble,1,saggers close,tinaroo f alls,spearowod,6330,vic,19420501,9762210,VBQXP2085Q,85802-15389
rec-441-dup-0,edson,william,,fitzhardinge crescent,windy gully,ashwood,3078,nsw,19530403,3148460,QZTJP8828I,(867) 103-4165
rec-1161-dup-0,hansah,coleman,3,marchant circuit,southland ss hpcntr,hinchinbrook,2755,vic,19270425,7785677,,+917516913018
rec-2403-dup-0,,dunnicliff,79,banfield street,milton,,2116,vic,19130108,6220830,KJYIP1461U,(867) 243-5475
rec-2381-dup-0,wasley,thomas,4,tantangar street,eden park,frankston,5086,wa,19830128,7062733,IMYGP8611F,9556194297
rec-3952-dup-0,noah,herbert,13,beasley street,herber t creek,oak park,4280,sa,19431227,7049548,BLMGP0783Z,77939-23519
rec-4378-dup-0,mia,koeman,20,wattle street,elston,willetton,4068,vic,19670212,2071975,QFDCP1524S,65818-71864
rec-610-dup-0,lachlan,rau,68,loxton place,montrose,dedearng,3377,wa,19260502,1638351,EOMZP6996E,9008447593
rec-4853-dup-0,jacqueline,coady,20,borrowdale street,garden creek,little grove,4570,nsw,19220503,6945746,BGXHP6152R,61604-62617
rec-3526-dup-0,lilian,berry,578,goldstein c rdescent,berowra,maida vale,3109,vic,19030329,3427724,KLUVP0418D,98012-57462
rec-1113-dup-0,carmen,miles,146,mccormack street,palinq g south,monavale,2782,nsw,19220601,4126596,MGEIP5472H,07637834732
rec-2336-dup-0,konstantinos,morrison,297,euree street,berkely vlge,farleigh,2099,nsw,,1191867,,(757) 357-8785
rec-818-dup-0,holly,clarke,,macgregor street,,brighton-le-sands,2540,sa,19620404,2345058,TPWPP6290F,6728386594
rec-2526-dup-0,seth,doody,54,bastow circuit,maranui,cowra,4129,vic,19711125,3842987,,72008-61560
rec-1796-dup-0,jake,george,22,springvale drive,inverwood,belmont,3350,wa,19200727,3265845,IVIZP1127N,+917232662498
rec-2029-dup-0,benjamin,cassimatis,23,,yacklin,thornleigh,6006,nsw,,6107392,ESSEP3297H,9053856039
rec-4432-dup-0,isabella,salt,1,kingsmill street,town & country c aravn park,wyee,2156,wa,19850103,8443768,RGXFP4218G,+916658223703
rec-3887-dup-0,hafvey,wang,1,kosciusko avenue,rosedale,toowoonba,2594,vic,19531021,4095296,VNLFP7647D,+917615025657
rec-2417-dup-0,rourke,roets,78,grun er street,,kaleen,3227,,19690509,1455274,KDAZP5929A,(742) 356-1301
rec-2824-dup-0,rilxey,nobxle,23,onkaparinga crescent,bellambi,cabarlah,3959,sa,19130706,1621751,YVTJP9848R,
rec-1873-dup-0,gabritel,green,18,alroy circuit,birrabilla,surry hills,4585,nsw,19901018,6193075,MPZYP6364Y,80204-42647
rec-1613-dup-0,connor,lowe,50,augustus close,corunna,west lakes shore,2017,nsw,19611015,1592036,AGHUP1033K,09407163123
rec-3940-dup-0,tahlia,lowe,,antis street,millwood,stanwelo park,2452,nws,19150218,4957408,CATHP2514X,95117-83107
rec-2476-dup-0,abey,simmonds,13,greenvale street,haven vourt,campbellfield,4069,qld,19141205,2403689,JYAUP9768X,(792) 137-4156
rec-4187-dup-0,matiswe,mccaffrey,164,throssell street,argyle,woy w oy,6012,vic,19961123,3108714,RSWTPD248P,07434232691
rec-1564-dup-0,madison,gren,67,atherton street,moorilla,bondi junction,2489,wa,19920222,1194102,RHHGP3250C,(818) 987-3534
rec-4001-dup-0,dillon,nettleford,23,haskett place,glenbrae,emu plains,0822,wa,,6238993,RHMSP8157K,6728995385
rec-776-dup-0,maddiosn,morrison,18,derringtoncrescent,janefield,gunbwoer,6308,nsw,19021108,5581067,DBIKP8472W,(909) 437-8236
rec-2851-dup-0,chelsie,priest,99,companion crescent,ashbank,torquay,2325,vic,19691018,9141369,LNTTP1743J,9129234521
rec-4639-dup-0,jamilla,mcdaid,29,barrett wtreet,,south melbourne,3166,qld,19301116,2784587,CIWJP4455X,6330255786
rec-3060-dup-0,brokengshire,rosie,34,antill street,hse13,athelstone,2042,qld,19770815,3921318,MNUJP8354M,08380257787
rec-3464-dup-0,webb,maggie,5,eucumbene drive,hawkins maosnic vlge,elwood,2265,nsw,19060830,3505267,EBIHP0429Y,
rec-1514-dup-0,kiana,pieris,33,,mungrum stud,hawthorn,4650,vic,19370813,5026429,BVHXP8503W,79866-56036
rec-2533-dup-0,jayden,hick,42,wisdom place,baroona,north motton,3350,sa,19861919,9522196,RMVVP2257S,08952937041
rec-3400-dup-0,maddiason,newpptr,,bingle street,burrendong est,burwood east,4818,nsw,19590707,5640367,NLYYP4267O,64193-51221
rec-3922-dup-0,joshua,milalr,4,chowne street,lirambenda,springield,2088,qld,19410825,6371427,TVYTP0040U,+917986968786
rec-4613-dup-0,robin,swiggs,29,mcclellan d avenue,,preston,3170,qld,19051107,9180357,YBXHP7322G,07268174338
rec-3396-dup-0,cain,synnet,17,langdon avenue,millard centre,leichhardt,2625,nsw,19881209,9321868,1JQOP8821C,+91 6079713895
rec-511-dup-0,grubb,olivia,16,boolee street,berkeley vlge,catalina,2823,nsw,19050616,8765826,XKIMP0854C,7271424854
rec-1730-dup-0,kyle,straczek,1,hardwick crescent,the willows,blacktown,2100,vic,19160506,4656343,YLOEP9355U,96585-35675
rec-308-dup-0,michaerl,maynaryd,132,rogers street,leisure living vlge,pooraka,2144,nsw,19570508,3096389,DFATP0247G,+91 7099843424
rec-924-dup-0,callum,teti,686,wheelwright crescent,,brighton,4018,wa,19260102,9064672,JEXXP7555O,09403557496
rec-1832-dup-0,timothy,kinter,29,hawker street,argyle village,quilpie,2598,vic,19190926,7137952,VLESP4727J,63342-87489
rec-3537-dup-0,joshua,leaver,30,nardoo crescent,diment otwers,st luca,2167,qld,19650306,7912588,UELBP3256A,8317067663
rec-4783-dup-0,tahlia,donaldson,59,badimara street,gibratlar,,3149,qld,19630202,1983061,FHILP1120T,6233172206
rec-4088-dup-0,phoebe,hage,,marchantcircuit,bracknegrae,mount graeatt,2119,sa,,8504441,TSKCP9116F,80799-71709
rec-3378-dup-0,webb,lukxas,2,nowra mall,freda gibpsnn circuit,kingston,2830,nsw,19120423,6570926,WMDTP3987M,07307615103
rec-504-dup-0,balchin,reeve,12,hadleigh icrcuit,tam-beni,deer park,2318,sa,19100615,3829737,IXUFP0608P,07736342201
rec-480-dup-0,luke,mcphie,20,wheadon street,beltunga,christsas creek,3796,nsw,19110123,8869942,QJEWP0097S,(848) 762-6549
rec-4983-dup-0,juke,tu,5,holland street,manrdesa,ventnor,5039,qld,19571024,3333385,WPCFP8937J,
rec-4418-dup-0,charlotte,scatgini,4,miller street,sunset,south melbourne,6011,nsw,19540114,4866579,TAYQP9340T,8485569905
rec-15-dup-0,kye,brain,8,stillwell place,,bellambi,2320,nsw,19630812,8358959,UYOWP1924O,(630) 677-4995
rec-4583-dup-0,lucas,daysh,11,bolger place,,andrews,4130,vic,19701026,7306086,,6964209825
rec-1559-dup-0,jemima,belperio,12,strehlow place,rainbo w ridge,margaret river,4021,nsw,19281001,3997984,IASSP9074I,+916572919739
rec-3625-dup-0,zachary,lowe,10,knox street,myliton,ulversyone,5604,wa,19690408,9556948,DZEIP5167T,(614) 488-5452
rec-3849-dup-0,hague,georgia,5,leahy close,,mount warren park,3218,vic,,4151813,PQRZP7683F,98712-72359
rec-1253-dup-0,cambell,clarke,99,jardine street,alexander'sf olly,lower temsplestowe,2114,wa,19250326,2467909,HEQNP9880V,+91 9057676108
rec-20-dup-0,bfody,lowe,100,waller crescent,keaonr,armidale,4055,sa,19900409,8444970,ZYVVP4724V,07190534846
rec-4118-dup-0,matghew,clarke,101,brisbane avenue,billsblock,richadrson,3658,nsw,19450606,4699715,VZFJP9690C,06267338339
rec-1039-dup-0,ethan,greenhalgh,,crozier circuit,richn o,rosebrook,4156,qld,19400702,4863653,DFIFP4488A,(775) 673-3850
rec-4875-dup-0,annabelle,ebert,20,douglas place,glenhusrt,brooklyn,2307,wa,19440813,6811641,RJFUP1979W,(787) 199-3105
rec-4420-dup-0,alexander,vitkunnas,17,catani place,kelindy ridge,kilhoy,2285,vic,19991216,6469394,ZAIUP8240E,(694) 546-3960
rec-444-dup-0,alana,zoanetti,19,gudgenby close,,birksale,2113,sa,19510214,1412351,ZEFAP2208P,62190-26866
rec-2389-dup-0,courtney,wellerv,35,florence taylor street,flt 61,vermont,4352,vic,19910120,7615358,ZTVCP4652K,(769) 239-2467
rec-4208-dup-0,maya,bibby,40,monarocrescent,learning aerth farm,deer park,3184,qld,19720418,1185491,XWFTP3702X,(652) 772-7493
rec-933-dup-0,alicia,mollross,72,mcnamara street,corobie,kuravy,4552,qld,19050908,7195535,EURWP6590M,09961080891
rec-2977-dup-0,fiona,crosfsman,487,brophy dtreet,,maryborough,4700,qld,19340301,9968811,BXEBP5626F,99223-63979
rec-4014-dup-0,white,felicity,24,carter crescent,mirreanda,geelong south,3892,sa,19480806,9575304,NHYWP5674U,6131446003
rec-3067-dup-0,joshua,beaty,19,blackwood terrace,the summre house,prosplect,6163,vic,19721121,1725695,EMIIP4557P,(806) 586-7382
rec-1242-dup-0,jasmyn,marceta,35,cabena court,ascot spark,ashfield,5011,wa,19821129,6095474,LIUYP9819A,+91 6566671346
rec-3773-dup-0,jessica,mckeroie,8,john close,rosewood garden,yarrawonga,3804,nsw,19810709,3600417,,6685285209
rec-2495-dup-0,ella,malzardc,4,namatjirabdrive,tolemac,armidale,4220,nsw,19381112,6513848,ZEYLP6341N,+91 9533331515
rec-3027-dup-0,danielle,modody,21,redlands,owen crescent,burwood east,4701,nsw,19850616,8727753,,69210-72598
rec-963-dup-0,clohagh,sibeer,14,pandanus tsreet,highfields medkcal centre,davistown,4066,nsw,19104913,2698880,BHQBP1675F,88863-66058
rec-2705-dup-0,holly,ryan,18,fallins palce,frm 654,safety bay,2074,qld,19310814,7222933,QCQRP0551A,(658) 915-3461
rec-3198-dup-0,kristen,white,5,sherlockstreet,morayfield exchange,wangaratta,5082,wa,19761201,8300732,CRNNP0128Y,+91 9249139574
rec-1266-dup-0,emiily,wallkey,4,barangaroo street,meadowvale village,quilpie,7030,wa,19190615,2871929,XOPMP5844X,(998) 246-1255
rec-4582-dup-0,daniel,mcarda,34,maccallum circuit,westwood homestead,homuebush,2619,nsw,19920927,2550366,VTLFP6552S,+91 6940791496
rec-1115-dup-0,berry,isabelle,71,chipperfield circuit,yakatoon,clarinda,3194,qld,19010210,5294123,WLSLP9333I,+91 9433343426
rec-2352-dup-0,carlin,brooker,57,sturtaevnue,lakeview court,alice springs,3174,qld,19651223,4263375,AZIOP0841W,(870) 984-4124
rec-2169-dup-0,jye,hewetson,46,jabanungga avenue,moorabee,bowen mountain,2148,vic,19500330,7093866,ZBLKP2328K,+91 9755311369
rec-994-dup-0,carly,hoffamn,38,blair place,lynden lea,south melbourne,3995,qld,19521207,6762264,UTNAP4546L,92161-26601
rec-457-dup-0,thomas,mcauslan,14,trugani ni place,,bongaree,5064,nt,19801028,8944611,EGYRP7878H,(759) 514-2691
rec-2422-dup-0,keziah,thind,111,tate street,un 1,kincumber,5043,nsw,19231013,5822993,YIWAP4236O,9426048831
rec-101-dup-0,dillon,colenan,8,paul coe crescent,clinton caarvan park,yarraville,3260,nsw,19531117,1835941,UTTSP7922J,+91 6531247935
rec-2337-dup-0,sara,schiansky,40,fullerton crescent,tabbzgong,llandilo,3020,nsw,19450822,4913489,JVLEP5362E,61239-31490
rec-555-dup-0,harry,manthorpe,19,charteris crescent,the blackhut,macquarie fields,2756,nsw,19841905,7232794,XDLGP2089V,+917099296439
rec-999-dup-0,jacob,lowe,,parkhill street,brigalow court,arundel,2167,vic,19761225,8295931,HFEWP8164J,+91 7816063750
rec-3583-dup-0,isabella,bucyhhorn,,rosetta village,officer crescent,oaklands park,5034,vic,19930522,7645759,CHOGP6888V,(849) 321-3115
rec-2330-dup-0,sebastian,mcneill,3,ferndale,dryandra street,west lakes,2265,vic,,2765960,DZUJO4353N,+91 9196874792
rec-2250-dup-0,cooper,humphreys,1,burnett street,villq 3,st albans,4413,nsw,19300226,7614633,QTETP0147Z,98153-61190
rec-937-dup-0,oliver,nettefeold,35,alphard dplace,fairlgiht,semaphore park,3802,vic,19570625,4691024,GZCIP8237D,+916916532067
rec-158-dup-0,abbey,,17,stark e street,,fadden,2286,vic,19150829,6050399,ZCYOP9634B,9667274626
rec-1998-dup-0,william,robson,77,springvale drive,magpie spings,lowood,4151,,19520721,2322463,KRUQP0166Y,75012-84335
rec-4526-dup-0,emiily,brambld,7,collybur l rcescent,arcadia,stratford,5087,vic,19290305,1960201,BBMVP4669V,(718) 215-0661
rec-1480-dup-0,owen,grezn,5,dryandrazstreet,bythorne,campbelltown,3175,vic,19160427,4013988,RUTMP3980F,(808) 519-7700
rec-1462-dup-0,aleesha,rashley,26,wybalena grove,,baysqaer,3047,nsw,19500413,7372274,JAMOP2586V,(697) 691-0679
rec-2106-dup-0,moly,hannagan,15,the verge,the stockyards,ballarat,6027,nsw,19241115,9178151,OETCP7025Y,(641) 824-7919
rec-4842-dup-0,ainsley,shepherdson,16,jackie howeocrescent,huntawyle,moorooka,2261,nsw,19480630,3591742,TSJVP2686C,09002811255
rec-228-dup-0,oliver,verner,29,mcnicollstreet,sunbuey,berlaa,3175,vic,19160819,7677004,DMWQP3565G,9588603513
rec-303-dup-0,maria,dun,28,sheaffe xtreet,brookvale,midway point,2229,wa,19990308,2567879,WDCZP8592L,+91 7402897344
rec-1328-dup-0,emiily,hewson,10,,the links,mount ksa,5422,wa,19320504,6458398,GVQTP4146L,06892862041
rec-3825-dup-0,rosie,whitr,2,snowden place,brambletye vinyard,black rock,0835,wa,19020405,4810152,,+919937496739
rec-2687-dup-0,oscar,chegwidden,12,terraawh,currong s treet,mount eliza,4823,vic,19981224,6135137,KPKXP0336W,86387-97541
rec-4902-dup-0,jarre,crouch,33,currong street,montrose,st james,7316,nsw,19180503,4588775,,+917917549430
rec-3921-dup-0,jessca,mason,27,garsia street,warhaven home,lower templestowe,2160,wa,19320216,1753787,ZPSRP6285J,6399869745
rec-2385-dup-0,charlotte,wilde,28,warwarick,diamond street,werrington,2220,qld,19001117,4847191,MFZPP1268B,+91 9101115967
rec-2996-dup-0,keegan,stubbs,30,sellwoom street,transvaal,westmeadows,4870,nsw,19650506,9736949,BLVNP2627Y,81622-36806
rec-1156-dup-0,jackon,simmonds,4,raymonad street,ainslie house,tongala,2164,nsw,19020519,8651617,IQKCP9228R,
rec-2573-dup-0,thomas,edis,61,kellick place,f lt h0,bateman,3782,nsw,19890830,6857124,LCCZP5020S,(766) 934-7052
rec-2297-dup-0,thomas,rankine,7,davis street,veonec,bossley park,2127,vic,19280703,6882558,ZASVP0110L,7913660927
rec-1051-dup-0,timothy,modystacuh,32,julia flynn avenue,rcg cnetre,charlestown,4655,vic,19671125,2430632,JSZCP9814W,08558777981
rec-2496-dup-0,,whishaw,25,roseberyhill,ashcroft crescent,vaucluse,4607,nsw,19070127,3381395,KDOKP1912Y,(991) 425-5440
rec-2640-dup-0,ljosbtad,jackson,2,hensman s treet,,berwick,5422,nsw,19640817,9825573,DBDDP5571H,79402-61431
rec-905-dup-0,jemima,apaty,79,,unfzan,dandenong north,3000,sa,19830719,6617205,GZKQP4933C,+918323616760
rec-1879-dup-0,jacob,kapeller,5,mountvernog drive,noelurma,toowoomba,2216,vic,19361129,5761018,ZLWLP3738S,8101854160
rec-4717-dup-0,georgia,demetriou,17,canberra avenue,,ballina,3871,nsw,19200828,1391870,EMYVP7680V,07170075952
rec-4247-dup-0,dylan,la ndau,14,togo place,wattandee,whalan,4310,nsw,19500525,3431616,DHZMPD715N,+918937031282
rec-738-dup-0,charles,hurkett,77,pocket avenue,craigview grove,rowvikle,3223,sa,19841222,9205765,VHVMP3521H,7289092873
rec-3111-dup-0,bianca,bishop,,crozier circuit,linton,wolvi,4812,nsw,19761209,6772943,RSZCI5720Y,+917078112026
rec-2878-dup-0,jacob,badalsssi,7,patey street,summer hill,surfers paradise,4035,nsw,19171217,7615199,UBAKP7253D,(714) 807-3486
rec-2433-dup-0,brus,joselnyn,21,,,murray bridge,2090,tas,19020520,6801064,RIPRP1153C,8565384143
rec-410-dup-0,makayla,thredgold,29,chillagoestreet,west road,campbellfield,5107,nsw,19530218,5691229,EFZUP9809X,6304765348
rec-17-dup-0,kobe,dixon,146,longman street,fernlea,rosebud,3315,nsw,19960927,7060978,YDEMP4452H,68441-24458
rec-1622-dup-0,,menzes,120,archibald street,krismark,belmont,2287,nsq,19871019,8064929,WJGQP5691E,07545472798
rec-3692-dup-0,miranda,bery,5,shirra close,,connooly,4814,nsw,19300619,6070746,URWIP8136P,+918927233649
rec-3691-dup-0,tara,pratap,15,wattle street,cantlay farm,aspley,2527,wa,19301128,2834693,QHQLP7663U,94848-22793
rec-3687-dup-0,may,ryan,87,medley strneet,glen cho,westmead,2500,nsw,19360504,5518965,NYTGP4685V,(706) 936-8976
rec-1816-dup-0,,noyce,5,rosellastreet,rowethorpe,,2540,wa,19660091,2277894,EUPUP4134R,09988598791
rec-2603-dup-0,nikita,leditchke,86,sidaways treet,parkdalel odge,mirrabooka,2031,vic,19510630,1387001,UBZUP8354W,7111671075
rec-47-dup-0,finn,whit e,403,mcculloch street,all saints college,kempsey,6084,qld,19450410,9601625,SVFYP5795G,9479224748
rec-2976-dup-0,zachary,lock,,tazewell circuit,henry kendall hostel,chiltern,2193,ndw,19600128,4768273,YOKBP7589F,08000538590
rec-2138-dup-0,daniel,dreckow,39,govettplace,gogulge r stock,preston,6210,vic,19510111,3162776,CTHUP3113G,+91 9805139880
rec-3601-dup-0,aleaxndra,newberry,69,earle lace,broome vacatin village,wallsend,3749,nsw,19691006,5799594,STGEP3037G,+919726528504
rec-1808-dup-0,gemaley,covino,158,naismith p lace,,paddignton,4551,qdl,19060725,6706561,BFCVP6454D,06118374299
rec-1488-dup-0,daniel,wojciechowski,141,somerset street,melody coytage,dulwichhill,2120,nsw,19500125,2930336,IEXOP0035E,(703) 715-1389
rec-2103-dup-0,jajie,hofmfan,592,dalrymple s treet,carrangarra,vauclyse,4356,naw,,4392122,PSMEP3376S,73273-91917
rec-4059-dup-0,gabrielle,toseland,3,lethbridge court,pinkerton dcircuit,campbellfield,2590,qld,19200414,6631971,ZZQGP2606E,(689) 785-0282
rec-2559-dup-0,binns,emiilzy,24,howell place,sec 142 hd rounsevell,ryde,2627,wa,19941108,8919080,MFBJP9420X,68484-49402
rec-3909-dup-0,ruby,vincent,1,gawler cerscent,knmre street,graceville,3585,nsw,19700602,6532162,TKJMP4429B,81573-65389
rec-4884-dup-0,georgia,coffey,41,disneycourt,siesta caravn park,coonabarabran,2428,act,19960110,9287951,GDMSP8999U,9871136404
rec-4800-dup-0,jordan,tons,20,lachlan sreet,belgrave arcade,plainby,2620,nsw,19760913,3320758,KYCSP8741L,8994792006
rec-3947-dup-0,mitchell,trowse,22,boolee street,john flynn medical centre,malvern,4350,vic,19640225,4579159,BPBOP8936F,07773647155
rec-2531-dup-0,nguyen,isavel,8,mccawley street,jarkhellms,campbelltown,2122,vic,19860530,3659521,CIHOP3212M,(928) 919-5451
rec-2588-dup-0,thomas,tsonis,33,de little ircuit,arndilly,rey,5024,sa,19130119,9807073,YECWP3256F,+919908847268
rec-4702-dup-0,jamie,paterson,,lindrum crescent,fairlane estate,wangaratta,3014,wa,19860221,5336409,LIIGP9282C,06975465470
rec-4615-dup-0,kalli,froscio,23,fergusson drescent,wirruna,manyama,6530,wa,19680403,3617186,CBEJP7160O,73027-68463
rec-38-dup-0,aiden,thorpe,51,chauvel circle,eureka,rowville,2767,nsw,19270407,6959840,JLPLP5960U,(906) 242-4193
rec-1301-dup-0,mansk ey,john,90,mckinley cipcuit,,plympton south,5108,vic,19071112,2774041,FSFKP2332L,6004898810
rec-4318-dup-0,timothy,mathews,2,blandon place,harrowvsle,mill park,3184,nsw,19560930,6083907,FQTKP4178X,+919150248909
rec-2834-dup-0,jasmine,mcmurdo,195,manna close,killarney,baynton,7009,vic,19340207,7978445,WMOXP809CR,(727) 905-1429
rec-3807-dup-0,isabellaf,ryna,81,ackland place,philip centre,kirwa,4173,qld,19940808,6364020,,09940099998
rec-1280-dup-0,francesco,canhell,5,ngunawa ldrive,whisperni g pines,brighton,7320,nsw,19900219,2439499,RJTEP5483G,+91 9763465797
rec-1959-dup-0,jorja,selth,5,arnold place,wooloondoolfarm,colonel light gardens,4350,nsw,19460602,5599958,OKSJP6328K,(608) 779-7670
rec-1335-dup-0,indiana,jeffries,24,carrodusdstreet,clarkwood,cremorne,2615,msw,19790628,5993849,BOVHP9190Y,(719) 618-7757
rec-4972-dup-0,zoe,paterson,8,chauncy crescent,heritage est,blayney,6602,qld,19930912,2580670,WBIHP4106J,08130072986
rec-372-dup-0,lachlan,pascoe,,ballumbvir street,inishmore,toowong,2766,vic,19470107,1606779,EFPLP2709Z,06112166221
rec-3308-dup-0,jaregd,white,57,walsh place,dunmunkle lodge,evans head,3124,wa,,8491221,THHYP3900N,+91 7500323552
rec-3423-dup-0,,nguyen,8,wardill close,st francuis vlge,sunshine beach,3174,vic,19461016,4768225,QXOLP9434U,+918554143199
rec-2986-dup-0,thoma s,santi,138,krichaufd street,rose-elea,port pirie,3976,vic,19590808,5694951,EWRVP0633I,(775) 161-4746
rec-543-dup-0,eliza,mason,33,schonell circuit,john flynn medical centre,mount warren park,2093,sa,19271018,5422520,PYDTP6872B,(997) 206-1846
rec-3998-dup-0,annabelle,webbh,105,eyre street,alcarnaa,turner,4157,nsw,19020930,2019510,ZWCSP2388Q,+918314708766
rec-1104-dup-0,andrew,berry,70,galibal street,blue have n village,ascot,5606,sa,19540522,4799173,DBDPP5635R,(713) 330-5605
rec-526-dup-0,bailee,ryan,33,edgar tsreet,little pines,milperra,5680,wa,19410207,7905025,WCKPP8151I,90277-76446
rec-4087-dup-0,joshu,hoyland,36,hemmings crescent,solitaire,mount eliza,0828,wa,19090810,7921703,HJJXP2471E,+91 7337731897
rec-4935-dup-0,mikyla,broadhead,44,sewell place,golde n own,waterloo corner,3123,qld,19571018,8632021,SLLDP4893G,8402527875
rec-805-dup-0,madison,hawejs,132,vasey crescent,canberra hse,kellyville,3194,nsw,19360628,2097590,OZXHP2535P,6512029527
rec-4147-dup-0,bethany,godfrey,3,culleb street,sunning,narellan vale,3603,qld,19330508,4827546,EHSWP7180V,(959) 087-1304
rec-102-dup-0,elli,sindorff,15,lansell circuit,palestine,yagoona,2148,sa,19671114,5791840,NXJBP3403U,06571356778
rec-3106-dup-0,finn,kazmiir,472,belconnen way,,mackay north,2502,sa,19880315,6526812,IQHYP8553A,
rec-3591-dup-0,markellos,kiarnee,21,la perouse street,fairholme,toora k,3121,sa,19620130,4234492,OGTGP3313S,98225-44924
rec-205-dup-0,isabella,crimes,5,newbu place,gracemece grdns,cecil hills,5351,viv,,2238755,ASWRP2769J,97539-68195
rec-3145-dup-0,talia,holer,1,dennis street,,ashfheld,2287,qld,19840907,3019342,SGQGP7497K,7132321771
rec-2147-dup-0,jackson,spanton,108,sargeantnplace,waioma,race viww,4500,qld,19680828,1159113,XPBDP8661T,+918039352710
rec-975-dup-0,damien,clarke,18,brimage place,airforce memorial estate,mentone,2115,nsw,19721023,2631407,BHALP0786X,+91 9356347728
rec-1705-dup-0,alessia,smithson,,shandon place,amarillo,boorowa,6002,vic,19421105,6639770,7YXUP8668Q,62314-29073
rec-1149-dup-0,sebasitan,campbell,34,atherton street,glen-fale,north sydney,4350,nsw,19660715,8686683,RZDYP7286A,8386469636
rec-955-dup-0,william,gohl,378,charlton street,toomba,kellyville,3028,vic,19030711,1291827,IPTBP6826T,8737534986
rec-4454-dup-0,damien,garnett,9,narrabundah lane,laur e,penola,6168,nsw,19900710,2711549,HHMWP9324K,(602) 581-5800
rec-4503-dup-0,jaek,campbell,67,larcombe crescent,oaklands village,greensborough,4570,wa,19240304,4245106,LKAMP2119O,07425860806
rec-2177-dup-0,mcvilly,georgia,34,gardiner sktreet,cadogan,bayview heights,4370,nsw,19830221,2711924,KLGMP6015N,+91 9205510328
rec-3923-dup-0,kaitlin,egan,43,haywardlplace,glentryst,geraldton,2074,vci,19410610,3120103,KXXBP6686L,+91 7440230017
rec-842-dup-0,talia,wotton,211,burn street,gillin park,seymour,0821,nsw,19781119,8432542,,6204577192
rec-2167-dup-0,sarah,campbell,6,loddon street,,miasmi,3227,qld,19321221,5872484,,+91 6045182379
rec-4306-dup-0,levi,hunting,203,eureesyreet,northern tablelands tennis academy,condell park,4207,wa,19580418,7383570,QSUVP8331O,(732) 740-4516
rec-4000-dup-0,jasper,,6,mirroolstreet,bristin,mosman,2745,nsw,19640228,1807750,UTNYPN253F,+91 7398798963
rec-1974-dup-0,natasha,clarke,63,mallanganee,tasmania circle,whitemore,2840,sa,19710223,5969104,QWTWP8194D,+91 7183002371
rec-2912-dup-0,curihual,blakeston,35,wheadon street,kyree,broadmeadows,3138,vic,,9241622,HLKEP5186J,99941-44569
rec-4797-dup-0,matthew,lock,14,shoalhaven avenue,nootina,ringowod,2207,sa,19931125,3915530,MTPZP9462S,+91 8219051445
rec-1679-dup-0,lachlan,plumb,14,garling street,brentwood vlge,julatten,4217,nsw,19550313,2243015,,+916480600591
rec-988-dup-0,jack,andvrae,7,clelandojstreet,mundine30 km,cherrybrook,6025,vic,19260626,3267222,HCNQP0376F,+91 7661414395
rec-652-dup-0,dylan,nickolai,46,jackie howe crescent,bonnie doon,waramanga,2535,nsw,19510622,6519452,OGGCP5161F,+919047377483
rec-884-dup-0,riley,loehr,370,caldwell street,springdale,maitland,4680,tas,19000723,4599665,GFCHP6747V,(975) 059-9371
rec-2546-dup-0,genevieve,ronan,37,mokare street,,yunderup,2657,sa,19980924,9571750,,+917405358490
rec-151-dup-0,arabella,reid,35,baracchicrescent,argyle,hermit park,3806,qld,19640323,1433160,JOOJP8522L,09311729274
rec-4448-dup-0,harrison,whibte,58,morant circuit,,highton,4118,qld,19310706,6806350,FKZMP8621I,+91 6681428373
rec-4751-dup-0,reani,quilliam,8,newman morris circuit,black snake creek,geurie,3121,nsw,19220309,8176103,ZBDHP1290M,08227786986
rec-375-dup-0,elise,miles,63,oliverstreet,rosettavillage,byford,4670,nsw,,1613758,,(989) 802-1056
rec-1128-dup-0,alissa,yelds,2,bingley crescent,woodlands house,leeton,3012,sa,19881106,8003824,OQGLP9698X,+917948642111
rec-2014-dup-0,jared,coleman,37,cumpston p lace,heatherdale,kingston,3130,nsw,19280705,2238622,CGZZP3072W,(862) 707-4347
rec-1913-dup-0,lioam,george,5,lindrum crescent,retirement village,hoppers crossing,3030,vic,19060325,3435395,OIDVP1490F,81067-55461
rec-3370-dup-0,nicholas,malin,17,hearn street,mia in,acton,5166,nsw,19700121,6007254,,06928871073
rec-4216-dup-0,lauren,harrington,28,leibnitzplace,rosetta village,newcastle,6066,vic,19550719,2207203,HTHEP0620A,09091710172
rec-164-dup-0,ruby,jesser,37,boult plcae,catumbel oodge,broadbeach waters,6203,nsw,19680506,3452449,TMFIP3177P,+91 8233411679
rec-875-dup-0,danielle,tomasevic,,frohda,amangu street,kedron,2380,nsw,19270622,9306292,NQFDP5367M,09463871024
rec-453-dup-0,edward,denholm,10,corin place,goldt yne,clayfield,4221,vic,19130629,7119771,GRFDP9547Z,09104447690
rec-753-dup-0,micah,monis,38,lefroy street,,yass,3088,nsw,19970605,3265234,NPJXP1459Z,6697323708
rec-1696-dup-0,kydan,edson,1714,lexcen avenue,wirraway,tuart hill,2519,vic,19581231,6695038,DFAWP7950V,9166611111
rec-4970-dup-0,ethan,muthukuda,25,,glen aern,hililsice,2250,vic,19581107,4421577,QWODP5140R,8082833812
rec-340-dup-0,kyle,rawlings,22,henty street,don ray,moruya,4870,vic,19810122,9723395,EGZWP8889U,+917014271613
rec-284-dup-0,jaslyn,jonjic,1,lindrum crescent,,ascot park,4213,vic,19250102,1023721,AFKVP2865H,7401182845
rec-3872-dup-0,hahnah,slape,20,french street,beulah estate,,3065,qld,19800920,1061185,JYHSP359QM,(755) 776-9961
rec-90-dup-0,barnaby,godfrey,18,hopegood place,ostesr,brighton,5086,nsw,19461029,9137216,TPFAP5277C,09893137601
rec-1177-dup-0,taylor,green,30,jay place,little tinana,cremorne,3564,wa,19461212,1468008,ATXNP2812B,09558227370
rec-3215-dup-0,nikita,green,4,greenough circuit,glenmarla drmb 2563,elizabeth south,2504,nsw,19941002,8531091,SJSFJ5675L,09474007245
rec-1966-dup-0,cenatempo,archer,15,chauncy crescent,kildrummie,armiale,3616,sa,19060824,1111899,MMETP3325R,94248-48414
rec-2424-dup-0,sma,reeh,275,forbes street,,alligator creek,2167,wa,19060718,3497084,FDACP4465U,92876-13977
rec-2523-dup-0,tyler,edgecombe,,willoughbh crescent,,bray park,2324,vic,19551113,8936270,HWFMP5473K,9458352211
rec-4733-dup-0,husey,benedict,,erldunda c ircuit,barwon s tation,tingalpa,3056,qld,19060127,5070016,MUPSP8567K,68850-34973
rec-1293-dup-0,stronach,ethan,555,hodgkinsong street,,dapto,3199,tas,19830423,4516064,ZHZCP9907T,81760-63399
rec-3655-dup-0,samantha,paterson,8,kelli ckfplace,berri cottage hmes,belrose,6030,tas,19460814,7611475,AMVSP8649J,(624) 554-2200
rec-1443-dup-0,harrison,schuster,21,boldrewood street,brambletye vinyard,portmacquarie,4069,vic,19851117,4249919,ECQLP86V1V,
rec-1436-dup-0,joel,waller,12,quiros atreet,marella,bowral,4670,vic,19740716,8352619,,+91 8846886685
rec-4031-dup-0,karissa,cannell,30,arrietta close,pindaramedical centre,harris park,3153,nsw,19600508,7035862,KCPTP6629T,
rec-3569-dup-0,madeleine,white,50,hunter street,universityhsores,marlow lagoon,2500,sa,19401228,6386791,IGPZP0893D,(784) 337-3980
rec-736-dup-0,christopher,chammne,8,crisp ci rcuit,,croydon north,3126,wa,19030403,4266096,IRHUP1814J,9094178392
rec-1895-dup-0,prytula,tabitha,2,totterdell street,rsde 817qallace,nabawa,4017,sa,19930102,4076797,MQQSP7999I,86158-15464
rec-3700-dup-0,steven,pokkias,407,may maxwell crescent,ardonachie,dalveen,5046,wa,19350305,2928326,SKEZP2018E,(932) 564-2232
rec-3033-dup-0,benjamin,rankine,34,anstey street,forest hi lls,broome,3140,nsw,19120704,2412111,UNGZP5266P,6076153958
rec-3379-dup-0,jack,rudd,4,limestone avenue,orcadia park,hoppers crossing,5007,nsw,19086018,3984278,STZYP4940C,7401024623
rec-1365-dup-0,kane,tiller,19,verbrugghem street,karana hojestead,,2122,vic,19680109,4091125,OTRGP0601H,(728) 075-0708
rec-706-dup-0,talis,dhara,14,kirkham place,,bidwill,4160,wa,19700715,9048094,IMMKP1231L,+91 6277114808
rec-3287-dup-0,william,white,331,stanburo close,,hawthorn,5092,wa,19120603,6104386,DRYPP3340P,(858) 840-1621
rec-2537-dup-0,isabe lla,weaver,,adair s treet,,charldstown,2229,nsw,19100327,6483602,URDJP1906B,9137542972
rec-2383-dup-0,will,carmody,7,waugh close,knoa,elwood,2067,vic,19540605,5434473,VOJCP3406P,07972700338
rec-2707-dup-0,michatel,berry,177,canberra avenue,teleon,east melbourne,2259,qld,19110224,5076815,VTYOP2650M,08500533102
rec-799-dup-0,jack,gren,,macalpine close,emu downs,aspley,6014,wa,19350317,4402882,DNJNP3969N,07369226412
rec-2840-dup-0,marianne,kastrappis,,hansen circuit,hotell aguna,wentworth falls,3175,vic,19490106,2934534,QEJWP8329S,07066460706
rec-1351-dup-0,nicholas,joly,8,jansz crescent,rosehill,burnsice,0872,nsw,19011217,7662074,JKVNP3723R,+917760699086
rec-2065-dup-0,shana,mavrangelos,3,,,surrey hills,4655,sa,19860504,3793509,ZDZVP3791A,60318-35536
rec-765-dup-0,harriet,tamassy,148,academy close,doribank,wunghnu,2680,wa,19350531,3455124,VUBJP3436I,09341354650
rec-4416-dup-0,ben,nguyen,17,doherty pplace,centenary marketplace,bayview neights,2049,nt,19731201,1783041,HIPMP6107A,(605) 069-7943
rec-3333-dup-0,cooper,fitzpatrick,46,owen dixon drive,,collie,2525,nsw,19870622,1736085,AKNIP7008W,69567-98514
rec-2001-dup-0,antonio,hagwe,34,grigsnplace,warrawong,tinamba,3636,nsw,19330331,8499345,LBMUP2269Z,74644-00969
rec-4232-dup-0,zali,shadbllt,56,tillyardb drive,,brown hill,4890,wa,19440205,7276255,BPWLP3928E,(920) 823-9219
rec-1103-dup-0,,grierson,326,,sect 106,mcmahons point,6362,tas,19181212,4107638,PQEHP6848G,09465961863
rec-600-dup-0,john,,55,meriden wallaroo road,ivydale (rsd 1820),empire bay,5063,wa,19380716,1321103,ZTZKP9947Q,+917600442544
rec-2209-dup-0,georgia,hantke,2051,hovea dtreet,,cromer,3199,vic,19260708,1055098,CFQGP9575R,(615) 384-0910
rec-18-dup-0,riley,kerr-sullivan,166,clem hill street,mindaree,oyster bay,7325,nsw,19991104,7355856,JUGCPG491J,+91 8132471447
rec-2161-dup-0,connor,no,62,barunga street,jim holm hostel,ingleburn,6618,sa,19171023,4958150,RTJKP1550W,07569607678
rec-3488-dup-0,emiily,mchnery,1,hurwooplace,paramatta park,leeton,2228,nsw,19550504,1357509,NDMRP5520Q,8556429234
rec-218-dup-0,jade,browne,407,sabine close,brentwoidvlge,leichhardt,4708,vic,19810923,8107465,GMWBP0363U,+91 9277329803
rec-4555-dup-0,caleb,,53,banksia street,rosevillea,rye,4740,act,19490425,8230410,PWILP9567S,+916006552838
rec-4936-dup-0,dean,lock,16,bunduluk crescent,wylarah,campsie,4031,sa,19150408,4029960,HFWPP4789D,+91 6119604747
rec-465-dup-0,hanmah,gluc,63,noblec lose,,kolodong,4352,vic,19760710,6057103,MIZCP3434B,(628) 814-7469
rec-1-dup-0,isabella,everett,25,pike mlace,rowethorpe,marsden,2152,nsw,19110816,6653129,HQHHP2312J,6992718522
rec-4481-dup-0,,dantiochia,,wiburd street,solander centre,como,4035,nsw,19221020,6629558,Q5HBP3389V,7102631460
rec-3439-dup-0,zack,novak,2,burara crescent,poppad owns,,4311,sa,19591026,2536498,GFZWP8164U,8727022525
rec-4889-dup-0,hugh,deblasio,,totterdellqstreet,mariner views,west perth,4814,nsw,19280627,8578252,KTSQP0660W,+91 8336146751
rec-348-dup-0,leah,clarke,2,iterra place,,new farm,4109,vic,19650213,9701309,DGDTP6430O,(685) 788-8378
rec-2895-dup-0,kimberly,kelley,59,harwood court,aprt 18 the village,emerald,3127,qld,19560627,3990210,XMEAP1596N,06321082860
rec-4246-dup-0,tyler,nguyen,11,hoddinott sltreet,bridgefoot down,bullsbrook,2002,nsw,19030702,2003210,CSSZP6150F,+91 8561817435
rec-2146-dup-0,luke,barisica,4,macarth u rplace,kurrajong,windsor,5365,nsw,19510612,6325283,YEWGP7333J,(759) 665-4158
rec-1738-dup-0,rebekh,whitters,55,mcginness street,bay cit y hplaza,ganmain,2076,nsw,19360902,9026077,DNRDP8774N,+91 8932595022
rec-4509-dup-0,,tiller,12,colebatchplace,brentwood vlge,jesmond,3163,vic,19280518,3425576,AYBQP7534L,7779664149
rec-1061-dup-0,pia,chell,81,bayley street,youralla,,2614,qld,19400227,4770120,SYRVP2268S,(775) 235-8307
rec-1963-dup-0,rebekah,green,14,laker crescent,,whittinhgam,2166,wa,19920111,4383145,VNHOP1770H,+919641402380
rec-2776-dup-0,abby,ryan,10,paul coeacrescent,kooyong,carlingford,3144,vic,19670119,9471831,RSIUP8743L,
rec-2071-dup-0,lauren,voskulen,8,mccubbingstreet,inveraray,toorak,2600,nsw,19540407,6075780,IEQQP1283G,+919657608596
rec-4630-dup-0,max,clarke,36,playfair place,kanga park,parramatta,5608,vic,19360102,5709157,PJFUP7383X,6422655288
rec-482-dup-0,white,wilson,22,bellinger crcuit,brentwood vlge,carine,5504,qld,19330625,7471491,XASVP9441T,+91 6420326326
rec-4173-dup-0,fenwick,mi,8,dunstanstreet,vinder lodge,keilor east,2441,qld,19240220,7504708,SCYYP4749T,95538-67684
rec-2030-dup-0,whoe,chloe,7,myall street,yallanbee,north maclean,2016,vic,19830207,7105783,VGPXP8455X,+91 9570873551
rec-1204-dup-0,indiana,campbell,6,linger place,oakdene,,5069,wa,19430315,7787158,WQPAP0245V,(773) 271-2264
rec-2928-dup-0,harriet,doogue,4,concept,mugga lne,matraville,3194,qld,19091014,4166027,ILNEP6929K,+91 9128622713
rec-1915-dup-0,shawn,boothroyd,19,melrose drive,,oak park,2166,sa,19700418,8329531,YUCWP4549X,+919544398702
rec-4812-dup-0,anthony,roche,11,waller ceescent,gungarlin,st andrews,3103,act,19930109,7209435,,+91 8165210834
rec-881-dup-0,talia,berrey,24,nemarangcrescent,,nollamara,3707,vic,19690713,1239638,YJYKP1311N,+91 9619697251
rec-1797-dup-0,jessica,regalcado,,,edge hizll,devonport,6076,qld,19441202,2223697,ESTAP2228I,07587207049
rec-1993-dup-0,taliaw,collinson,20,oliver street,,paraburdoo,3197,nsw,19320209,1496537,MYPEP4172U,69710-52481
rec-3945-dup-0,elie,reid,35,nemarang crescent,brandywines tud,jarra creek,4051,wa,19090612,3825290,,7138893298
rec-2608-dup-0,shane,groenveld,733,herschell circuit,cold higham,rowville,3016,nsw,19770716,8547078,CQFYP8879W,
rec-500-dup-0,sonja,clarke,7,carrington street,,coolaroo,6317,vic,19750513,4512800,ZMUQP6202Q,7836774556
rec-4131-dup-0,jessica,webb,81,bimberi crescent,chevioth ills,wanniassa,5073,qld,19250410,9559799,HSOUP8516U,9885074653
rec-1098-dup-0,jacob,bradsha,30,tipiloura street,lansdowne,burringbar,2622,nsw,19380406,1735204,PBLCP6145S,+91 8360217091
rec-3827-dup-0,warrick,farragher,1,,dental 3 garden ctiy shopping centre,rose bay,3175,nsw,19920222,6909540,QLOHP3912Y,+91 8795365577
rec-1701-dup-0,georgwa,laria,16,oxley street,townv iew,allambie,5127,qld,19170818,2152599,MZJJP0243V,6284146851
rec-220-dup-0,gabrielle,finlay,14,lipman street,willowcrnest,park holme,2680,vic,19880609,2407770,PAGSP95974,08476479198
rec-691-dup-0,kalli,detnzer,23,florence taylr street,lumeah hosmes,rowville,4306,qld,19440320,3527872,HSJMP5522W,+91 9893372731
rec-1180-dup-0,carly,herbert,9,strathalan homes,darwinia terrace,,2221,vic,19561119,6065655,SPWOP6963P,8776837361
rec-142-dup-0,emiily,jeffreis,39,oxley street,paddy,blair athol,4051,wa,19250402,9596327,GRDKP5217Z,+916760547294
rec-3334-dup-0,keely,demarco,56,serpentioe estreet,,mona vale,5113,wa,19910622,2184846,CECYP3440K,+91 9271459125
rec-2053-dup-0,flytnn,fitzpagrick,19,burns xircuit,the willows,tuggerah,3033,vic,19540125,1010947,STTIP8540L,84584-58843
rec-57-dup-0,erin,fedst,23,brentnallz place,blacklea d farm,atherton,4650,nsw,19181028,1261908,GFESP9565H,7886631626
rec-2272-dup-0,slack-smith,katelyn,5,mugga way,bundong,marrara,3505,nsw,19990408,3255344,YTNAP4855O,(625) 412-4605
rec-646-dup-0,holy,patersoen,1,collier p ark vlge,biffin street,kogarah,2360,qld,19620830,7769159,EIEPP1836Q,7528604196
rec-4419-dup-0,jessica,mac nell,13,neeld place,bessy sue,sheffield,3124,atc,19160213,7779746,TOENP7503J,+91 8039531798
rec-1144-dup-0,joel,shephrdson,515,elvire place,glanworth station,mayfield,2000,vic,19250903,9617566,EAJPP8385C,69545-14801
rec-4236-dup-0,bailee,berryman,7,jarrah street,bishops creek,stanhope,4053,as,19780405,1761772,PJJPP0768A,74361-93410
rec-2747-dup-0,joshua,trait,94,batchelor street,kurrajong,mirboo north,2259,sa,19161010,9285169,VJFLP04597,+917874419397
rec-3717-dup-0,tyler,siviour,1,ina gregor circuit,oivi,blakeview,3630,qld,19030131,6849934,SPRKP5001K,(968) 567-6758
rec-79-dup-0,joel,runnle,108,reveley crescent,st vincents hospital,dunsboorugh,2317,nsw,19780403,8984765,LGEDP9671A,6841532383
rec-3830-dup-0,nathan,samuniuk,53,forest dale,burkitt street,hindmarsh west,5540,nsw,19831213,3693831,HXQPP3834Z,6245023368
rec-1337-dup-0,,sztollc,29,berrigan crescent,,rivett,3094,qld,19481217,6141781,XNCMP9878W,+918651252298
rec-180-dup-0,thomas,white,42,cochrane rcescent,balmoralgarden,sefthn,3136,qld,19800413,1153372,ARGCP5897B,8605551171
rec-115-dup-0,gabrielle,mailp,77,rich atreet,boonoo soonoo,rokeby,5271,sa,19561107,9010254,HGYTP1561C,+919926696904
rec-839-dup-0,teegan,gaskin,10,maclagaja street,the lojdge,spearwood,2765,nsw,,8091072,FRAXP5215Z,6777086172
rec-301-dup-0,benjamin,campbell,2,cockburn place,kangaroo gnd,banyo,2605,nsw,19180920,2472793,KGGZP5599I,9950018859
rec-2436-dup-0,mitchell,crofuch,5,hurtle avenue,lucerne park,telanga tuk,4812,qod,19130817,9172315,KEOZP8662N,+91 6896411826
rec-4699-dup-0,daniella,chandler,1226,lewin wtreet,the willows,robertson,4173,vic,,3790237,DWDYP3499F,09058793267
rec-3134-dup-0,erin,embrey,85,arabana s treet,caloundra family medic al practice trinit,caves beach,4000,nsw,19990704,7556655,UNZZP0218R,6797485088
rec-2521-dup-0,bailey,ryan,94,parker street,envirdona,nowra,6042,vic,19361224,2466735,CHGQP3955J,6680851902
rec-1319-dup-0,tuscany,yen,138,sage close,woolomoolan,mundingburra,3174,nsw,19011205,1974035,KWCBP1248N,(797) 585-9754
rec-2718-dup-0,jye,feleppa,72,,bowtells caravn park,carrara,3630,,19691127,9051864,KQQCP3103B,(936) 945-1784
rec-2264-dup-0,madeline,volpato,7,elliott street,lakeview park,glenhzaven,6442,vic,19341126,1203476,HKWDP2407Q,65364-62431
rec-3119-dup-0,alice,wynne,3,st john crescent,civic cenire,robina,3971,vic,19220112,1785202,SAPRP1722B,06695657850
rec-3810-dup-0,kallgi,,187,getting crescent,koah lodge,newrybar,4301,vic,19031202,2486956,FQFEP7588O,09368186110
rec-607-dup-0,jessica,vogiatzi,34,kinsella street,,connolly,2800,vic,19610619,7088980,OXTQP3167Q,+91 8872842939
rec-446-dup-0,callum,everkett,19,grayson street,logan central plaza,willetton,2621,sa,19840331,2551623,DICRP1516G,06574709411
rec-3961-dup-0,emma,thorpe,60,sharwood crescent,wyuna,warriewood,4510,vic,19211218,3966976,CVLYP4480E,(737) 463-2477
rec-4561-dup-0,rebekah,mccracken,923,henningplace,john flynn hospital,dandenong north,5356,nsw,19170824,9290031,KFGXP1327F,(622) 172-2354
rec-591-dup-0,sarah,brgels,23,torrensxs treet,,tarrag indi,2747,vic,19521019,8447931,VERM23993P,06118023725
rec-3227-dup-0,niamh,kingsley,36,badimara street,warrowitue,eastwbood,2220,vic,19060707,5893180,PKEVP8431I,
rec-1541-dup-0,jessica,paine,58,eddisonv place,pine hut,new farm,2022,vic,19661210,8315488,PQHUP1209A,+916225435768
rec-3677-dup-0,madison,maruos,42,crouch place,heights estate,junee,2444,nsw,19030404,7501014,WFVBP7483C,09941775656
rec-3352-dup-0,kylie,webb,1,gard poace,,findon,3156,nsw,19860814,5234286,IYMYP9810D,+918203921477
rec-728-dup-0,olivia,iacopeyta,45,arnot place,windellama est,point turton,4565,qld,19740702,5166554,PDSTP1242K,+917801603897
rec-3263-dup-0,jacob,weaeer,27,fergusonfcircuit,braeburn,hoppers crossing,6062,nsw,19231001,4297631,KBZPP9176X,+916442682119
rec-2901-dup-0,harrson,laihg,158,bunburryjstreet,brightling park,wamberal,2086,wa,19620510,1807525,ZLVPP2354O,67284-77268
rec-2128-dup-0,flynn,glopster,2,davies place,canowindra,andergrove,2519,nsw,19570911,5757208,HXLPP3098X,+919741107746
rec-4307-dup-0,claudia,bihar,33,arabana street,belandean,mod,5025,qld,19150406,8874107,GILSP8776W,+91 8506561102
rec-2188-dup-0,ella,egliinton,03,alexander mackie circuit,treetops,frankston,2450,nsw,19630129,1794441,OGIRP9184U,+917432344423
rec-4994-dup-0,,mercoreola,14,couchman crescent,springfielsd farms,taringa,4501,vic,19520708,9804598,URJWP8492N,(624) 345-1996
rec-2841-dup-0,sideris,madeleine,6,ferry place,brunton,glendsle,4670,nsw,19851113,4355459,KAZXP8952T,+917042697855
rec-979-dup-0,jed,stanley,69,fisken c rescent,hawkhurst cottage,ermington,2090,nsw,,5004344,HFBSP8759E,(636) 867-1270
rec-105-dup-0,breony,webb,168,lewis luxton avenue,court units,duncraig,4216,nsw,19680529,8214196,RQKDP7953H,8026086393
rec-4197-dup-0,talan,stubbs,21,binns street,ashell,croydon north,3032,wa,19221022,7550622,RBSSP8004O,(637) 717-7195
rec-2011-dup-0,ruby,grobler,128,lonsdale srteet,tallinga park,newbridge,2105,nsw,19190104,5332690,OJHKP4586T,06103953164
rec-4395-dup-0,jessica,andretzke,14,chowne street,stfrancis village,lilydale,3134,qld,19340225,6331022,RVWZP8866H,+919453015241
rec-4303-dup-0,alessadra,stanley,9,araluen stteet,bombow lee,beaudesert,3104,qld,19940325,8650329,YNSTP6306K,86195-63651
rec-4077-dup-0,julinaa,matthrws,1261,lamingtonj street,mount pztrick,cherrybrook,2227,vic,19030123,9544022,ZOLXP4704R,9336445598
rec-1406-dup-0,brett,beauman,5,stockdale street,promenadie arcade,sheffield,2358,vic,19170420,4623290,KYYZP2122Y,+917963998342
rec-3298-dup-0,alessia,krajnc,30,fergusson crescent,kalga,shorewell park,5044,nsw,19421102,4012486,UWCXP1476H,+91 9773576316
rec-2579-dup-0,madaoyn,mccarthy,53,lind close,tressing ifelds,beenlegigh,2219,qld,19620612,6626116,LQVAP8032Y,(654) 297-2505
rec-1757-dup-0,ruby,nguyen,131,berghofer court,wealdstone,lilydale,3934,vic,19660122,1868976,HOERP3164V,7974851514
rec-4436-dup-0,pia,aba,16,tarden t street,,clifton springs,6100,tas,19030803,9804900,ZAOTP3850G,06499637788
rec-286-dup-0,kiara,drechslerj,2,shackleton circuit,glenvi ew,bulimba,4064,tas,19590816,5052016,VQQKP8607M,+919416515619
rec-3536-dup-0,jade,clutternuck,142,chipperfielod circuit,westcourt,bundamba,6050,sa,19151030,3828291,QNYZP7635X,(971) 108-9900
rec-1100-dup-0,bailey,garcia,2,archibald street,kimberley,swan view,3071,act,19351102,2638117,CWLMP3468D,9681866651
rec-495-dup-0,madion,renfrey,7,mcdougal l street,pine hill,barwon heads,6001,vic,19070611,5700724,EGXTP4915M,
rec-3845-dup-0,claire,hutcheson,13,tunney crescent,rmbh 8 84,muchea,4510,qld,19640626,8325756,OYPUP8657N,(955) 036-9875
rec-2732-dup-0,garcia,sebastian,24,cockcroft avenue,,blacktown,4077,sa,19640925,2452041,USBXP7180V,(751) 757-5870
rec-3375-dup-0,jayden,rees,480,beaufort retreat,ramano estate locn 1,black rock,5253,qld,19350102,8170572,DNDRP1882F,97908-27752
rec-2630-dup-0,nicholas,mamarika,15,allambe street,koonawarra mreino stud,wantirna,2533,vic,19840311,4175032,ZGQLP7529D,+91 9639665782
rec-1598-dup-0,riley,nevolvle,51,irvine street,the canberra hospital,lockhart,3127,qld,19430319,3568574,GPFJP8428B,+918241711792
rec-627-dup-0,,orchad,84,smal l loace,jalbarragup h omestead,glen eden,3075,qld,19181128,5132162,SFUGP5444N,(693) 175-3902
rec-506-dup-0,madeline,hage,15,banner street,oredl,bayswater,4860,nsw,19640929,6710911,TLMXP1019M,(835) 600-3854
rec-4213-dup-0,charlotte,,64,elvire olace,mt pleasant,port macpquarie,2210,tas,19182115,3647256,RLHCP1067J,+91 6609579575
rec-2587-dup-0,tori,reid,16,arthur circle,nowramall,lalor,2176,vic,19570425,5350892,WWMSP7953S,+918613874114
rec-2411-dup-0,thomas,kullmann,79,delorainestreet,strasus,park holme,5009,vic,19120424,9266755,KEVIP3367A,+919984037231
rec-2658-dup-0,flynn,rosato,25,la perousw street,cowal,east msitland,7410,wa,19160718,6064519,VBWAP6445V,+918125545459
rec-1556-dup-0,kayden,hochuli,15,william webb drive,,wangaratta,2292,nsw,19891108,2978402,EIHXP6246Y,07356351112
rec-1540-dup-0,isabelle,thorpe,20,rischbieth crescent,north stra resort,ross creek,2444,nsw,19720731,6747384,CCGOP7087C,(630) 570-3879
rec-2527-dup-0,ryleh,milesg,7,yarra street,annecy park,carlingford,3616,nsw,19850930,8262494,WATNP0868R,8957419591
rec-836-dup-0,breony,aujard,166,barada crscent,clear creek,flinder stpark,3151,vic,19870124,4700161,MLUYP9151F,+91 7741200176
rec-1812-dup-0,hoie,aurro,1,pinkerton circuit,brentwood village,miaim,3030,vic,19561122,7478672,EYNQP5474X,7996063947
rec-3191-dup-0,kyle,campbell,56,traeger street,bowen palms caravan park,beenleigh,3424,vic,19230828,5010535,HZASP5942Z,(650) 705-0763
rec-1586-dup-0,phoenix,pinzon,205,hawker syreet,scottish masonic village,carina yeights,6062,wa,19290505,1130499,BDXVP6930S,05330358970
rec-2328-dup-0,taar,negrin,493,,unmnea,leppington,5251,vic,19381130,4747156,AHHXP7478W,+91 8522308745
rec-2885-dup-0,max,mayer,36,braeburn,riley hcfose,wynhdqm,6056,vic,19350817,7515435,,90329-27437
rec-4035-dup-0,chooe,worm,6,brentnal place,donna valley,karloo,3128,nsw,19000814,9383057,IKLCP4843H,+91 7254132619
rec-4449-dup-0,olivia,boyle,37,chauncycrescent,cygnet river schoolhouse,plumpton,2460,nsw,19581017,8738461,TETWP3139W,07055439342
rec-4992-dup-0,caleb,kwistek,16,gatty street,villa 2,castle cove,4220,qld,19641121,5138480,JIJUP5874Q,(665) 759-1837
rec-3736-dup-0,alita,mogavero,24,beattie crescent,heritage est,moe,3142,nsw,19170315,2991381,NARMP3975Z,08378825292
rec-188-dup-0,,kukla,3,dines place,bayford cottage,blue haven,2526,vic,19240628,5073770,ZWYQP2249V,
rec-1518-dup-0,fardwll,alicia,63,,pint p ot,sunshine jeach,2203,nsw,19471004,7172127,EACOP4463H,+917872122611
rec-4375-dup-0,burford,sascha,1,o'connell street,rowethorpe,berrimah,3212,vic,19801119,2679424,RUYYP6108Y,07337018567
rec-4900-dup-0,charlotte,fingas,94,lendon place,lexington,frankston,6201,nsw,19080713,2597760,QFJSP5509T,+918008005456
rec-2267-dup-0,jacqueline,tomiich,34,giles street,noorls,kilsyth,7030,wa,19230609,5698710,IHMJP2006C,+91 8092076325
rec-2369-dup-0,kaitkin,katarski,6,gidabal street,lawley park,milperrs,0802,nsw,19900303,1052599,WBYWP1215S,07246312262
rec-4714-dup-0,mclaine,chloe,1,appel crescent,milly milly,old toognabbie,3199,wa,,1418089,,6689143287
rec-1901-dup-0,white,shelby,23,britten-jones drive,finisr iver,brighton,5159,vic,19090729,3656655,ISITZ5150R,97218-62022
rec-2647-dup-0,timothy,twigger,9,tunney crescent,,toorak,5013,vic,,9871543,GPFKP9253X,+919150014428
rec-3508-dup-0,jacob,campain,7,logan street,,toowoomba,4551,qld,19520416,1591935,HBBWP1713S,+916032983267
rec-4571-dup-0,kirra,large,20,jondol place,coolsdie,blaclheath,2034,qld,19620904,6564371,ZWDWP2787V,(945) 244-6805
rec-1683-dup-0,andiew,renfrey,95,dickson shoping centre,margaret river carvn park,swan hill,4740,nsw,19640819,9425075,MYTJP7935P,+916793823227
rec-4369-dup-0,sienpna,kilb,21,archdal l street,yoorana,st albans,2090,qdl,19940203,8614284,WDGGJ7723D,+91 6940759160
rec-3011-dup-0,alaiyah,klmem,12,crozier circuit,sec 161,towradgi,6330,vic,19100824,5690083,CXGGP6508H,09022185376
rec-1740-dup-0,oliver,beatie,68,brigden crdscent,mortlach,matraville,6164,vic,19030824,4461623,IEOYP7138P,08885839048
rec-2080-dup-0,madison,hand,4,mcnicoll s treet,old farm,kongal,2518,vic,19270511,3480162,WINUP7585Y,+91 8674417246
rec-3017-dup-0,josua,caromdy,19,shakespeare crescent,kellhaven,edensor pak,3250,qld,19050227,6686589,TICCP7252H,+919380357852
rec-319-dup-0,juliana,campbell,18,nicholls place,illuka prak,ridleyton,6720,nsw,19540308,2165254,CLXNP7286T,(613) 145-5086
rec-2769-dup-0,caitlin,weller,1,fullerton pcrescent,villa 5,rowville,4113,,19980825,1647081,SMILP1688O,9670333529
rec-3679-dup-0,senner,tylaj,10,kenyon circuit,eaglev iew,taree,3192,qld,19900331,5063985,PFCYP0825W,+91 6294835246
rec-707-dup-0,emm,webb,16,manning treet,craiglee station,montmorency,6155,nsw,19560630,6562713,HBCYP8676B,9770358231
rec-916-dup-0,tians,whiet,20,tazewell circuit,ningana rekirement,toorak,2205,vic,19460218,7461693,AEHCP3059K,(928) 593-1213
rec-2258-dup-0,thomas,brock,4,temperleh street,northwood park,mount warren park,4670,sa,19520624,9531535,DXMDP46G1A,62089-63145
rec-2121-dup-0,sophie,masolagti,67,lyndonstreet,,wynnum west,2022,sa,19320713,4414033,RQJQP7824L,6344862277
rec-3432-dup-0,,alwast,6,nunkeri,lhotsky street,brighton,5032,nsw,,7148945,OWZOP8015I,+91 9373923426
rec-1724-dup-0,caitlin,ridr,37,morgan crescent,,oak lfats,6330,vic,19580428,2527146,GFOIP9045J,+917431191559
rec-1418-dup-0,beau,dallas,19,lange place,,blakeview,0827,vic,19581021,2569822,LIHJP9386W,+916155786256
rec-3422-dup-0,alyssa,klusk,17,woodgrovw close,b,keiraville,4125,vic,19170822,4937438,YMOGP4712C,(913) 028-6848
rec-674-dup-0,kylee,clarke,57,pethebrid ge street,lansodwne,normanville,2034,qld,19000930,3275236,,9197971617
rec-3859-dup-0,lep,waterfall,21,mockridge crescent,aptmn 1 2,malvern east,4157,vic,19430408,8187145,UFMIP6627K,7277491665
rec-1410-dup-0,kyle,faull,38,moynihan street,cosy corner,lennox head,6081,vic,19960130,1684057,BBQPI7740X,07029969070
rec-538-dup-0,lucy,eglinton,15,jefferis street,,midway point,3050,wa,19070301,3897066,OJXPP8213E,
rec-1952-dup-0,livia,,73,stapylton street,kanjara,roxburgy park,2212,qld,19790329,8689632,TOUVP9866A,80279-31160
rec-2466-dup-0,,millar,2,coglinp lace,hmas cerekrus,burrum heads,4157,vic,19591021,5479529,UIXKP0865U,09231548464
rec-574-dup-0,emma,marcola,7,totterdell street,rosetta billage,goonellabah,6018,vic,19641017,7190961,CLSYP3445P,+916642674897
rec-3258-dup-0,shana,ryan,30,monaro crescent,old lakez hotel,duncraig,3220,nsw,19000819,4773341,TKVOP3904E,+91 6346569020
rec-2659-dup-0,elise,padbury,137,bennett street,,labrador,3630,vic,19400826,9441828,WUCAP5008V,6314319222
rec-1588-dup-0,jye,humberdross,273,coles place,de cameron,kingaroy,6230,qld,19510505,8884850,RWKCP0023Y,08459287744
rec-2296-dup-0,caitlyn,green,105,hawker street,snugbeach vvn park,crestmead,2145,nsw,19691194,2466204,,06468399450
rec-89-dup-0,ned,glennon,46,donohoe place,australi a arcade,menangle,2222,vic,19750118,6310028,WGFUP6847B,06368797482
rec-426-dup-0,robert,clarke,42,miller street,,port macgquarie,3337,vic,19601221,8342535,CNDYP5034W,+91 6294812489
rec-563-dup-0,sybella,meaney,82,julius street,east end,seafroth,3690,sa,,7466921,NKMMP3570H,+916878417958
rec-4720-dup-0,mccarthy,jack,122,shackleton circuit,macquarie inn,westfield,4109,vic,19411214,5715719,MHNLP1631X,82351-11004
rec-231-dup-0,ellen,harrington,45,kardang street,cro ssands,balhannah,3168,vic,19130627,6204857,LKODP2141Z,6378435003
rec-2752-dup-0,todd,allabanda,,pindari crescent,afflepxian,ottoway,2074,qld,19120701,9676170,WOYMP3179F,(908) 513-4301
rec-3365-dup-0,mackenzie,rendulic,,auburn street,lonesome dove,blackbutt,4271,,19700812,5371450,VHZFP6936K,07130652181
rec-4841-dup-0,connor,bergsma,180,ferndlae,tinderry circuit,penrith,3047,nsw,19580116,5081459,SZRRP4921S,+91 7662199046
rec-3672-dup-0,stella,,408,kallarq close,,burleigh eaters,4122,wa,19510426,7535262,PBJFP2910A,06316287811
rec-2703-dup-0,alyssa,coleman,9,marsden street,main beach med ical centre,rowville,4556,qld,19260829,5376425,LLIAP9751A,(620) 861-5764
rec-2197-dup-0,finlay,bedding,2,,abbey fields,orchard jills,4301,nsw,19640329,3074334,KRCDP6972Z,
rec-3224-dup-0,nathan,dudley,2,chevalie r street,,wanitrna,3150,vic,19740724,6423373,UMGHP4510G,09653917604
rec-3986-dup-0,sophie,joaquim,35,,,lindfield,3151,qld,19320118,4865826,TIMVP437OR,+919337997903
rec-4670-dup-0,konstantinos,nguyen,56,pinda,twamley crescent,wanmiassa,2173,nsw,19730401,4155990,MZJTP8105W,86675-11907
rec-4885-dup-0,lia,sheley,102,wisdom sreet,de cameron,port lincoln,2747,tas,19510313,7625458,R7RRP3820A,06677466958
rec-3701-dup-0,jenna,burleigh,59,floraplace,glenfine s tation,chisohlm,3231,wa,19151113,9906150,JMBNP1560B,+91 8220887033
rec-1431-dup-0,judah,badger,10,darby street,taskers village,yangebup,6003,tas,19530826,3374540,GLFJP0853F,(803) 047-2987
rec-4098-dup-0,liyl,warnock,68,darlints treet,,exton,2154,nsw,19620520,2626334,EPTCP8910J,09370661786
rec-2625-dup-0,renai,leaham,25,arabana street,glenview,frankston,6751,vic,19370312,8777592,ZDAAP8449Q,+91 9865518261
rec-2524-dup-0,ryan,moody,7,pooley bridge,tyrrell circuit,nedlands,3809,nsw,19320818,7217442,USGGP0216A,7109289867
rec-421-dup-0,deakyn,cannell,20,vansittart crescent,st vincents me dical centre,,6065,nsw,19951221,1255552,SVKVP3832C,+916264009086
rec-644-dup-0,casey,meyler,12,gryllscrescent,,berala,4109,nsw,,8730501,SLFEP3381D,+91 9430715895
rec-122-dup-0,bianca,ryan,120,de little i rcuit,march rising,westmead,6163,wa,19091028,4864427,VHQMP2431M,06934537280
rec-1403-dup-0,zac,bellchambers,19,michael holt crescent,duc kcreek,kemblawarra,6104,nsw,19870104,4503098,,+919424953011
rec-1675-dup-0,brigette,marow,56,binya place,toowoombia,frankstn,2263,qld,19981021,6603838,DLSPP8807T,+91 8381377569
rec-971-dup-0,dylan,jedynak,,genoa s treet,ruthven street,glenhaven,4213,act,19201112,1200539,LPLEP8795P,
rec-3542-dup-0,erin,lovelck,22,druit tplace,on river,dorrigo,4118,,19680706,8834319,UNUNP2986U,98471-80194
rec-3609-dup-0,gillan,lilee,32,yarra street,glen-erin,leongatha,2518,,19510828,6966115,ZENPP4272M,+919781470336
rec-4381-dup-0,william,minnicn,10,tunney crescent,berkeley vlge,redbank plains,2835,qld,19530313,5016829,FALJP4829F,+918260115602
rec-1306-dup-0,erin,nguyen,80,crotonstreet,rockview aohtead,werrington,2066,nsw,19561212,9413029,AVKEP3899S,94006-49640
rec-3104-dup-0,louise,campbell,42,melrose drive,fairnolme,king river,2066,qld,19931202,3214176,ZXBVP6680B,+91 8649872567
rec-565-dup-0,reuben,mccarthy,130,greenvale street,delaware,hoppers corssing,6019,nsw,19030224,5053375,HZTRP5031W,80924-68734
rec-2324-dup-0,,scarce,92,perry drive,parklands village,,3199,act,19930925,6703972,HWLQP8317V,+91 7829480935
rec-4941-dup-0,beau,lowe,272,fergusson crescent,,carrara,6066,sa,19651206,8529720,DVXMP4674H,71823-19383
rec-1745-dup-0,jackson,faull,14,delprat icrcuit,erina gardns,maryborough,2430,,19510814,6483913,SOICP3D60Y,(955) 776-6463
rec-1814-dup-0,connlr,asendorf,21,falkiner place,luskincourt,oraneg,4032,vic,19290430,6699074,ZVDGP4268H,08123553210
rec-1146-dup-0,amy,jessbp,27,,sect 12,kellyville,2824,vic,19461007,9991046,JIQZP8673A,(826) 377-0441
rec-4160-dup-0,harry,waller,111,lochbuy street,willmon tpark,glendale,3170,wa,19680628,1311728,XSOIP9896B,+917461887944
rec-4708-dup-0,ellie,hamon,17,lyon place,oxon ia,st johns park,6163,vic,19750322,4621557,WBXYP5627L,6729006584
rec-3938-dup-0,jack,morrison,10,leahyclose,the w illows,edensor park,3068,qld,19480822,1000754,YXNQP7629Z,+91 7574423984
rec-3223-dup-0,bianca,mccamrthy,23,wakefield agrden,,elizabeth south,3126,vic,19991221,2431148,UUBNP9364M,+919569379106
rec-804-dup-0,james,kostrzynski,3,berkeley vlge,chipperfield circuit,potts point,4285,vic,19200505,6498292,VTTCP5629Q,+916082876805
rec-3596-dup-0,nicholas,milalr,201,malandao rchard,temperley street,hyde park,2767,wa,19300617,1000123,WCCGP9452K,6807688588
rec-4017-dup-0,sophie,canavbn,13,yandastreet,evergreen,malvern east,2022,wa,,7624166,GAQGP5335F,
rec-3307-dup-0,chevodnne,wilkins,575,wilga plce,theslpiway,kellyville,4215,sa,19721204,2353183,QYBYP4926O,
rec-2565-dup-0,brigette,siviour,19,bromleys treet,rowethorpe,parramatta,3204,nsw,19691123,4393770,UHCTP4364R,+917137591697
rec-2596-dup-0,amber,green,20,tom robers avenue,kimberlvey,north ryde,2510,nsw,19530919,3705115,FPIFP9116L,+916801556523
rec-3561-dup-0,eri,calrke,11,patten street,paddy's river,mourya,2066,nsw,19690410,6325590,QKJNP1798G,+91 7780998954
rec-3366-dup-0,rahcel,lowe,141,milford street,,darlington,4510,nsw,19810216,1700052,IYRUP4047L,+91 8705751751
rec-4023-dup-0,emiily,choi-lunkdberg,10,moseley place,glen alviw rsd,warriewood,2099,vic,19081225,8598033,GJCJP5781J,95637-41057
rec-3992-dup-0,marcus,spratt,39,chave stlreet,,oaklands park,4054,nsw,19170824,5276247,NHWFP7167R,+916747546277
rec-507-dup-0,ty,white,25,newbery crescent,jillamtong,albany cr eek,0630,tas,19111216,1390829,XNCYP7997G,+919093459772
rec-4261-dup-0,anthny,hope,136,locn 2 565,buckmasteri crescent,numeralla,3138,nsw,19330922,3443364,XLCVP6253Q,67068-85026
rec-2007-dup-0,danidl,toms,5,mcclelland avenue,sprintbanks,kendaol,2030,vic,19760921,3896174,FVLGP6599I,07940424530
rec-4760-dup-0,mloly,clarke,398,cameronsrteet,stonyridge,windsor,5806,nsw,19210202,2679994,UZCUP1183B,75463-51533
rec-1981-dup-0,william,ryan,1,fortitude street,hd of solomon,atherton,2206,qld,19520613,8994180,SHOJP5856L,08213220282
rec-3103-dup-0,alusa,mulvie,35,osburn drive,emoh,booy a,2000,sa,19400808,2724093,IZNCP0089U,+916799781543
rec-635-dup-0,james,thorpe,27,cusack place,,kardinya,4580,qld,19410413,3938054,YXHTP9240T,06510069826
rec-3817-dup-0,jared,masonr,9,woolner circuit,beachwood,pagw,3309,nsw,19510406,5818690,VFYLP5630U,+91 9871911445
rec-1278-dup-0,emiily,coleman,5,burdett crescent,withern house,wanguru,3757,vic,19030123,3292797,VXOWP0075X,+91 7648174456
rec-2247-dup-0,tabitha,walch,22,kosciusk oavenue,sec 3 11,jurien,2340,vic,19380223,2307700,IWDIP7411T,69194-60609
rec-318-dup-0,kiria,grosshan,41,greta main,maribyrnong avenue,buninyong,3163,sa,19180518,3161935,QCKOP0066J,76438-88375
rec-2429-dup-0,dylan,white,8,dirrawan garden,,manyana,2795,vic,19160414,8832194,TEZZP9120K,(965) 758-9979
rec-4125-dup-0,jayden,browne,20,marshall treet,,farrer,2112,nws,19291128,7073714,PKNLP1784R,(614) 519-7327
rec-2696-dup-0,jenna,nguyen,85,diselmaplace,villz2,collinswood,4343,nsw,19630325,2861961,YCZUP7601D,+919297665034
rec-1567-dup-0,campbell,webb,63,wade street,,mount vrosby,3152,nsw,19981022,3000281,NQSZP7846V,(851) 732-8589
rec-2966-dup-0,heath,tao,1,holden cfescent,,cooloongup,2594,nsw,19420605,9669484,DAEJP4483D,+919169673790
rec-3349-dup-0,lily,nobel,24,stonehaven crescent,aga rabi,emerald,2145,vic,19981015,3188848,AZERP1061Y,6017513833
rec-4986-dup-0,philip,nguyen,1,cutlack s treet,narada,bunbury,3183,nsw,19391206,5131671,TCSSP3671S,+91 6305228224
rec-1472-dup-0,,wilde,8,laidleyplace,halfmoon sotation,burnet theads,4702,nsw,19001220,4981478,XYRKP8553X,+91 2138604553
rec-3450-dup-0,jesse,white,9,dalley crescent,,north ikrra,3143,nsw,19820904,8123158,AUKWP3168N,(777) 684-0324
rec-182-dup-0,haklra,hokly,40,kirklandc ircuit,meear,wahroonga,3149,sa,19721209,5682368,,(762) 360-0356
rec-844-dup-0,charlotte,crossman,19,collings street,bridgefoot down,botany,6564,nsw,19221220,3932172,OMQMP2796L,(780) 653-9498
rec-745-dup-0,white,tahlia,8,black street,the haven pole,wantirna,4350,sa,19570317,4436806,NYYZP8051L,+91 9737155532
rec-3527-dup-0,barnsaby,westbrook,221,hadlei gh cricuit,the lakes retirement village,petersham,4181,qld,19440405,2487468,QFRVP91130,(959) 072-7834
rec-3970-dup-0,,camp,28,sharwood crescent,,laverton,2153,vic,,8240507,IZIUP8687U,(734) 232-9403
rec-3852-dup-0,talia,brooker,30,bellchambers crescent,rowethorpe,hawtohrn,2033,sa,19561107,4841722,OWBIP1087F,09131835034
rec-4621-dup-0,alivia,dixon,15,northbourne avenue,kergumyah,sandilands,2142,nsw,19961001,6449400,BJBYP7514I,+918759290920
rec-548-dup-0,jadue,czoloszyski,,waller crescent,st francis vlge,cabramatta,7190,qld,19491001,6141371,OWQMP6155I,7514630369
rec-715-dup-0,mia,lock,42,morrow treet,,woodburn,2810,nsw,19650307,6006824,WVYZP3922O,(959) 823-3045
rec-2766-dup-0,mckane,caleb,21,lochee plce,,auburn,3083,nsw,19370320,3598063,SSIAP9600B,+91 9712650699
rec-4830-dup-0,danile,green,1,hartog street,retirement village,bonnyrigg,2749,vic,19900926,9765781,REDYP9554B,(886) 396-7151
rec-2582-dup-0,madeleine,wang,129,goodsir place,may ctotage,devonport,4030,vic,19840516,6195273,UZRCP7535C,06741497066
rec-2515-dup-0,abbey,colquhoun,21,buntine crescent,glen e den,thornlie,2390,nsw,19960607,7703106,KACXP3740R,77442-18611
rec-4691-dup-0,william,tomney,25,dulverton street,oma ru,gilmore,5043,nsw,19280525,2940053,ZOHRP2646W,(871) 900-0078
rec-4790-dup-0,lachlan,ryan,38,leven street,pyramid caravn park,bulimba,2251,qld,19010120,7889345,GYKOP6081Y,07558216109
rec-2704-dup-0,oscar,frew,87,scotty,akma place,mont albert,2138,wa,19800611,8407358,UOYDP3217B,+918659671650
rec-4127-dup-0,dayna,gilfedder,104,burgan place,edwardsc jambers,hawthorn,3191,nsw,19520413,7277011,ARNZP2288S,90535-49310
rec-2220-dup-0,anthoy,green,51,honyong cqrescent,kilwin ning,fadden,2171,wa,19790424,9686264,DZQRP6324W,+91 8202383314
rec-2915-dup-0,zachafy,stanley,,southern cross,luehmannjstreet,berwick,2099,sa,19031015,3379992,KRYUP9849M,+91 9808830038
rec-2326-dup-0,tayah,de lucia,210,eugenia street,electorat eoffice,maiden gully,4567,qld,19520703,1220730,OCMGP6581U,+919447766063
rec-2418-dup-0,chloe,mason,62,kinchela crescent,,spotswood,6530,vic,19400204,7931480,WUUVP3976G,+916181858429
rec-201-dup-0,huxley,claudia,108,crease place,edellen,northryyde,2464,vic,19851022,9295307,,62343-82948
rec-4308-dup-0,samantha,laing,,stopford crescent,argyle ivllage,tharbgoang,2333,sa,19490130,3281458,XITYP8253P,7962564783
rec-4882-dup-0,charlotte,saltiel,25,discovery street,wanderers rest,long jelty,2135,sa,19291014,4955093,KNQDP2074G,7763343753
rec-216-dup-0,ashleigh,de bono,4,sloane place,villa 2,kilmore,2292,sa,19430521,9702458,PZZRP3632Y,09704477844
rec-2610-dup-0,josephine,highet,6,haydenclose,marandyvale,spotswood,2181,nsw,19121110,6475561,MTSMP9106D,99186-85924
rec-1379-dup-0,ambr,grubb,,eady sreet,corella,edithvale,2590,nsw,19850127,1191313,YYUKP9729S,90035-42480
rec-4798-dup-0,crook,channing,1,villa 115,rumkerp lace,thorbnury,4380,wa,19701023,3361106,BBIGP9782I,08436204686
rec-862-dup-0,riley,green,20,riorda n sreet,tillside,burwood,3199,vic,19531216,5368190,OQZXP8759N,97286-60225
rec-3627-dup-0,paul,maksom,35,blazvyplace,elouera park,kingston,3143,vic,19280108,2229267,CPDCP6289Q,+91 9560473906
rec-4314-dup-0,samuel,david,62,namatjiradrive,apmng 501,north arm,2166,qld,19560208,8268023,ASBCP6747D,6262405790
rec-651-dup-0,nicholas,hoyland,45,shirlow place,jewells medical centre,wantirna,5049,vic,19200610,4055212,KLAEP0043V,7240174009
rec-1762-dup-0,hayley,mort,23,namatjira drive,nioka,iluka,6027,qld,19150115,8448786,PIXVP0871L,7468317120
rec-1553-dup-0,ebon,robson,31,freda bennetjt circuit,rowethorpe,ryd,2450,nsw,19301219,3841520,TWOXP7129Y,94523-06864
rec-2475-dup-0,karla,wilins,66,clifford cerscent,talgarth,oatlands,2323,nt,19590520,3511629,ZLHPP4841F,06184438648
rec-549-dup-0,chloe,vincent,196,goodwin street,rosehill,wallsend,2745,wa,19140726,4286524,QBZNP3393J,07460962416
rec-1985-dup-0,,lund,287,caley crescent,allandale agedc are facility,mill aprk,4053,nsw,19180902,7074690,GNEXP8266E,+918757503098
rec-4310-dup-0,phoe be,dixon,7,ambalindu mstreet,bracke n leigh,yass,6027,tas,19960119,3838118,DMHCP7431C,
rec-4036-dup-0,makayla,colquhoun,11,collocott crescent,locn 2093,port augusta,2605,tas,19431223,8018767,CZJVP8384H,(606) 882-5803
rec-3130-dup-0,emiily,green,24,luehmanh street,tawonga rdside,rose bay,2350,wa,19190825,2408163,WMWBP3304O,63014-86644
rec-76-dup-0,,miteff,10,goldenoaks village,tristania street,brookvale,3156,nsw,19550618,9393296,CJHIP8761H,+919078440001
rec-2938-dup-0,stephanie,dudek,181,forbes street,,buddinda,3226,qld,19130127,6246452,,+917149895694
rec-4221-dup-0,megan,wilkinsr,49,rosella s treet,nioka,eaglehawk,6011,vic,19590204,9298501,BGXLP4126T,07554695370
rec-1957-dup-0,kelse,hoebee,83,paul coe crescent,,st kilda,6027,wa,19970705,7042275,HGBXP6395Y,78925-25240
rec-2061-dup-0,dylan,millar,58,,the wi llows,woodbuen,2034,nsw,19330911,8113457,XPJUP0588P,7167457297
rec-1558-dup-0,sebatian,collier,14,cutlackstreet,tara park,east fremantle,3191,vic,19571233,7739308,GZZRP7115S,07743240302
rec-1366-dup-0,moulton,rory,2,box hill avenue,,beulah park,3844,qld,19760503,8152321,GLTEP0573W,(947) 434-2189
rec-3710-dup-0,alana,morrison,28,,allanavle,,6056,vic,19081110,2007717,YEFQP8943L,08818583532
rec-293-dup-0,robert,westhorp,26,kosciusko avenue,oa kp ark,,3109,vic,19690516,1463700,QMTLP3232K,8741157493
rec-3517-dup-0,dante,prieset,18,bamford street,robin's cottage,willrtton,2618,nsw,19150225,9740161,RLBMP6696U,7838838469
rec-3118-dup-0,emma,rook,11,chauvel cricle,,boyanup,4221,,19650302,9822954,FTCMP7799K,+91 8545892908
rec-4637-dup-0,aurora,gigney,64,o'rourke street,timdoolin,shellharbour,4059,nsw,19760409,7169291,UAFKP3860A,+91 8047145771
rec-2073-dup-0,hayley,doaln,59,,delicate nobby street,,5031,qld,19960713,1276506,IGDOP2055I,75922-27665
rec-2038-dup-0,marlee,boss,16,slessor crescent,north a rm,ballsrat,2134,sa,19940504,2634944,ROAGP9011A,+91 8669830087
rec-3132-dup-0,ethan,mcdermid,27,buggy crescent,rsde 817 wallace,eden hills,3287,nsw,19921128,3857378,JTUNP1681J,+917997666527
rec-392-dup-0,harrion,reid,45,sangster wplace,mount valley van park,harbord,5518,tas,19451222,7347950,SIJVP3345X,07216483794
rec-1665-dup-0,sohie,abeywickrama,48,bambridge street,brentwood vlge,old beach,4067,nsw,19570314,9229864,RJMOP8520C,8110853735
rec-2492-dup-0,aidank,banham,5,rowntree crescent,locn 8774,,2284,wa,19280830,5929976,MLEBP9484C,(618) 902-5456
rec-4329-dup-0,zac,doman,112,buvelotstreet,,ballarat,2097,qld,19150628,7022901,PTGVP7924R,+91 7589420571
rec-4846-dup-0,billy,hawes,50,ella close,executive arcade,mosman,5461,viy,19110524,1201773,4VSJP3753D,09740070318
rec-1506-dup-0,kiria,bradshaw,15,burkitt street,mindaree,tuart hill,3300,nsw,19180720,9562529,EQXIP9080U,(867) 464-6294
rec-2624-dup-0,masobn,natalia,2,aspinall street,blackridge flyfishing school,oak park,3134,vic,,2222516,MJUTP4974X,06243201488
rec-1946-dup-0,michael,rawlings,1554,millen sy ryeet,thehomestead,coolbellup,2750,sa,,6689349,ZGDOP0598U,07231065521
rec-363-dup-0,kirra,campbell,29,groom street,rockleighc ottage,north ryde,3206,nsw,19951128,9444838,KTYDP5710L,(878) 665-8648
rec-4579-dup-0,chloe,ryan,5,lambrig g treet,eldeslee vlge,eastwood,4371,,19570622,2578857,CWXHP7855L,9885140567
rec-4716-dup-0,lucy,dunthorn,7,grattn lpsce,thurlimbah,,4510,qld,19380809,7921182,RWYVP8582N,06452602815
rec-135-dup-0,lomman,brayden,1,cockburncstreet,hyladn,taloumbi,2756,vic,19941224,2435246,ZKNIP2267I,8562898220
rec-784-dup-0,lillian,humphrwys,8,mack s treet,,narooma,4352,nsw,19710908,6242916,DWVOP2211H,7670304763
rec-3406-dup-0,zachariah,bulgin,,throssell street,farn 43,modbury,2190,nsw,19590703,5683667,VJHSP8335Y,09090461428
rec-4734-dup-0,anthony,burkevics,8,dryandra street,alexandraracecourse,balla rat,3048,vic,19180927,2312985,QPCYP9952C,+918994607130
rec-1748-dup-0,mhary,rnudle,12,bradfield street,,woodlands,3280,vic,19960812,5560844,HJMLP6839O,+918659584479
rec-3850-dup-0,montana,webb,28,joyce pojace,ormerod cottage,surfers paradise,2305,vic,19420710,8424221,IKWTP4906N,84516-63900
rec-612-dup-0,jake,david,13,pearson treet,hazelwood garden,casino,2076,sa,19320306,5193402,JYDSP4946D,(771) 872-4186
rec-309-dup-0,eliza,campbell,113,dines place,villa 74 village glen,figtree,3550,nsw,19651205,4509107,GTLDP9678Z,(908) 556-5491
rec-4471-dup-0,william,campbell,448,tarra p lace,lochefnels,savage river,3075,qld,19630610,7272235,LJKYP8730K,7269251010
rec-1714-dup-0,latham,shepherd,50,namatjiradrive,banksia village,whitebridge,6083,act,19050621,8015196,JYJSP1966H,06597205059
rec-3240-dup-0,james,crook,3,antis street,myrrhee,shelley,2711,nsw,19520227,5851238,OWKEP2377H,09035720693
rec-2139-dup-0,emiily,campbell,62,oakwood place,thewedge,bogangar,4214,nsw,19810407,5373209,SMPFP4770V,06276532139
rec-1769-dup-0,anari,pettigove,9,betche place,b,gwandalan,3156,nsw,19890618,1209547,KMBUP5460A,79636-83537
rec-2453-dup-0,samantha,mccracken,162,shackleton circuit,old pur rawunda,westbrook,6020,nsw,19730929,3197473,STAUP1772M,+917254244429
rec-3481-dup-0,bethany,steers,3,temperleustreet,parkside flats,east aitland,4210,vic,19610825,5823896,IPLFP2635N,+918315170222
rec-4886-dup-0,tommi-ee,pagoad,1,strzelecki crescent,rathdangan,moama,3825,vic,19360520,8652033,2HLNP4246R,09742874479
rec-67-dup-0,erin,matthews,10,williamson street,yaraan,kilcyo,4218,qld,19991129,7747845,VZPYP2347C,
rec-1233-dup-0,,demetriou,4,,zimms corner,bayone t head,2550,qld,19100722,3790130,,09679439871
rec-3712-dup-0,heath,everett,7,hurry place,reinfr ew park,belmont,2447,qld,19430834,7474300,SILPP2312Q,09861958570
rec-3182-dup-0,luke,abrahamson,56,deepdale farm,vowles road,taringa,5330,nsw,19170625,4386896,XTOJP205VM,(895) 267-3839
rec-2941-dup-0,connor,grewen,2,benny place,the gums,crescnet head,3067,vic,19450207,7329507,,09482232820
rec-2855-dup-0,dominic,papageorgiou,1544,laperouse street,the lakes retirement village,bacchus marsh,3995,nsw,19140218,4660218,UAZKP9865L,6840824635
rec-2970-dup-0,charlie,mccarthy,1,swinden street,court units,sandgtae,2250,wa,19830303,3510238,CGZPP2403I,+916935438341
rec-1468-dup-0,aaliyah,ottens,17,mullan syreet,,ascot vale,5540,sa,19181214,3004031,MRCWP9150P,+917723171530
rec-3713-dup-0,chelosea,clarke,34,marrawah street,koonawarra meino stud,ashfield,3912,vic,19560528,1305791,PLALP1223M,+91 9042052431
rec-1644-dup-0,david,panaga ris,5,hannan c rescent,st george,bonnyrigg,2785,nsw,19160809,2039630,DPGRP2789J,6706513901
rec-634-dup-0,,maynard,,mckillop circuit,norely,ede,2339,qld,19420418,7402311,YRMBP9414V,08976632569
rec-1749-dup-0,amber,vincet,313,kneeshawstreet,vlla 18 pacifiv bay resort,oyster bay,4740,nsw,,2066144,URXCP0328F,(745) 882-5696
rec-4605-dup-0,georgia,,7,chipperfield circuit,eastern end,ryde,3500,vic,19141110,1576434,RCGLP3315P,06188248222
rec-4138-dup-0,justin,weller,3,sprent street,heritawge est,thornlie,2074,nsw,19441214,5085526,YKFTP4151B,+918834952496
rec-501-dup-0,brbdy,kis,88,knox street,kingway tourist park,caves beach,2284,sa,19560723,6452285,WEKXP0170Q,8031046604
rec-4922-dup-0,rolliqns,ashleigh,22,mcrae place,mansfie l dpark,dato,4672,tas,19180307,4706557,EQGYX4538Z,92488-58816
rec-2482-dup-0,hayley,benger,125,mckailcrescent,rosetta ivllage,southbank,5048,nsw,19390818,2726971,PAAWP8226E,74764-55815
rec-3338-dup-0,jason,tebbutt,,stradbroke street,kildurham,winthrop,6213,act,19750627,1072661,QDMDP2574I,7667778355
rec-3181-dup-0,katharine,stubbs,158,serpentin estreet,grasmere park,magill,5290,nsw,19511101,8604811,PINCP7247G,9673425386
rec-355-dup-0,painter,eva,116,castleton bcrescent,mawingo,malvern east,3338,nsw,19770419,6468703,YIUIP3848Y,(929) 695-9007
rec-902-dup-0,angus,chandler,20,archibald street,,eight mile plains,6150,qkd,19531214,3626178,NNSFP0026R,+91 9582329718
rec-4522-dup-0,broose,reid,27,skertchly place,santa lucille,rye,4115,qld,19341227,3146566,PJJNP5798W,(958) 934-4836
rec-3346-dup-0,talena,white,4,tyson street,rocklea,eagldahwk,3188,sa,19580101,7287410,DKFUP8603P,6442744225
rec-1876-dup-0,abbey,lewkowicz,33,stead place,dalamar,lake munmorah,6108,nsw,19240802,1187314,OCUDP4197O,+91 9485258006
rec-1213-dup-0,brendan,whillas,30,nindaawrri,horrocks street,carlingflrd,6061,qld,19140619,7279575,FSJDP2279K,(843) 448-8330
rec-4443-dup-0,amber,nguyen,293,hartungc rescent,grandview,aubura,2209,nsw,19780324,1331391,RPXJP2883E,87912-10593
rec-1235-dup-0,michael,ryaan,3,mollee crescent,,birkdale,3757,wa,19460409,1467578,,9146362751
rec-1869-dup-0,anari,burrill,41,burrinjuc crescent,,east freemantle,2537,wa,19671115,7891299,PKDHP5284M,07345265223
rec-1249-dup-0,benjamin,browne,710,beazley crescent,,merrimac,2094,nsw,19660327,9379589,LIGPP9700E,6008738407
rec-4029-dup-0,darcy,montfort,194,,upper newe ecreek street,mount helen,2448,qld,19580822,6099624,DDLYP9916V,+916891174862
rec-1231-dup-0,sma,detn,4,chillagoe street,myliton,hamilton,7325,nsw,19270825,9350791,SNHWP3002V,7858477179
rec-4076-dup-0,,slavvjevic,5,bellinger circuit,panfani,snowtown,6230,vic,19770927,8191221,KRDDP6350T,+917625526633
rec-4064-dup-0,benjamin,asche,2,cochrane c rescent,st helens pastoral co,boyne island,6149,vic,19260316,8036732,WEOLP1116B,+917562202163
rec-3630-dup-0,cain,quilliam,40,,nuffield vkllage,clayfield,3858,nsw,19861124,5735991,VQMPP9117F,+91 8125523989
rec-4662-dup-0,james,,,fihelly street,leumezah,woodville north,2155,vic,19081030,5908468,BQPRP4010K,06331893561
rec-1785-dup-0,tiarna,whitd,1,faucett street,dallyn,childers,4880,qld,19310412,3803605,YNWBP8279U,09290599221
rec-3196-dup-0,indiana,hyland,19,aronson crescent,evergreen,cooranbong,4741,qld,19101219,8061638,LVXAP1611E,83351-97822
rec-4488-dup-0,lochlan,shephrec,51,barnett close,winteirga,bimbi,2328,vic,19850102,8073994,APALP8429U,(998) 528-8796
rec-2243-dup-0,benjamin,herbert,,vonwilleer crescent,,geelong east,3163,nsw,19310822,6246038,JESYP8338L,67911-67284
rec-1775-dup-0,sian,debt,12,kaeppel place,walhalla,belmont north,5253,sa,19470506,9599013,GWJCP8048L,(857) 676-3984
rec-4172-dup-0,robbie,harbobrd,3,wrixon street,darjeeling,myall,2299,sa,19760411,2936318,EYYVP5237C,06361716791
rec-3620-dup-0,diamond,mason,371,madigan street,,flora hill,2520,nsw,19161109,7721397,RHVQP8739C,07890750078
rec-3763-dup-0,clodagh,tromp,7,boustea dcircuit,lochenf els,greenacre,2770,nsw,19870808,7950786,RNPWP1053E,98020-10787
rec-4931-dup-0,rebecca,spzrk,10,walker c rescent,,casino,4121,nsw,19990319,3829447,SJGTP3253N,07995411559
rec-2006-dup-0,hunter,dietrich,67,,wandella park snowy,chinchilla,6156,vic,19680320,8096012,PROWPL683X,(920) 505-5046
rec-3877-dup-0,vendula,forgie-sendt,11,mccabe crescent,parry house,allingham,2484,nsw,19650317,1609178,NRRVP1888H,+91 9602085645
rec-245-dup-0,taylah,meaney,,lumholtz place,cordelia y state,torquay,2282,vic,19470106,1744252,QFILP4038J,06777889353
rec-4271-dup-0,sam,reid,333,leahy close,lavender farm,lakemba,2291,vic,19961213,1592375,MTMVP5041T,07390064839
rec-2619-dup-0,bryce,white,134,macdonnell street,bindaree,nollamara,5127,vic,19090530,8089512,TCIZP9642D,(865) 013-1918
rec-1046-dup-0,wiechec,joshzua,12,parkinson street,chanak,goovgien,3976,tas,19601111,6247547,QUTHP3379N,(838) 015-2428
rec-3665-dup-0,harvey,webb,185,lindsay street,dovens flat,brighton,3139,nsw,19091228,6664660,NWYUP3600T,+91 9371392575
rec-149-dup-0,carla,hofhuis,7,mcculloch street,wytal bia,south brisbane,4066,nsw,19660816,3472110,TGSRP5833O,6093727729
rec-4930-dup-0,nicholas,jolly,181,tullaroop street,federation cove,old toongabbie,2606,wa,19660414,1461086,E8GOP9299A,7816110312
rec-1074-dup-0,benjamin,paterson,31,dodwell street,,devonport,2905,,19120913,6303884,ITOVP4182M,(823) 205-7904
rec-4092-dup-0,kelsea,snell,5,petterd street,mac donnells bldg ( cnr grafton s street,thornlie,4226,wa,19510210,2775215,REILP3269J,(861) 605-5644
rec-4321-dup-0,natalia,bissett,98,springvale drive,,kaleen,4218,qld,19500422,8653274,GYYAP6073V,+919437347952
rec-1510-dup-0,imogen,beaty,68,hilders treet,,toowoomba,2120,nsw,19771106,4994511,UIZCP8233W,06245556217
rec-3897-dup-0,ella,estcourt,12,gellatly pplace,mayfair,braddpn,3850,nsw,19090814,2110759,NZOGP7137U,+918274449316
rec-2516-dup-0,sarah,wheatley,24,oxley street,,kellyville,2430,wa,19640212,5382301,HPKCP8458L,+91 7580375317
rec-2639-dup-0,liam,scerri,55,benham street,the sycmaores,berwick,6155,vic,19320829,9489744,KOUVP8167K,9354592785
rec-3616-dup-0,evan,matthews,112,kildarra,enid lorimer circuit,port augusta,6103,nsw,19961123,1551414,,+916424982365
rec-2649-dup-0,bethanie,nguyen,23,morrisse y street,navillus,st ives,4214,vic,19400724,7869955,CVBGP2727E,08884089621
rec-1826-dup-0,kynzn,doolqey,14,mcintyre street,apt 27,woollahra,6021,qld,19319924,1493049,OITLP8849O,(774) 226-7562
rec-3010-dup-0,thomas,quas,6,fiveash sreet,,st clair,4565,vic,19730804,9009452,VMASP9658N,60527-30490
rec-1611-dup-0,connor,foall,17,lamb p lace,berri cottage hmes,kilsyth,3174,qld,19140927,4900414,,68454-74614
rec-1435-dup-0,thomas,dinh,5,jervois treet,dugout 65,goonellabah,2077,nws,19841214,5448033,NKYNP0820M,89667-35439
rec-4982-dup-0,holla,paterson,,cowderyplace,dragon rising,torquay,3910,act,19641219,1987760,YURBP8333M,+91 7672176191
rec-2589-dup-0,,manson,150,syron place,wirong,,4066,vci,19880923,8557384,,9198966437
rec-518-dup-0,jack,wegman,9,julia flyn navenue,myros,armidale,2444,qld,19710718,3680861,LQSLP5847U,(978) 055-8706
rec-1986-dup-0,sarah,handel,32,twelve trees crescent,maclee,brooloo,4111,nsw,19311009,8033344,RBFAP6913C,69719-73146
rec-3708-dup-0,reeve,michelmore,3,wambaya crescent,war veterans hme,cooloongup,6112,wa,19940723,8143187,CULSP7369D,+916221923952
rec-1392-dup-0,joshua,clarke,1,savery street,bexley,carnegoe,3028,sa,19011011,7741570,OARTP8625E,09952536595
rec-2609-dup-0,brooke,egan,93,mcinnes street,riverbencd,wanniassa,4215,vic,19880417,8165238,BMSVP0133W,9484304782
rec-2365-dup-0,fraser,jasniach,39,davidson street,riverbend,kingston,3183,qld,19310910,6160407,LGXVP0778Q,+917367116477
rec-1747-dup-0,annabelle,,6,dethridge street,the castle,oakviile,2526,vic,19350712,1214735,TYWJP8584Y,09671174337
rec-2882-dup-0,sarah,eglinton,19,beasleyz street,,naraocorte,4012,nsw,19451107,4310446,WAANPY769U,+91 9273441539
rec-3209-dup-0,catherine,david,109,ijong street,nedl yn,mallacoota,2316,qld,19620212,1973270,WCROP5196R,08916408435
rec-186-dup-0,georgia,campbell,1,kalgoorlie crescent,rowethorpe,sherwood,3134,nsw,19730322,6197687,QHGCP3119N,(876) 123-1554
rec-1289-dup-0,brandon,tallaxdira,123,chippendale village,hawkekr place,currambine,3016,nsw,,5752105,JNTSP9844B,+91 9518721164
rec-616-dup-0,ruby,allchin,20,mccarten place,glenhjrst,ascot,2106,sa,19470412,1630282,TLUBP3215E,+91 8996534521
rec-2202-dup-0,dylan,gillard,22,ryrie street,lithgo wvale,corryong,5152,nsw,19410128,6232488,OKYSP0734Y,73792-88593
rec-4667-dup-0,,clarke,53,stumm place,booroondoo north,westmebdows,5115,vic,19500203,9535984,IOIWP1806D,+91 7620521692
rec-48-dup-0,georgia,shih,14,hopeview,furey street,toowoomba,6008,nsw,19870324,1794716,OMMPP3701I,(709) 888-0251
rec-4396-dup-0,brayden,tomuny,6,attunga street,killarney,sunnybank,4670,nsw,19031003,3973459,IOHRP3277A,71555-25559
rec-3582-dup-0,michadla,rickett,13,sorlie place,terra nostra,robina,5157,nsw,19920309,4084583,KHMEP2486Z,+91 8587756368
rec-2034-dup-0,alexander,udovcic,7,canberrahavenue,dunbogan caarvan park,ryde,6164,nsw,19140306,3194688,LZTNP0748B,07808336873
rec-1210-dup-0,amber,kerslak-eling,5,glencros s street,lumley,wahronga,4897,sa,19031228,1079968,,08721221616
rec-1960-dup-0,henry,webb,15,wearmouth,kalgoorlie crescent,dunoon,3763,wa,19100626,8261350,MQFQP0C77Y,8106326534
rec-2126-dup-0,timothy,soulemezzis,18,allambee street,brentwood vlge,balaklava,2590,vic,19010923,1004889,VFSCP4150D,+91 6259767438
rec-2370-dup-0,,eyles,157,totterdelli street,,st kilfa,2602,nsw,19060606,3998859,ZPFVP5029E,(846) 481-6841
rec-2460-dup-0,,felmingham,49,gawler crescent,wing ara,wynnym west,6159,nsw,19920718,7791969,T6FBP9986H,+919516049099
rec-1640-dup-0,ned,hamblin,1,bokhara c ircuit,,ballarat,5012,,19150226,9945787,GVHRP2031I,8761229309
rec-3401-dup-0,toby,stanley,32,craydon place,lenzoy,heywood,2904,wa,19381214,3931157,YPAFP2258T,+918031746100
rec-191-dup-0,madeline,liteploj,28,mckayg arden,kangaroo grnd,creswick,2871,nsw,19640410,9933895,VFNHP4134Q,60824-56449
rec-3994-dup-0,nathan,,33,stobie place,,ascot,2218,qdl,19121126,9963518,YGIQP8212J,+91 6817905374
rec-401-dup-0,lela,guyatt,19,domain street,lansdowne,st kilda aest,5418,vic,19360703,9745316,EFKYP0099D,9478940388
rec-294-dup-0,william,badger,,dwyer s treet,glenlee,west lakes shore,3291,nsw,19001210,4656608,CPXIP3286P,+91 6704316147
rec-3312-dup-0,alexander,georg e,45,legge street,lashbrooke,mount low,3163,qld,19150920,5235447,RSIQP8482S,+91 7412815878
rec-3472-dup-0,timothy,mouajlli,14,cobby street,,christkes beach,2167,qld,19770117,4552685,OQQWP6104J,08530403269
rec-4877-dup-0,roles,kierra,22,musson close,,coledale,3977,wa,19650917,8518344,TAMHP6850E,(689) 014-9881
rec-1710-dup-0,ayla,thorpe,34,black street,wunplm,currabmine,5540,vic,19031202,8748647,CDSGP3214X,+919301325063
rec-1083-dup-0,kyle,siviiur,21,bungonia street,eight mile,loftus,4868,qld,19821215,7416603,PDDVP3201W,+91 8929535421
rec-2635-dup-0,isabeole,,14,larkin close,naringal orchard,box hill south,2406,nsw,19440723,3423612,TRZRP0094Q,+91 7570071242
rec-733-dup-0,shelby,garforth,,madigan s treet,st francis village,nannup,4506,vic,19060707,5601065,UKQDP0400O,7763529825
rec-2045-dup-0,jack,steinert,21,lamington street,st franc is village,holden hill,7019,sa,19680119,5389848,UKKPP6457E,+919272255483
rec-693-dup-0,rachel,donaldson,9,lee-steere crescent,lake kenn eyd street,sunshine,3175,nsw,19581218,2248813,YLLGP7292B,9623471011
rec-998-dup-0,bailey,gree n,76,jackie howe crescent,glengara billage,murgon,3340,nsw,19960416,1468056,FEJJP7502F,07296637267
rec-4999-dup-0,victqorka,fitzpatrick,16,clermont street,amber vale,lake tyers,4570,nsw,19220818,2176335,WTVMP0525Y,+917166206455
rec-2575-dup-0,charlotte,grierson,12,hooley place,,kellyville,2479,nsw,19691116,8381516,RVLYP6436B,+918681097905
rec-1006-dup-0,cooper,rya,166,torrens street,callatoota,bondi junction,3992,snw,19341027,1163656,NAXXP5123O,9169404107
rec-2853-dup-0,holly,ang,9,pinkerto circuit,professional centre,robina,3919,vic,19300225,1127897,JSNKP8311E,(603) 786-4462
rec-1643-dup-0,georgia,kouba,1,gay place,new chum,east lan uceston,4169,nsw,19830526,8748935,OPBAP9490Z,79340-90917
rec-1557-dup-0,ben,grub,9,girrahween street,loma,brunswick west,1382,nsw,19360711,6198116,VUJXP1013X,(847) 806-8588
rec-623-dup-0,jacqueline,ferris,107,kriewaldt circuit,dunmoven,mirraooka,3195,vic,19251030,7808140,DEJJP6866B,(819) 008-3928
rec-2698-dup-0,drew,bihshop,6,gask pqlce,balala station,heywood,3058,nsw,19000402,1551804,PDGHP3020X,8159030729
rec-4619-dup-0,isabel,bitmead,14,bellchambers crescent,glenu mbral,warnbro,2093,sa,19680509,1302707,XVCZP2572Z,71562-61603
rec-3193-dup-0,,finlay,14,castleton crescent,killuke,bundaberg,4670,qld,19600319,1709445,ROEQP5779B,06896381241
rec-2581-dup-0,kate lin,denq,29,sugarloaf hcircuit,wildfeell,windsor,4503,qld,19280517,4402607,TVOTP1542S,(964) 033-6836
rec-1776-dup-0,corey,gresn,8,blamey cr escent,briony downs,cardiff,3121,qld,19961225,6076482,MZQVP3885W,87057-49199
rec-1153-dup-0,sam,ried,243,roope close,brentwood vlge,blacktown,6015,nsw,19050930,8900010,LIWHP5626S,06719526775
rec-1246-dup-0,koben,ryan,17,forema n place,,eastwood,3101,nsw,19341114,2722891,SGMUP9762G,06034696974
rec-347-dup-0,alexandpra,strers,38,banambils street,,taree,2820,vic,19560329,6925665,,07140920687
rec-3165-dup-0,shakira,ryan,89,ainslie avjenue,wanda na,pymble,3631,qld,19241014,1774551,DKDSP5679F,+91 9959273518
rec-2598-dup-0,diamond,branston,124,longstaff street,two sticks estate,grenfell,3108,nsw,19720728,2121177,CYFDP5558T,(618) 796-3329
rec-4429-dup-0,j oel,ryan,22,robertso n street,erinmoore,portarlington,3196,qld,19950602,9067165,QUQLP3247C,+91 8748645279
rec-4226-dup-0,nikakis,sara-louise,51,ashbycircuit,sunshine farm,kincumber,2298,qld,19000820,4911869,XMLEP4360D,8109540712
rec-166-dup-0,robert,ngudn,22,barlow street,fred lean hostel,dickson,6152,nws,19140127,9527501,OOCNP4305W,+918276121961
rec-163-dup-0,darcy,ben-grion,3,howitt street,arlington,,3151,nsw,19691225,8281055,XGUMP5663Q,08036912415
rec-4194-dup-0,leslie,nichllas,10,de little circuit,retirement xvillage,daisy hill,4802,nsw,19691231,9490741,RWQEP5379V,
rec-1288-dup-0,vanessa,parr,905,macquoid place,broadbridge manor,south qrafton,2135,sa,19951119,9239102,BQNGP4296H,+918872032298
rec-3242-dup-0,jordan,godfrey,79,bettington circuit,raycrfot,merricks north,2229,nsw,19380817,7501347,TTIBP0855C,+919536393890
rec-2221-dup-0,jacqueline,rudd,189,crichton crescent,,raglan,3088,nsw,19320306,9649030,SWXZP0720N,07050346590
rec-1883-dup-0,georgia,rau,12,wolff crscent,,greenale,3806,qld,19451104,7297422,UQMVP4320H,8596300235
rec-4143-dup-0,tyler,mcclelland,1,millen street,old post office,,2049,vic,19061004,8000542,ZDRBP3606T,68125-25163
rec-1676-dup-0,,lamprey,12,twynam street,alanavle,revesby,2537,qld,19200815,2877637,DBZEP7629E,07557061219
rec-334-dup-0,matthew,bartel,,furphy place,bridgewater estate,ekibin,3630,nt,19890220,2422771,PPPYP5819V,+91 9779149878
rec-1024-dup-0,charlotute,bishdop,24,bourne street,dp 808602,port macquarie,3484,sa,19420131,5896457,XSQYP4317Y,+917863812587
rec-1626-dup-0,katelin,thrpe,93,vagabond crescent,furmiston,cabramatta,4574,nsw,19930611,8939082,WQCJP3190P,(868) 611-0465
rec-3313-dup-0,thoma,ryan,24,coo lalie,weavell place,emeral,4280,vic,19970129,8879018,SPVVP8091U,(777) 791-5861
rec-4511-dup-0,levi,oaks,38,courtice close,sunshin e farm,findon,6050,wa,19101128,9317947,GSIQP6547S,63803-13905
rec-1789-dup-0,,white,10,spafford crescent,clear cr eoek,pakenhm,4059,nsw,19480205,7285108,DGHGP3937C,(933) 246-9962
rec-1652-dup-0,zac,ebdell,,gogulge rstock,outtrim avenue,preston,4123,vic,19461126,3704089,CCOAP6410M,
rec-3979-dup-0,ky,renfrey,9,southwell street,cottagerose,tooperang,4217,vic,19290827,6382127,NIOMP7190E,9517298733
rec-1545-dup-0,sarah,grosvenor,190,moyes crescent,,ballaart,6155,nsw,,6043963,JIUIP8869H,+917377376049
rec-3806-dup-0,ethan,goode,262,minnett close,,prospe ct,3550,nsw,19830302,9757237,METIW8947S,+919561372560
rec-547-dup-0,jack,ziersch,9,melba street,belvedgere,nes farm,5501,wa,19741024,8799452,ZWPXP6553M,89442-32997
rec-4283-dup-0,marcus,ryan,7,,villa 5,stoneville,3977,nsw,19670616,9348856,,99392-71352
rec-647-dup-0,henry,greenhaplgh,2,,,shorncliffe,4516,wa,19670212,3335029,NDAEP8045L,(796) 999-6041
rec-1120-dup-0,angeilca,green,,nash place,palm grove,vauculse,5242,nsw,19051230,7491589,GLYXP2091A,(898) 531-0182
rec-2334-dup-0,jasmyn,lowe,48,toohey place,grand ecntral,bicton,3085,nsw,19320918,1430128,AGCZP5007W,08927001902
rec-3645-dup-0,samuel,coukson,1186,wheatley street,,acland,3183,qld,19050630,1100698,BFSHP4906V,+918808623903
rec-4537-dup-0,mia,miles,54,beiren street,pacific palms c aravn park,windsor,3268,nsw,19720726,3671331,QBGHP6819J,64745-27675
rec-3259-dup-0,laura,newey,6,archibaldstreet,,harrisp ark,3006,wa,19570428,5725917,GDKCP5619H,97196-68500
rec-1203-dup-0,amh,flannery,15,timberscombe,jansz crescent,lakemba,5556,qld,19871219,1702911,TTNQP6444M,+91 8500372728
rec-1237-dup-0,jordan,nerry,41,anderson street,wilag,moorabbin,2097,vic,19880826,2009434,JIXPP9302Y,+91 6339761915
rec-4117-dup-0,jaimee,bems,5,cobbadah stvreet,grandcetnral,chevron island,2620,nsw,19001005,9646957,BIBBP4908S,6250348871
rec-2198-dup-0,matilda,bergsma,73,macrobertson street,derrym lodge,greensborough,2076,wa,19880213,5520743,DZVOP6468W,08865560183
rec-3283-dup-0,gregory,bujtas,,badimara street,tourist park,killaora,4285,nsw,19811017,6763771,MMNTP7645G,82638-43284
rec-2091-dup-0,cait lin,khammash,125,carbeen street,salimtal,elsternwick,2493,nsw,19810113,7990656,YHGPP5440J,+91 9101975612
rec-168-dup-0,katilin,,4,hawkins close,tullatrnudle,eaglehawk,4280,nsw,19671026,8483513,FNQRP9230N,(604) 227-9762
rec-898-dup-0,annabel,malin,5,findlay street,pacific ba villas,mawson,2099,vic,19291020,4116074,RHICP6677N,86307-68344
rec-2615-dup-0,rebekah,camp,165,tom roberts avenue,,st kilea,3199,wa,19860227,1035731,YLEGP5013I,06566733988
rec-2674-dup-0,lachlan,clarke,20,condamine street,deswod,tarew,4019,qld,19900626,5423805,HDDCP4730E,72458-96709
rec-2817-dup-0,amber,canavna,,,karinga park,hawthorn,2540,vic,19820904,1356716,ILTZP2591J,+91 9368786443
rec-3050-dup-0,victotria,rankine,661,redcliffe sttreet,strathmore vineyard,moranbah,6298,vic,19260809,5842904,NDHIP3766X,71220-90693
rec-3280-dup-0,schembri,brock,71,arkana stereet,redwoodvillage,cola,3156,wa,19530417,8819783,HVDAP5590F,+918149991182
rec-2857-dup-0,angie,hylaned,1,wardell place,port fairy road,beaumaris,4605,wa,19770803,7407973,MUJUP1052P,7184950901
rec-2305-dup-0,thomgas,peachey,1090,willis street,,preston,2114,wa,19901004,5902615,,(729) 564-6273
rec-4353-dup-0,emiily,rundyle,112,tarago place,fiveways,brookvale,2122,nsw,19461226,2412960,WMZXP2250Z,9455361964
rec-1052-dup-0,giaan,everett,6,,sunnysideo rchards,wangaratta,4551,tas,19420909,7947853,EFONP6210J,09633827061
rec-3492-dup-0,kayl,elrick,95,jardine street,tudor,bronte,2610,vic,19250202,8616786,JRJZP2736U,(871) 586-7771
rec-2738-dup-0,james,rosendale,1,boultin close,middle earth,bateman,2147,nsw,19720223,3756981,HSYFP1048U,
rec-2024-dup-0,tara,riding,11,palm lake resort,allchin circuit,wanniassa,2262,nsw,19761123,9131364,XXCMP8607H,(746) 522-7686
rec-1964-dup-0,sophie,haythorpe,12,bamforedstreet,,alligator creek,6230,sa,19670809,3361594,SPWDP3193N,+91 6606705043
rec-1347-dup-0,skye,clarkae,11,buiktplace,,northbrridge,2225,nsw,19260328,6512778,DBQRP5921C,7998255705
rec-735-dup-0,mark,nicolle,20,florence taylor street,greenacres caravan park,cloverdale,5090,wa,19780430,5862681,FLFIP4789L,+916261081626
rec-1744-dup-0,tiffany,green,32,sid barnes crescent,dudley specialistm edical centre,wingfield,2027,qld,19860328,4528322,OYLSP1962F,(855) 099-4184
rec-2709-dup-0,montana,blake,24,,spring banks,college park,2620,,19400808,9535357,ZFSWP3778H,+917761940945
rec-676-dup-0,samuel,princehorn,20,gould street,somerview,warra,3152,nsw,19716209,1347961,JSBVP9035G,7064245905
rec-3547-dup-0,vimpaey,eliza,113,renwick street,,st ives,4730,qld,19070323,2705720,VTDPP3854O,62370-22497
rec-2462-dup-0,ruby,garnsey,317,harcourt street,navan park,north narrabeen,4163,nsw,19731030,5892459,RPCTP8157R,+91 7369773947
rec-2779-dup-0,natalie,clarke,11,narryer close,,aranah ills,3016,vic,19281031,8177483,VXSXP0462O,84871-62648
rec-2712-dup-0,abbey,oats,116,sabine close,ki loran,,3930,qld,19471031,7179281,PIUCP4126S,+91 9096538240
rec-594-dup-0,,binnsd,90,plummer street,toow oomba,hoppers crossing,2026,sa,19011227,4137992,QPWPP4696B,+917267868136
rec-4071-dup-0,laklynn,whhite,,french street,mari-ma farm,eleebana,4655,nsw,,2842344,RDYIP5077A,(642) 849-1002
rec-4810-dup-0,kyl,milse,10,michellstreet,tallinga park,hinchi nbrook,2575,tas,19160202,6888097,,(792) 861-9923
rec-3735-dup-0,churches,jyeq,1,fraser scourt,,labrador,4151,vic,19200210,2271801,BRMHP6073P,(763) 418-3344
rec-1150-dup-0,benjamin,lovelock,1,tanumbirin i street,apmnt 203,willetton,4570,nsw,19980628,6282406,CPJPP9709S,+91 7341018375
rec-4505-dup-0,grace,carbne,37,longstaff street,gleneira,seymour,6233,vid,19380212,4562890,OJGCP5725B,6243198597
rec-2141-dup-0,alexandra,emixer,42,mannheim street,casablanca,st albans,2913,sa,19030525,3838784,JHEFP2035Q,+91 8790518498
rec-2547-dup-0,joshua,sherriff,159,portus place,sun city resort,blighp ark,2035,qld,,6454105,XHXFP1777H,7323246338
rec-4334-dup-0,,webv,,degraves crescent,marriott downs,maryborough,6151,nsw,19130715,5325666,FCGOP2138B,+91 6846224896
rec-2070-dup-0,christopher,lock,9,swinden street,heritage est,campsie,3045,vic,19200617,3438940,BDUQP9260P,09620998741
rec-3232-dup-0,isabelle,hope,140,ellenborough street,grimes paddock cotge,murray bridge,6512,qld,19480522,1334359,WEXZP3499J,+91 6051929549
rec-87-dup-0,shandril,,6,maclean street,seaford,ganmain,7006,vic,19410912,2925713,,09004349417
rec-2568-dup-0,kristo,mckinnell,14,,salmaldo caravan park,sunshnie,2571,qld,19081106,1212914,HJRUP5123M,+91 8605829852
rec-393-dup-0,alexander,,4,fink crescent,rubicon,orange,3041,nsw,19620324,7933489,HZJDP2170Z,09007476639
rec-4626-dup-0,kyxle,seddo,164,shackleton circuit,the wharf c omplex,ashfield,2406,vic,19030813,7244560,ARGVP7036D,+91 7731726676
rec-1398-dup-0,kristo,white,13,evergreen,mchale place,devonport,2050,qld,19790907,4175137,WQYBP8292D,(670) 822-0452
rec-3707-dup-0,hayden,mortlock,5,,alices downs,kulikup,4805,qld,19570219,3860930,JWUHP8916H,8474998343
rec-2072-dup-0,kelsey,bacskai,7,northbourne avenue,kooyong,como,5241,qld,19700110,3814852,RKHSP2105F,+91 8785160011
rec-1423-dup-0,,greewn,13,folingsby street,pint pot,queenscliff,2720,vic,19840808,9788564,CYADP9055Y,8120583491
rec-456-dup-0,jaxson,ryan,01,staunton place,wildernhss,greenacre,6430,vic,19270613,7731951,GSKVP5502C,79583-98562
rec-4388-dup-0,ashleigh,neumagnn,13,hadlow drive,ningana,canterbury,2208,vic,19961127,5633162,TKXYP5974K,+91 9744214337
rec-1375-dup-0,jye,bradshaw,,wyles place,normanhurst,homebush,2036,wa,19900905,7164427,PXERP8538C,+91 9382023417
rec-4709-dup-0,jordan,gripton,8,kinkead street,navan park,somerse,2070,qld,19701212,3869041,PVITP8370Q,07464778670
rec-4293-dup-0,adriana,jenko,28,samuels crescent,wariadla,cambooya,3691,vci,19620402,8518234,OUKBP4573W,(971) 914-2906
rec-965-dup-0,mac,beaty,,maloney street,cottage r mn east,medima,6027,tas,19980531,8216119,ZJKYP0302D,7556393729
rec-1634-dup-0,alicoa,kluske,69,eggleston crescent,wunnamurra homestead,brighton,3020,vic,19701124,2499759,SXIZP0250K,+91 6939742646
rec-2534-dup-0,michelle,morrison,348,retirement village,nunan crescent,coolaroo,3754,tas,19580308,2642188,SOAMP5102B,7675857276
rec-2611-dup-0,hanah,graihger,34,fitzsimmons street,northbrideg marina,middleton,4680,nsw,19340314,1608436,YPJQP3126M,81844-37297
rec-3559-dup-0,rebecca,wojciechowski,16,evergood close,diment towers,pelican w aters,7018,nsw,19881017,5881744,NEFYP7394G,+91 6732140848
rec-4470-dup-0,tori,reid,244,sellwod street,,parknson,6169,vic,19280331,2530021,VFSGP7112D,06664072385
rec-1929-dup-0,wilson,sporn,1,barnett close,sherwood,bowral,2008,tas,19311113,3629982,,6604165234
rec-371-dup-0,alexander,noble,5,downes place,buena vista,greenacre,4220,nsw,19330331,3691864,LAOMP8969O,+918666399784
rec-727-dup-0,danidl,mason,,hazel smith crescent,grant patch,rochedale south,3688,vic,19900531,3210073,JCXRP9870A,7711479814
rec-2812-dup-0,adam,gilbertson,2,albermarle place,the willows,yarra juntion,5252,qld,19570515,8465469,QKOJP1618Z,(626) 727-2535
rec-790-dup-0,gabrielle,patience,16,helen mayo crescent,paradone,orange,3198,sa,,8563603,ZLVNP8864Q,(682) 959-4307
rec-1651-dup-0,caitlin,clarke,7,bradfield street,kerry street,margaret river,2216,,19200126,5030581,DNNOP3790L,08370628102
rec-3176-dup-0,laufn,,,moore street,jormaieze,mullaloo,3182,sa,19600314,2240511,GVTVP0315Z,+91 7940048949
rec-4200-dup-0,lara,sekuless,9,loch sutreet,,yarraville,3196,qld,19861129,1392776,LGJCP1426D,+91 6079554473
rec-1584-dup-0,james,paterson,138,mcelhonecourt,balmain cove,collie,6023,vic,19080720,4654129,EZWCP8172Y,03144836168
rec-492-dup-0,matthews,carky,14,mcnamara street,henry kendqll hostel,aroona,2275,nsw,19460115,6001116,BFQLP8279Y,9410042852
rec-2802-dup-0,joel,bartel,6,chewings street,buena fista,sea lake,2777,nsw,19550822,9818191,IWBWP6739Z,+91 6682506030
rec-1742-dup-0,amber,crouch,75,crisp tsreet,manning village,kyabram,2648,vic,19010309,2336725,CPYBP2847O,97286-48178
rec-2465-dup-0,emiinly,campbell,13,beazley crescent,cameroo,leichhardt,2759,qld,19250103,2816217,LFNKP7956D,7827691599
rec-4311-dup-0,ty,brads haw,12,greenhood place,conmurra,lauderdale,3146,qld,19630327,7145468,UAOWP4831X,(869) 209-1580
rec-4873-dup-0,sma,blake,72,stockdale street,yarrandale moonee,sandgate,2262,nsw,19511223,4671131,QMEWP2821B,9421238034
rec-155-dup-0,lachlan,meeing,02,whitford place,westlela,lilli pilli,2141,vic,19580816,8359944,ITGHP3068H,06791536505
rec-4081-dup-0,mackeznie,collinson,24,beaurepaire rescent,riverside park,maryborough,3444,nsw,19750803,1576308,USHKP7189W,7929028781
rec-2000-dup-0,cain,dooley,85,boobialla street,osborne nouse,marsden,2284,vic,19570621,5346367,FPTJP3867C,71124-36423
rec-4857-dup-0,mitchell,paterson,10,boniwellstreet,kilacloran,point lonsdale,3021,vic,19550830,3431890,,79157-11597
rec-2671-dup-0,betn,webb,10,doutney place,parkridge villa,leichhardt,2808,vic,19761122,2024248,TLGXP1073A,+91 7919251623
rec-1781-dup-0,jessica,lomman,28,wallis place,glengariffe,north sydney,3039,sa,19801217,6284781,CSVWP8071F,+91 8009947391
rec-4995-dup-0,jessica,singleton,40,villa 2,tyrrell circuit,farrer,4422,qld,19241115,7634940,GRJJP1251H,+916138467639
rec-254-dup-0,ebony,webb,21,knox street,crestwood,higgate,2196,,19001231,5875656,WEYXP8842I,(883) 573-4632
rec-2235-dup-0,kiria,ryan,41,rumsey place,mountm arion,hayborough,2289,wa,19081205,1490347,FVHBP2215Z,+919453524603
rec-366-dup-0,callum,webb,34,callaghan street,emerald garden,lockleys,3166,vic,19000429,2494767,BAOSP1203I,+91 7182768744
rec-2939-dup-0,gastarini,lauren,12,spowers circuit,menedebri,modu bry,4680,vic,19731226,5596194,,9128538884
rec-3598-dup-0,katelyn,simmonds,9,kellways treet,,noble park,2184,vic,19930530,4611006,PYENP1929J,90236-38930
rec-313-dup-0,amelka,mo,46,,rowethorpe,waterloo,2017,vic,19010613,6555841,MIPSP3162F,06609056185
rec-2951-dup-0,matthw,tombleson,37,blackett xrescent,coranidrk,broken hill,3046,nsw,19410702,4972641,MXWOP3346P,+916082249962
rec-2303-dup-0,peter,ha ge,3,maclaurin crescent,,ormond,4704,tas,19190517,6174860,OJOKP0558P,09079815162
rec-4370-dup-0,berryman,mikayla,1,luckinsplace,bulga wine estates,captains flat,2067,vic,19130516,8135586,YBJZP5923D,(800) 896-7903
rec-4242-dup-0,solomon,morrison,67,jarrahdale street,yalda ra,empire bay,2907,qld,19400406,5013206,FBSCP7893N,88818-74997
rec-2497-dup-0,maya,webb,927,woodful lloop,birubipoint caravn park,tolland,4300,qld,,1365038,SVBUU9302X,
rec-4960-dup-0,alisha,winfield,17,guerin place,gummyg ully,altona north,3561,nsw,19760414,8806168,GTTXP2029I,09499206328
rec-277-dup-0,emiily,frebeorn,8,may maxwell crescent,melinda lodge,kilsyth,7325,wa,19250411,6206529,,71284-07517
rec-578-dup-0,kai,widdowson,33,frost place,kemminu pfarm,burpengary,6707,qld,19731112,8416181,JNJCP2558F,92624-85713
rec-2096-dup-0,deakin,secokib,10,gelane street,palm lakevresort,raby,7052,nsw,19830930,3116371,ZUVBP4444D,+917895229267
rec-2819-dup-0,polly,nguyen,278,raiwallacourt,willaroo,beaconsfield upper,3029,qld,19260902,8797418,CXVWP2008A,08303605885
rec-3007-dup-0,elly,webb,11,gouger sthreet,everxgreen,leichhardt,2550,nsw,19240923,6770160,JAFCP5791K,9757188061
rec-3231-dup-0,hayley,covwno,18,von guerard crescent,karingah,oatlands,2380,nsw,19151011,1653948,FBYGP9078R,+91 9831910709
rec-3589-dup-0,patrick,wasley,8,barwon srteet,llangollen,winmalee,2538,nsw,19860312,9514502,GOHNP7110G,06949695709
rec-2351-dup-0,jack,white,35,fiveasha street,meadowvale illage,noble prk,2759,qld,19900716,7111367,VUHMP0102A,+916498359913
rec-1272-dup-0,pearson,reid,19,hodgkinson street,mar enoe,woodcrfot,4815,nsw,19101109,1582056,RYATP3701F,84634-68290
rec-1136-dup-0,lachlan,clarke,19,bunbury street,kildurham,nhill,3850,nsw,19180501,2371774,JTMRP9105G,6474674016
rec-2479-dup-0,harvey,dunstone,23,merrett garden,guest hse,macedon,2097,nsw,19150106,9370500,BQPQP4116Q,+918481939891
rec-184-dup-0,tiana,worthington-eyre,10,hassell place,governosr resort,corrinal,6112,qld,19171101,3674431,IBDDP8256N,9253503301
rec-604-dup-0,alexander,heron,11,damalastreet,,westmeadows,5159,vic,19660531,1400642,CEDUP3719J,+91 6287960123
rec-3546-dup-0,oliver,tiede,248,kendle green,scrivener street,mentone,6280,nsw,19101129,3891450,VPPUP1967B,8356758550
rec-4445-dup-0,tara,nguyen,38,anembo street,hattah-uklkyne,kurri kurri,4405,nsw,19640410,8872454,TKSRP1134I,+91 8521150108
rec-1240-dup-0,kyle,kyricaou,6,brigalow street,kilacloran,surfersp aradise,2528,vic,19560704,6294045,JPEOP7878L,(687) 551-1913
rec-4907-dup-0,harry,whiteway,19,fernyhoug h crescent,c f vkllage,loganholme,5062,wa,19310808,6408389,NBICP8162X,(895) 970-4425
rec-3797-dup-0,isabekla,hoehne,8,casuarinam street,wai iti,salisbury,2452,nsw,19880607,4585386,MILSP3343M,8097294148
rec-4258-dup-0,kalli,bisjop,36,,moon bni,yarrasnga,2750,wa,19020306,4667624,DTXLP6158Z,08121448784
rec-98-dup-0,elana,mchenry,80,gurnaiplace,umavale,eatin,4215,vic,19304302,4214409,AHDCP8930F,06565693264
rec-1746-dup-0,lucy,callahan,73,bainbridbe close,bungarra,rowville,4209,vic,19430602,9663021,WQEZP2874S,+919093511304
rec-1860-dup-0,christpher,millar,12,piddington street,cannonvale whitsunday shopping centre,lavington,5047,qld,19250807,1831647,DIRPP4486Y,06444854815
rec-2744-dup-0,newpirt,catherone,13,hawkesbury crescent,nedlyn,pinjarra,4870,vic,19580901,1828218,,+916581066134
rec-1810-dup-0,fraser,miles,8,bungonias treet,hartley st school,kardinya,3728,vic,19390405,8206238,WPXAP3556V,61497-50490
rec-4158-dup-0,matthew,nguaen,273,hugh mckaymcrescent,katherinol ow leve,,4560,act,19320414,5765039,RGRIP9447Q,9123023719
rec-3927-dup-0,holly,rees,5,dangar place,thomond,sylvania,2541,vix,19740419,6279787,GFZVP3294G,+91 8806364103
rec-4807-dup-0,nathan,,1582,collings street,dalmoora,scarbo rough,2350,nsw,19591112,1760594,XWCIP7146P,+91 8817421817
rec-1329-dup-0,rubh,morrison,,armidal e hospital,nemarang crescent,avoca ebach,2100,,19280502,4180920,,+91 8616766353
rec-4607-dup-0,sarauh,noble,75,perrin circuit,westside,glenside,0216,vic,19010712,3254420,YQINP4951A,(861) 340-6511
rec-747-dup-0,cadec,coleman,21,damala street,mater professional centre,minchinbury,2280,sa,19471123,8098924,DBAEP5486X,(643) 681-7517
rec-4985-dup-0,alissa,ryan,22,boobialla street,urimbira,seaforth,6018,nsw,19990829,1669592,PGETP9006F,+919353406999
rec-797-dup-0,shantal,novak,9,hall tsreet,freo nbrae,cleveland,6110,vic,19000303,3342200,TXXQP9221M,+91 6371571413
rec-22-dup-0,tayah,white,15,stenhouse close,,mona vale,2206,sa,19390323,2815977,LQDDP2624P,06642644608
rec-3362-dup-0,adam,nguyn,13,stokes street,,weerite,3216,vic,19461273,6333286,BXIGP7117P,+917386533064
rec-4943-dup-0,hilton,timothy,,coventr y close,killuke,goonellabah,5034,nsw,19241018,8085483,MMHGP2462R,8294386833
rec-3529-dup-0,joel,cerins,24,majura lane,bungarra,matraville,4146,wa,19860411,6230406,LWYVP4740K,7367605159
rec-4623-dup-0,isabella,white,5,glenore,clavert place,myrtleford,7310,sa,19651115,3189046,DZONP2099V,74325-51777
rec-2889-dup-0,liam,webb,37,river street,medicalh centre,whittington,2088,sa,19131010,2490042,BZCDP4706I,+917722434442
rec-4373-dup-0,jack,carvone,55,wrenfordsley place,,moira,2038,vic,19710726,1202844,IHDVP0719P,9648579628
rec-977-dup-0,jordn,ryan,41,schutt street,euroka,o'connor,4306,vic,19030111,1659852,NTUAP0125Q,(799) 621-4041
rec-2416-dup-0,ella,chell,,lawrence close,sec 301,harris park,4650,wa,19230110,9573051,AAOQP7171W,07619717634
rec-1382-dup-0,bridget,maynrd,82,barwon station,irvine street,bassendewan,4503,nsw,19250615,7440041,WNGWP6306K,(830) 575-2683
rec-2665-dup-0,erin,te kawau,5,namatjira drive,glen are,magill,2324,qld,19641126,6335645,QSDEP9527T,8306086802
rec-2566-dup-0,kelsye,bullock,19,torreny s place,the meadows,williamstown,5251,tas,19581001,3037931,XILZP4036L,6531005438
rec-306-dup-0,samuwl,loos,60,gilday place,eriswel lpark,kintoss,2646,,19350908,9238386,UTBZP5294J,+91 8059084485
rec-3926-dup-0,stephannie,reid,4,bugden avenue,,avaoln,2290,nsw,19351106,1287472,SVSZP8258V,(869) 726-3293
rec-1972-dup-0,joshua,trenerry,104,tenison-woods circuit,camusfearna,edensor park,2177,tas,19900810,8678668,,83080-72175
rec-782-dup-0,cheynene,nguyen,33,mary potter lircuit,vicsrcossing,bibra lake,6156,qld,19240128,2029887,ZKJRP2793K,+91 8286388907
rec-1367-dup-0,isabelle,morrison,72,majuraavenue,rockviiew,sherwood,4164,sa,19940413,5896664,WRYDP9519B,9881009205
rec-969-dup-0,alexandra,clarke,17,hancocks treet,currimundi garden,st albans,3204,sa,19311219,6631451,HCQUP5694T,7205355007
rec-4819-dup-0,hayden,kluske,25,kanooka street,grenoble,bonnyrigg,4740,nsw,19111028,9665354,TLANP3944W,8503054515
rec-416-dup-0,zanelli,harrison,62,britten-jones drive,weeroona,exeter,4305,nsw,19870724,8743573,VFNAP5541V,+919093368218
rec-4965-dup-0,daish,william,500,osburn drive,pink lake caravan park,eastwood,3085,nsw,19311114,8646353,OYEVP7976V,+91 6514583299
rec-3268-dup-0,makenzi,weaver,10,pandanus street,the homestead,springfield,2745,vic,19370123,3748458,KCKLP6401D,+917247326383
rec-2699-dup-0,angip,wimmre,,baracchi crescent,mawarra herefords,marsden,2406,sa,19700928,3795146,NBOQP4861E,+91 7393578007
rec-2374-dup-0,,nguyen,9,chaselnig street,,burwood east,2122,qld,19560901,4833200,FCGYP4362K,+918616769879
rec-3221-dup-0,rilte,ryan,14,getting crescent,grandview,paringa,2148,nsw,19720205,2526000,OPGUP6062S,87557-52729
rec-1527-dup-0,thaker,harrison,31,foveaux street,the meadwos,orange,5453,nsw,19960724,9919852,JYVLP8390U,(980) 978-0810
rec-1446-dup-0,christopher,,39,haugh place,athlone,blacktown,3766,nsw,19230116,8362475,LWXMP8905S,(850) 539-7018
rec-2164-dup-0,channing,genovese,193,fernyhough bcrescent,cockatoo,clayton,7140,sa,19570424,4371940,MEUNP3360G,
rec-592-dup-0,chloe,camp,25,euroka street,llantwit house,norwood,6149,nsw,19351005,4550681,JKXCP6555G,+91 8267659984
rec-3804-dup-0,benjamin,hartland,,ranken place,sorrento,collie,3799,qld,19080206,7081202,TYYEP9556J,9897967793
rec-1572-dup-0,josgua,nguyen,11,beattie crescent,altona,casino,3029,vic,19240622,8948695,GLATP5893J,66434-38612
rec-4942-dup-0,rachel,karlovcec,5,alberga street,,eastern heights,3228,nsw,19250114,9531225,YWNNP1722S,09327800256
rec-4263-dup-0,samantha,crouuch,,crisp circuit,medical centre,roselands,3199,nsw,19280914,9016486,UWQPP9404Y,+91 8790729020
rec-4415-dup-0,trais,wang,10,hawken street,draytony villas,airlie beach,4121,vic,19810617,5809880,IAPFP6071B,76119-99031
rec-1318-dup-0,,white,24,maddock place,headland garden,roseb ay,2380,qld,19560217,8506035,GKNGP3631Y,06551121458
rec-3714-dup-0,tayah,pascoe,595,o'halloran circuit,stonehenge,salisburh east,2285,nsw,19410809,9400248,SPYDP7282J,8645152371
rec-3747-dup-0,jakce,hanks,11,meares place,,mentone,2038,nsw,19380614,4349715,KRPXP4198L,9448670690
rec-3731-dup-0,,lamprey,16,bavin street,,goodwood,3260,nsw,19490504,2250069,GIHGP4886F,+91 9126060498
rec-2634-dup-0,croker,cambell,4,baldwin drive,wemyss,moodiarup,0836,act,19741117,1734947,TDCAP1942N,+91 6031227126
rec-3555-dup-0,thomas,huntinbg,880,shannob circuit,aboriginal nhluunbuy hostel,port macquarie,2904,vic,,7068400,NXDFP9655Z,6059923636
rec-2693-dup-0,makayla,malpas,255,musgravlhouse,hallen lcose,sippy downs,4214,nsw,19361113,9173799,EFMQP8680Z,+91 7006621225
rec-2651-dup-0,wizlliam,,127,mataranka street,retirement village,mundingubrra,5211,nsw,19350212,5998994,WAJUP0972X,+91 7873496858
rec-899-dup-0,robert,gibb,2,springcreek,mckeahnie street,frankston,2450,wa,19440618,9181026,XOPUP8289Q,(742) 557-1650
rec-2293-dup-0,ava,spark,60,larkin close,,mulgrave east,3203,nsw,19470913,5766734,ZTEOP5113Z,06263030753
rec-1171-dup-0,blake,kontopopulos,1,coolinda,genoa sreet,penrjth,2673,wa,19181122,4193541,,+918876777033
rec-2729-dup-0,danika,colquhoun,,summerlandcircuit,victoriadquare,willagee,3194,qll,19661116,9078185,COOGP5052Y,(638) 358-7809
rec-378-dup-0,william,mason,14,bindaga street,unt 2,yackandandah,3150,nsw,19780603,3588709,TSQNP8319Z,+91 7776406390
rec-427-dup-0,jordan,vincent,7,carnegie crescent,darg am,floreat,3032,nsw,19101107,3591952,YVFGP8886S,+91 8302282000
rec-751-dup-0,emiily,greedn,47,craig lace,rosemeade,ashfield,3095,nsw,19580116,4427542,JSDPP9989C,8228030941
rec-1615-dup-0,,lydlon,79,heard stgeet,sennocke,ashfield,2285,vic,19631207,6564471,EOYGP9549P,(889) 369-0883
rec-1198-dup-0,lucas,whiten,56,mcgivern crescent,,prospect,4650,vkc,19400902,2640399,JVPUP812RB,+916725133196
rec-4483-dup-0,amy,berry,241,barlee olace,barrcalear,christiemdowns,6056,vic,19651223,9112808,FUGDP1316S,+918362336638
rec-118-dup-0,hannzh,carbray,5,rawson street,cranbrook,mayfield,2032,wa,19170912,7822273,UUCEP5260U,
rec-4543-dup-0,xavier,moorby,38,cockburn street,granite hills,windspr,4740,nsw,19570817,7332449,PWJCP2381G,6228558855
rec-4300-dup-0,elana,camepbell,12,crisp circuit,broughton brook,midland,2768,qld,19720103,9877933,CDMFP3627O,+918137074872
rec-2520-dup-0,jessica,wintulich,224,hoseaso nstreet,yarrambah,,3133,nsw,19380330,8634113,PDCLP1076S,(774) 169-5592
rec-3600-dup-0,brooke,rabbitt,46,cockcroft avenue,swalneigh,coolum bdach,6110,wa,19080421,6122971,ZNNNP1387F,06761437962
rec-1063-dup-0,schmitzer,zachariah,5,alford place,rosetta village,budgewoi,5052,wa,19560103,3180656,UYPJP0999C,86498-18456
rec-4518-dup-0,ryan,jack,23,popplewell place,condor,applecross,3156,wa,,1285717,NNHJP8188J,9818886014
rec-1381-dup-0,bullock,samuel,6,fuhrman street,,casino,4165,nsw,19760505,1377013,UICYP5718I,08072494910
rec-897-dup-0,cameron,shephrd,16,cliftcrescent,nurock,northgate,2340,qld,19620826,1930383,HDIAP5945O,09012511890
rec-3491-dup-0,chelsea,malcolmson,12,chalker circuit,woodlaigh,moonah west,6233,vkc,19281114,4413674,MPBBP8457M,(878) 941-0060
rec-4837-dup-0,charlotte,humphreys,10,jemalong wstreet,danica,lennox head,4655,vic,19450417,3763315,HHTGP4631Y,7535618591
rec-559-dup-0,olivia,david,78,alabastwer street,lindoran,oak flats,4035,sa,19210322,8629017,WWGNP3583O,(628) 772-5359
rec-2232-dup-0,louise,grossman,5,maddison cjlose,langunyah,north ryde,5253,nsw,19251101,9474636,LPAUP4413E,6018421647
rec-1637-dup-0,ninhcich,kierra,17,mehaffey crescent,old farm,northmead,3028,wa,19530926,2089030,VBNDP6590L,08572548685
rec-4322-dup-0,hewson,seanb,17,christmas street,champsaur,wantirna,2203,nsw,19180917,5004753,JCAOP1517Z,+91 6638005668
rec-939-dup-0,ykle,hope,26,bundey street,kacadoo,armidale,2097,nsw,19631116,2650117,PZGLP2418S,+91 8780410415
rec-1043-dup-0,lam,sted,61,traeger street,table montain,rowville,7101,nt,19110729,7786184,WOVZP0650O,08999622690
rec-1186-dup-0,harrison,du,22,cooks treet,green abnk,adelong,5244,wa,19320522,6650303,QNDNP4683E,79863-17255
rec-3099-dup-0,,reid,6,,ardrossan,rinwgood,4701,vic,19620822,7700094,NDMBP5272T,+919841518639
rec-4527-dup-0,april,nguyen,7,,mungru p stud,branxton,2018,qld,19210113,1634109,,(870) 865-3011
rec-1825-dup-0,jarvis,lutz,290,brand street,the tops,belmont north,2106,act,19050520,5963506,DRHXP6423M,95425-36125
rec-3863-dup-0,jack,dancey,174,wells g arden,,taree,2216,vic,19311206,1490674,ABZUP6080L,07102487957
rec-4832-dup-0,carlin,flannery,67,namadgi circuit,regal oaks rteirement vlge,swan hill,4191,vic,19240419,3896653,GZRKP0424W,(624) 223-8818
rec-3372-dup-0,janegs,bishop,4,taronga,jemalong street,tweed heads south,7250,nsw,19540224,7589870,GMDPP0448U,91012-55561
rec-4109-dup-0,louise,bowermqn,27,nelson place,,keysborough,3805,vic,19141204,7234868,JGTYP9877G,09178748299
rec-1546-dup-0,emiily,white,12,crago place,rockela,mosman,3300,vic,19390429,6209600,BOEAP2617F,6776073174
rec-2039-dup-0,marcus,chandlef,5,rason place,,blacks beach,2226,vic,19700417,1098082,WSHUP4847X,67125-76597
rec-4224-dup-0,christopher,felmingham,,tallaraparkway,the provincial,moree,2195,sa,19600327,7478108,VQASP8410P,(878) 896-7618
rec-657-dup-0,danika,mcvciar,25,maclagan street,rosed ale,canterbury,4350,vic,19550817,3962564,MYGPP4265H,9845695330
rec-3022-dup-0,renee,hanigan,109,epenarra close,al eon,flemington,5048,wa,19070928,2588263,,(811) 784-0759
rec-3092-dup-0,ashton,boyes,,westgarth street,cherrymount,mount pleasant,2125,act,19440329,5428639,RSHWP2101U,61109-15907
rec-521-dup-0,courtney,clarke,24,myles connell crescent,,northgate,4621,nsw,19410813,8144739,MNVXP2051V,8321539350
rec-1505-dup-0,emiily,dent,27,gungurra crescent,redlands,whyalla,3775,nsw,19960112,9836985,JACFP1979G,(878) 894-9785
rec-4701-dup-0,sean,varcoe,29,osburn dtive,bonaza aprk,ferndale,4569,nse,19601031,7839163,HAPJP9839J,6109906857
rec-1987-dup-0,camefon,prideaux,50,evenstar,oakes sreet,condon,6164,nsw,19990615,3537526,SSRPP8001Y,9090329607
rec-2618-dup-0,kristen,reid,5,mckillop circuit,casuarina village,forest hill,3128,qld,19830801,8552844,ENDHP5801E,90582-89864
rec-1828-dup-0,emiily,crapp,3,couchman c rescent,glendower,ramsgate,2035,nsw,19500106,6187478,,+91 8515363734
rec-2200-dup-0,kiria,pamnany,02,gatton street,,beechmont,4301,vic,19040202,8371110,GDHGP5271S,+918305643847
rec-904-dup-0,claudia,bowerman,66,fidge street,ashgrov e farms,salisbury,3328,vic,19060517,3167418,,6960356481
rec-472-dup-0,mason,o'shannessy,223,claxton crescent,parkmoor,hahndorf,3111,nsw,19251019,8544264,EPAXP0470P,91035-49405
rec-970-dup-0,jessica,vick,45,leahy close,villa74 village glen,scarness,2027,vic,19830919,8778791,UETHP8206Z,7119765194
rec-4069-dup-0,jeremy,matthews,70,spensley place,pandoraoorchard,cecig park,3035,act,,6692321,RQOBP0288P,+917246895055
rec-265-dup-0,hamiah,teague,46,middleton circuit,coloolivillage,matraville,4128,nws,19731030,9222441,UVQRP8712S,09403905925
rec-4302-dup-0,molly,roche,59,willoughby crescent,donna vblaley,carrxara,4825,nsw,19200712,1847058,EMFKP0392Z,9267764120
rec-1733-dup-0,brianna,singleton,7,agoni s close,,muleala,2067,act,19510311,7420967,BPNZP8606M,81038-05437
rec-3948-dup-0,thomas,berrgy,71,plowman place,linto n vlge,daw park,5159,nsw,19010714,5972566,TZORP1820F,+91 7812046077
rec-4408-dup-0,aidan,bishop,36,mcintyre street,un t2,sidmouth,3011,nsw,19490620,1383389,MBEKP2291J,+91 9193912743
rec-803-dup-0,abbey,crisci,23,gorge creekorchards,spence place,cygnet river,7030,,19890327,7400712,ZMHYP6093X,80188-03538
rec-573-dup-0,james,bissett,115,ellerstonx avenue,pepin,hawthorn,3268,sa,19400613,5935841,OBYNP6095S,(692) 314-3188
rec-2340-dup-0,zachary,ban,4,maurice place,cabbage iree,moore,6011,as,19710105,4571622,FXOAP9451A,07299182145
rec-3932-dup-0,meaney,jard,2,northbouryne avenue,york hopse,mitxham,3141,qld,19431210,3744694,RBOPP1327N,(980) 175-3931
rec-3427-dup-0,jackson,herbert,15,gooreen street,ripple brok station,highett,4870,vic,19170311,3155721,NBPXP4475F,07706698226
rec-2808-dup-0,emiily,lowry,13,chaseling street,,ingleburn,2193,nsw,19940616,9820630,EOXWP3900T,6677659007
rec-3971-dup-0,emiily,kutschki,,ebden street,colleton,elwood,2425,nsw,19451004,3187789,YPQBP9009L,
rec-1807-dup-0,maya,nevin,351,rapanea street,chelseahouse,evanston,2033,,19220204,5095261,NHEYP2952C,(819) 266-0655
rec-3524-dup-0,lachlan,matthews,6,mcmillan crsecent,corcoran,miriam vale,2009,nsw,19420818,7138643,,8652057065
rec-3266-dup-0,vavic,ben,62,blamey crescent,paling south,kyogle,3170,wa,19410903,5394712,SGBFP4923P,08457748148
rec-1125-dup-0,callum,jancek,2,darley p lace,garema plae surgery,ballarat zorth,4745,nsw,19201229,2980733,IWUXP4412C,08530749974
rec-2301-dup-0,finlay,danien,150,pethebridg e street,rosetta village,samford valley,2119,vic,19020614,3997416,DTXQP1838Z,+91 9221945519
rec-954-dup-0,noah,painter,50,kingscote crescent,tewantinplaza,drillham,4650,vic,19590501,2779286,GBUDP6270P,+91 6374414210
rec-618-dup-0,crouch,ella,1710,amadeus zplace,sec 1,clifton saprings,4304,nsw,19870511,5975406,IDYLPY245C,94027-70995
rec-1176-dup-0,kierra,burford,32,adamson crescent,lee graznig farm,bayview heights,5080,tas,19100914,4902237,REIFP8116C,(769) 186-5883
rec-137-dup-0,pa ine,thomas,215,ina gregory circuit,stoneoak farm,kilcoy,7330,wa,19881207,2550718,GMSFP8248O,(649) 623-6115
rec-127-dup-0,imogen,boyle,57,gilmore crescent,,safety bay,3088,qld,19360622,4299143,BEEUP5118E,88055-08970
rec-4686-dup-0,blake,dudlry,14,pethebridge street,lorrachael park,cowra,6045,qld,19050703,5970471,JWROP352VT,08423489395
rec-1295-dup-0,abby,ang,21,dunstanstreet,the parks,belmont,4125,nsw,19830621,8045581,WKOWP6287I,+91 9644298466
rec-3386-dup-0,alisa,kalinowski,99,,river quays,lavington,4878,vic,,9382250,JVDXP4417N,+91 9401332190
rec-4199-dup-0,,ryan,42,beazley crescent,shaudell,torquay,0830,sa,19820718,9041834,BRHRP1834Y,64800-89731
rec-2636-dup-0,cheyenne,petersen,5,tauss place,kacadoo,abbotsford,3630,vic,19790602,6593871,MOTTP9401A,(751) 181-8465
rec-415-dup-0,neneh,large,14,onkaparinga crescent,heritage manor est,woolladdra,4352,sa,19950725,8160717,KWJPP9442D,+91 7732091729
rec-4629-dup-0,tiarna,burghof,1,,delmar,east maitkand,2550,vic,19911125,8808422,DGQNP1624G,
rec-3624-dup-0,,manzie,33,hemmant street,lasswade,ormons,3150,qld,19560714,7289058,HRJOP0663F,08190510934
rec-3690-dup-0,jackson,weaver,4,tenison-woods circuit,,glenmore park,2776,vic,19881101,4634662,,+916434059448
rec-2236-dup-0,alexandra,finlay,3,erldunda circuit,neaavie,cooroy,2147,nsw,19600723,4039238,QBQZP0133D,87208-65449
rec-120-dup-0,tynn,,2,gallegha n circuit,,wakeley,4655,wa,19800407,1022048,DHVDP2627L,64894-38305
rec-4802-dup-0,laim,wilkins,2,hansen circuit,foresdtale,sadleir,5018,sa,19530304,6164019,QIXHP4373B,06676896577
rec-3785-dup-0,abbry,stephebson,67,duggan street,makowat a siding,elwood,2095,nsw,19520731,3195277,XBMRP4413N,(667) 490-6926
rec-853-dup-0,ty,green,411,hughmckay crescent,,mullumbimby,3550,nsw,19520829,7797381,MCJNP8933X,6634132738
rec-3424-dup-0,riley,clarke,12,edwell hplace,bonnie,eatons hill,3218,nsw,19570717,3007913,PVMRP0203I,(693) 424-0527
rec-1870-dup-0,talia,feast,21,dorrit bladk crescent,the stociyards,burnie,6063,vic,,8284375,UWEIP7902G,87213-48535
rec-2898-dup-0,,mcgregor,214,keys crescent,cooloolafarms,bouler,3072,nsw,19480329,6504301,SLMMP5837H,+91 7481706401
rec-698-dup-0,benjamin,constance,15,coventry close,omeo,wahroonga,3079,qld,19620628,4562356,AURVP0427U,06321187827
rec-3501-dup-0,calev,blake,15,hawker street,,adamstown heights,3020,nsw,19530105,6351072,XALSP3953O,70535-23979
rec-3236-dup-0,christopher,pegg,56,martens crescent,diamon dsands,embleron,2577,qld,19200214,5556197,AJWQP9968R,
rec-3345-dup-0,bailley,fair,27,laceyp lace,sunny-bfae,auburn,3757,wa,19730509,9201283,DYPEP3250Q,06610906965
rec-129-dup-0,ebonie,myles,262,inlander crescent,,albany creek,2250,qld,19300201,8494390,RIHBP5766Y,+918034503056
rec-3656-dup-0,robert,leslie,12,crozier circuit,mt pleasant,garbutt,2259,,19670110,3509633,LB8NP6670Q,+916187316063
rec-1813-dup-0,louise,butt,20,chirnside circuit,robiny,mclaren vale,7004,vic,19250204,4646918,WPRQP3456P,(632) 528-3368
rec-677-dup-0,skye,ryan,39,anningie place,terra notra,macedon,3097,sa,19941118,8669770,ACYRP8967D,+91 6816859862
rec-39-dup-0,gabrielle,blaje,360,hardwick crescent,carramar home,camp hill,2001,qld,19960302,5207765,JJKHP0259C,+917504078492
rec-256-dup-0,arabella,holyoak,49,hughes crescent,b,malvern,4405,wa,19280311,1284712,JGJNP4275Z,+91 8738664035
rec-197-dup-0,ruby,nguyen,26,barraclough vrescent,,st peters,4011,qld,19521110,8292725,XCNBP9483K,7816530838
rec-272-dup-0,annabel,thorpe,5,thake place,parry house,mulgrave east,2573,vic,19480708,1654518,,+916629287538
rec-544-dup-0,jasmine,wardle,25,smiths road,westholme,prospevt,5007,nsw,,7650116,LPJDP8952Z,80835-77477
rec-4010-dup-0,joshua,morrison,26,dixson circuit,glenfyne angus stud,adelaide,2071,,19870429,7034895,BVGNP5856K,6838120873
rec-4237-dup-0,paine,braedon,15,edwards street,narellanc ourt,young,3300,qld,19871225,8743183,DICNP9013C,+91 8896219297
rec-3255-dup-0,micaela,harrington,9,burrinjuckcrescent,loc n 2192,condellwpark,3175,nsw,19971004,2317861,WTSEP5719Z,+91 8833681485
rec-2720-dup-0,cailin,berry,6,hakea rcescrnt,lort he ights,cronulla,2093,nt,19590328,5662864,GAQZP2817B,+919349202626
rec-719-dup-0,madison,penberthy,12,dunbar street,,villawood,4621,nsw,19931005,4607576,ZJEWP5746I,+918165499353
rec-4794-dup-0,olivia,shepherd,19,santalum street,the wllows,lismore,5277,vic,19610121,2441128,MXNAP2401F,+918743206933
rec-2535-dup-0,montana,lowe,18,stanfield close,,plympton south,2111,vic,19230424,5226883,FFGWP5660Y,+91 6911901473
rec-4917-dup-0,,staunton-smith,68,kookaburra village,frome street,broken hill,2870,vic,19820117,6922783,PJOFP4253X,+91 9167555561
rec-2845-dup-0,jack,harrington,1385,gladstone street,amberu,watsonia,4066,nsw,19820311,7610085,FPZKP0930O,86881-85064
rec-570-dup-0,taylah,oats,47,federal highway,scotch college,armidale,2125,nsw,19300715,9175271,ESHZP2140S,+919528112442
rec-145-dup-0,kieren,steers,10,whittell crescent,lomo,east innisfail,2280,nsw,19060603,1532338,JMASP6768R,+917900353846
rec-4539-dup-0,isabella,longman,7,eucumbeneq drive,kooyonp,lalor,5157,vic,19460810,4725516,YMIKP7544C,
rec-3972-dup-0,mason,charlotte,16,ratcliffe crescent,barooa,hackham,5703,vic,19060923,6430306,QWGNP7042R,8332508125
rec-1845-dup-0,gabrielle,telleglou,163,huelin circuit,,st john spark,2126,nsw,19820403,3405740,COWMP2911V,8693781470
rec-2298-dup-0,joshua,hendy-pooley,3,staceplace,nuffield iillage,oakddn,6108,vic,19160101,5515164,DCVJP5839V,+91 8893708821
rec-199-dup-0,william,kammermaann,6,clive steeleuavenue,2nd last on right,newcastdle west,2804,vic,19430126,3515659,GHOHP4875Q,+91 8736839021
rec-3521-dup-0,spencer,bates-brownsword,151,tora,pinkerton circuit,smithfield,4860,nsw,19810308,5402648,GEBGP6640X,09783408329
rec-128-dup-0,jasper,rylands,10,abernethy treet,,ingleburn,2784,nsw,19730615,9353426,,(885) 141-1860
rec-4731-dup-0,aleisha,mason,120,appel cerwcent,gillin park,tanilba bay,3936,nse,19860522,3858465,LCQQP1622W,+91 8571311422
rec-4924-dup-0,reid,william,12,tatchell street,st george spark,hoppers crossing,4814,nsw,19750418,1498408,NSNLP9209K,8415455734
rec-9-dup-0,paris,reid,39,crowder circuit,,st ives,3225,vic,19980826,2543313,QJAVP3240X,+919796014160
rec-3871-dup-0,jessica,kranz,,the mews royalhhotel bldg,brunton street,norwood,5159,sa,19880226,7412923,NRYEP4134P,09168514888
rec-739-dup-0,joanns,neighan,41,berkeley street,wychwood,premer,2203,sa,19381128,3927665,CSZVP2881D,8642534363
rec-3564-dup-0,chloe,clakre,91,hurtle avenue,avonwood,martinville,4152,act,19760805,6520116,,08062171173
rec-1737-dup-0,levi,prideaux,10,beckett tsreet,,milprrra,2606,wa,19230510,9135299,UUBKP3250S,09204642988
rec-976-dup-0,isabelle,campbell,1,jukes street,pinei tree,port fairy,4811,qld,19820103,6554212,WIJEP2421I,+916961287099
rec-1483-dup-0,calvin,steed,24,hamelin crescent,,preston beach,4214,nsw,19300502,9340008,VJRZP5776A,09269520457
rec-2291-dup-0,kle,kalogerakos,,aird place,cassis,granvlle,4680,wa,19950119,4748391,,7934267097
rec-4260-dup-0,mia,neeb,5,,pine hill,stonevlile,2110,wa,19730518,1310519,OSWFP7139E,06211115257
rec-2325-dup-0,ajay,poumacko,100,bedford street,youralla,rostrevor,3029,qld,19540417,4762088,BVDRP4858C,06291585681
rec-248-dup-0,havriluk,jacinta,47,macquar ie street,carrington r etrmnt vlge,paralowie,7030,wa,19150929,7263381,PQICP8515Z,98707-80804
rec-3908-dup-0,emiliy,bradshaw,19,parkhill street,foxdown,south grafton,4287,vic,19270912,2964855,,+91 6891281987
rec-2760-dup-0,tyler,vincent,4,cambridge street,kintyre,deagon,3151,vic,19950713,3309482,MVWGP2114Z,
rec-369-dup-0,caitlin,dixon,42,leahy close,rowethorpe,midway point,3926,nsw,19980907,6375470,SEMKP0975E,+91 6378930872
rec-2550-dup-0,katie,noble,16,torrens street,old hiloside,rose bay,4510,nsw,19050728,6816111,UUOUP1846M,83427-55400
rec-3792-dup-0,jack,marcaros,59,goyder sreet,st johns t errace,ormeau,3104,qld,19810311,5200718,NHKRP0973B,06652456287
rec-178-dup-0,kirra,okonieewski,11,,molyneu xhse,kardinya,5330,nsw,19700823,2077704,,7867347268
rec-760-dup-0,nguyen,lachlan,70,bushby close,locheil,wilson,5046,nsw,19660926,4360586,JHHVP1494L,+918849394351
rec-2569-dup-0,lara,bennier,16,mccormack street,yalgora,dandenong north,4122,nsw,19490422,4493543,ICXEP7382R,94631-49363
rec-1605-dup-0,jackson,kellow,2,dumas sireet,rocklea,hamilton,6029,wa,19660925,8602157,FAJUP1823E,+91 7193794003
rec-3841-dup-0,leslie,esme,3,galleghan circuit,five aoks,brighton,6007,tas,19520521,7091838,DKUMP9732U,7118516714
rec-3063-dup-0,kynan,beattie,2,narrabundah lane,banana hshed,ferndale,2680,nsw,19080412,4383141,UYFWP2L31T,8703470235
rec-2735-dup-0,adam,barnetosn,3,wicks rqoad,,vermont,2234,nsw,19770922,1249535,JOGPP5701U,06602719855
rec-4494-dup-0,thomas,montalvo,209,,medical v entre,wanniassa,2905,sa,19020302,9993328,EBKDP2741I,+91 7159716481
rec-4888-dup-0,caitlyn,pallot,149,pine islan road,nuffield village,hightbon,2792,nsw,19660115,3051696,,+916960415338
rec-878-dup-0,elton,rushby,2,charleston street,toowwoomba,wyoming,4382,nsw,19320419,3833752,JCJEP3136S,08056745850
rec-2349-dup-0,maruc,parr,11,hilder street,glemn ore,braidwood,4810,vic,19460725,4267000,RLAQP1112I,+917573484391
rec-3461-dup-0,gabrilele,clarke,24,troughton m street,unt 3,,2114,qld,19440219,9711144,QBWTP7335H,+91 8735936331
rec-1692-dup-0,emiily,finalay,13,lawrence close,upton,boddingnton,2485,nsw,19800129,5998213,VGNKP6387Q,+918517305627
rec-775-dup-0,gemma,brain,536,lingiari court,flt 167,ancona,3130,sa,19261125,8731806,JCHDP9902B,+91 8737592814
rec-346-dup-0,,nabialek,,warby place,somerset cottage,margaret river,2224,sa,19191126,2473424,SNCQP2439R,+918101040252
rec-820-dup-0,abbie,finlay,5,,unt e1,mount warren park,4350,nsw,19730526,4857274,MUXOP1748P,+91 8767464276
rec-752-dup-0,georgia,weidengbach,4,marou place,blueberry,innaloo,4068,vic,19280919,5368290,LMSVP2930L,+91 9225389698
rec-4786-dup-0,talissa,passmore,115,lyall crescent,yarrowe efarm,ashfield,3152,tas,19621214,2120101,YYEJP2827D,+91 7957075589
rec-3605-dup-0,dimitri,hopel,24,demaine crescent,canberra centre,port addelaide,2131,nsw,19541110,7206463,RDYUP1906X,+91 8755610795
rec-2431-dup-0,siendna,lock,5,outtrim avenue,seaforth senior citizens vlge,coopers shoot,4119,vic,19650410,3787467,OMTBP3062T,+918533380918
rec-3490-dup-0,cooper,kernvey,11,phillimore place,boeing park,thornbury,3356,vic,19340713,6518170,GNAJP5992K,08945507586
rec-3507-dup-0,gemma,lowe,77,currie c rescent,,san remo,4208,sa,19730809,7414003,XNOIP1634W,9816968200
rec-2393-dup-0,symmons,ruby,32,miller street,locn2093,rosslun park,2069,sa,19351025,3976926,YCAGP0954I,06676296834
rec-1085-dup-0,julia,commons,33,nungara street,glenhubrst,chester hill,4470,wa,19350922,1606130,HZHRP1034U,+91 7693527336
rec-3607-dup-0,zali,shadnolt,1,yassr oad,rowethorpe,cronulla,3911,vic,19771225,7247098,KPWDP7240D,8500492042
rec-2294-dup-0,tasman,green,36,wynns greet,nixon nostel,pentith,2132,qld,19390608,2928427,VCIBP8427U,85263-42565
rec-4724-dup-0,,bristow,11,minter place,wilsonton medical centre,ngunnwaal,4551,vic,19890212,7893433,LBYCP7296J,+91 6319286295
rec-1164-dup-0,imog en,vinxent,78,brazel street,,penrith,5280,qld,19130303,9001480,BSNSP4868N,60391-05668
rec-972-dup-0,sophie,bacchus,11,adamson c rescent,tweed heritage caravan park,katherine,2036,nsw,19700707,3628289,VQPTP5476A,(973) 466-3489
rec-257-dup-0,daniel,ryapn,3,de littlev ircuit,the lakes retirement village,brighton-le-sands,2400,,19920826,6267294,,7720833861
rec-4839-dup-0,alexadra,,31,woodger place,tinaroo falls,pannawonica,2650,wa,19850302,2175226,IEYEP7750F,74556-64053
rec-68-dup-0,riy,howie,59,reader clurt,rosebery hill,wanniassa,4213,qld,19360115,9350479,VVQMP2215N,93749-93732
rec-1937-dup-0,nicholas,wikde,46,renny place,golden pohds,leongatha,4153,vic,19961119,7886527,HLOQP4820O,79405-25676
rec-2616-dup-0,webb,hari,1,throssell street,malmani,springfield,5108,sa,19270216,3864525,MHNBP4855X,07266695814
rec-3867-dup-0,ethan,wihtr,,barwell place,ore el,ashfield,3941,sa,19830825,2215887,MIHIP2696G,75208-84310
rec-1069-dup-0,ameljia,lowry,54,jandamarra street,ellwood,kinglake east,4280,qld,19231009,2439451,,68851-08127
rec-2861-dup-0,katherine,lovk,16,kootingas treet,,montmorency,3023,nsw,19400714,9161147,RNAMP5622U,+91 8580589489
rec-4130-dup-0,sophie,mason,20,mt providenec hostel,johnson place,hope vlaley,6056,wa,19580507,9799282,AITJP7329N,+91 9991202848
rec-3983-dup-0,benjnin,paine,10,,rose lane entre,,2406,vic,19531018,3571554,SNEZP5621B,89946-00436
rec-4284-dup-0,sophie,finlay,7,badimara street,ewlyamartu farm,ringwood,2064,sa,19230607,3775980,KGOUP2492G,+91 7570643619
rec-3487-dup-0,emiily,white,26,marrstreet,,lower templestowe,3161,vci,19290127,4621716,NUOJP7316H,+917379666018
rec-141-dup-0,peta,callister,16,baracchi crescent,jaholmazpark,moranbah,2117,qld,19871125,4177367,UPEVP9988N,+917055864094
rec-1077-dup-0,sarah,dixln,107,corellawplace,stapleton tsation,kelmscott,2304,qld,,1565265,GYVVP2794B,+918550477665
rec-4506-dup-0,samantha,ryan,16,forsythe street,murrawarra,winthrop,4800,nsw,19100120,2049414,AITIP9342V,89040-66092
rec-4776-dup-0,georgia,metaxiotis,15,augustus way,,tuart hill,3196,vic,19130627,5883327,AMNHP5100F,66628-95903
rec-1577-dup-0,lachlan,stamley,28,cottam place,plainview,mounta samson,7310,nsw,19740824,4200578,HPJGP2604J,(700) 511-9378
rec-1897-dup-0,isabela,pride,29,porteousjcrescent,,black rock,2062,vic,19630926,7058877,HNMSP0778F,(956) 639-5541
rec-2259-dup-0,hayley,hanna,240,burhop close,peridon vlge,ryde,2230,nsw,19491020,3697216,DBJBP6913X,+919264618169
rec-4570-dup-0,kyle,block,45,erldunda circuit,mt warrigalretrmnt vlge,greenacre,2614,nsw,19740424,4380571,PQMKP1028Z,6304068397
rec-2166-dup-0,isabelle,geraghty,16,hawdonstreet,council accomm,theodore,4812,nsw,19861012,4201009,IWXPP0564F,
rec-2948-dup-0,kylie,browne,11,clancy street,,tamborine,3812,nsw,19040712,4522939,HTQPP7239R,(718) 007-2419
rec-1170-dup-0,grace,morrison,5,groom street,hellemere village,concord,3510,wa,19321010,3352261,SLHUP8433Z,8096431994
rec-2471-dup-0,anthony,lavis,198,titheradgeplace,kalyra retirement,new farm,3130,qld,19000617,9007184,YOPWP2406K,
rec-438-dup-0,heatn,alison,4,macdonnell street,cabrini medicalb centre,adelaide,2270,vic,19191230,2937695,HALHP5520K,
rec-3012-dup-0,hannah,sandman,32,mcinnes street,,lewiston,3134,sa,19690707,2339019,,6675208894
rec-593-dup-0,brend an,chabrel,39,medworth crescent,thistle da le lodge,buninyong,6028,qld,19290327,1315588,XRYRP4156R,(943) 212-9721
rec-3343-dup-0,holly,simmonds,26,sinclair sotreet,unt 2,sunnycliffs,3141,nsw,19970921,9812796,HFUNP4612X,(849) 930-3479
rec-3510-dup-0,kimberly,mason,150,tauss lace,,rosewater,7008,vic,19840507,5663441,NZMRP3360R,6261882163
rec-4711-dup-0,hugh,bsihop,42,denovan circuit,ironbark ridge,vermont south,4470,nsw,19790408,3465665,KLZUP5447W,90990-64957
rec-694-dup-0,kastrappis,charlie,81,hedler steret,parkland motor village,bonbeach,2515,vic,19330630,7470082,OBXOP5334G,88221-05711
rec-2127-dup-0,miranda,andresen,93,wenholz street,telopearpark,williamstown,2450,vic,19180404,1851874,FEWKP1405L,07187708072
rec-1830-dup-0,caitlin,hanigan,298,,francis chambers,thornbury,5072,nsw,19680909,7831777,ELONP4292S,+91 6909398575
rec-3779-dup-0,aajy,chetwyn,13,cope place,c/-the studen t village,,2164,nsw,19290222,6258884,DRDBP2279T,(945) 409-4048
rec-1979-dup-0,lewis,coleman,9,northbourne venue,our folly,toowoomba,2145,nsw,19341227,4576898,ZBHXP6444G,(960) 900-5899
rec-2265-dup-0,benedict,vincnet,27,mcclaughry place,k mart p laza,cunnamulla,5047,qld,19721119,3291682,QXPQP4567G,6757324643
rec-1284-dup-0,harriet,horsley,12,woinarski place,white lodge,mulgrave east,3280,wa,19710926,4215402,RGBHP5713M,+91 6818944011
rec-4659-dup-0,lucy,hemsmings,4425,mimosa close,kinloch court,lockleys,3850,nsw,19051023,3194253,SXRVP6926G,+919423939602
rec-831-dup-0,laura,flannery,54,sid barnes crescent,,winstonhills,5073,qld,19581023,9712180,TGRHP9874W,95880-32026
rec-2530-dup-0,harrison,gillard,18,melba street,ningafa,loganlea,2162,qld,19840128,8021771,MSPUP7716N,+918527699656
rec-3793-dup-0,mccarthy,lucy,29,charltonstreet,warrahlea,bundaverg,4061,qld,19940917,6596660,CNYSP6951D,+91 8856712182
rec-4556-dup-0,simon,,151,waddell place,northwest mediical centre,palmerston,2913,nsw,19590525,5350801,CNVLP2008M,7785983245
rec-476-dup-0,klye,armient o,266,jaegerc ircuit,kookabura village,elwood,7307,vic,19570728,3494623,DLAYP9712K,+918284543396
rec-502-dup-0,laurn,berryiman,,doyle terrace,canberra avenue,menitndee,3016,vic,19390528,8295272,,9710994502
rec-2323-dup-0,rachael,yallop,5,fullagar crescent,rsde 668,been leigh,4860,qld,19760214,1296128,SNYIP5103D,+919418831750
rec-2426-dup-0,taylah,timbrell,87,mcglinn pkace,villa 2,bligh park,2450,nsw,19440825,6149166,GHEWP4145N,(607) 238-0244
rec-1726-dup-0,thomas,butt,,hindmarshdrive,mayflower rtermnt vlge,currans hill,3799,qld,19290620,2143953,KWNYP5291Q,+91 7413972818
rec-579-dup-0,braedon,bindoxff,9,eve place,moreton,hamiltpn,2099,nsw,,7181006,,+916451815952
rec-2168-dup-0,alicia,whiet,10,madigan dtreet,,barraba,3055,nsw,19620821,4067329,BKBVP9108J,+91 9593120128
rec-637-dup-0,campbelil,alexandra,15,paul coe crescent,laloki,woollahra,5108,nsw,19531022,3106590,WRSVP8527M,9829332110
rec-2518-dup-0,thoonen,makayla,119,tullaroop street,rosetta village,byford,3977,vic,19750818,1423820,HEZOP7722R,+91 6035361618
rec-3321-dup-0,bradley,komsic,6,westbury cricuit,meadow view,adamstowv heights,2046,qld,19140420,5731419,VVTDP3402Y,+91 7922334143
rec-4240-dup-0,solomon,hannagan,83,clemenger street,brookfield,forrestfield,4216,sa,19890520,3944717,TNGQP9074P,+91 8106177932
rec-3812-dup-0,dean,web,52,buggy crescent,mount patrick,stratton,3138,nsw,19171128,4129591,DVDPP8666B,(978) 544-2535
rec-4656-dup-0,marcov,volpato,57,rabnor place,kurajong,spearwood,4242,nsw,19750312,4101153,7VQPP0725Q,09507245845
rec-2836-dup-0,joe,whitle,5,towers place,hyberni apark,coolaroo,2066,vic,19851122,1899363,INICP8041O,+91 9719776526
rec-2570-dup-0,jacob,coppola,3,smeaton circuit,deer farm,stanmore,3400,sa,19211130,8983109,PTRHP8334D,8046395902
rec-4852-dup-0,tanyshah,praehofer,15,moogerah street,rosglen,woollahra,3875,nsw,19290421,7881845,EPJVP3403N,92534-80623
rec-3836-dup-0,erin,campbell,11,learmonth drive,lassaan,dulwich hill,4261,,19790408,5750866,ISTSP0551E,+917466069230
rec-2315-dup-0,flynn,laing,191,partridge street,,goonellabah,3021,nsw,19730524,8183648,YVHPP6846J,09661125159
rec-4177-dup-0,paipne,nicholas,77,tara hills,neales street,richardson,5118,tas,19040321,2360796,QWWPP4412U,+919793077945
rec-4032-dup-0,,santi,1,griffiths street,rowethorpe,mckinnon,6163,nsw,19151129,2102559,CQEDP8261A,+91 7001762731
rec-126-dup-0,nikki,jaruic,13,renmark street,parishlorne,chester hill,2106,nsw,19520401,9272910,NVQUP8596N,+917956691815
rec-3109-dup-0,calvin,trumam,63,newton street,locn 3439,warilla,3104,vic,19331106,8583204,UNUEP5590Q,+91 9210981136
rec-701-dup-0,,clarke,117,hurley street,weemilah,tallebugdera,4021,vic,19010403,4822857,LJHVP0342Y,+917727752570
rec-4869-dup-0,taylah,reid,25,albermarlze place,cypress garden,pennant hills,2210,nsw,19571029,7596151,WNHNP2971A,6963563933
rec-572-dup-0,courtney,whuet,4,green street,armidale private hospital,launching place,2800,nsw,,6763868,,+917128723925
rec-13-dup-0,thomas,slack-smith,106,hawkenstreet,emmaus vlge,kirwxn,2566,vic,19900607,2094894,AKKYP7809E,09277303414
rec-1923-dup-0,kalli,garcia,12,mckivat close,leebold htll farm,clayfkeld,5022,qld,19990423,3214869,ULKUP6945H,+91 6065709524
rec-3071-dup-0,charlie,wakpbole,43,lampard circuit,the meadows,albertno,2750,sa,19260710,5982948,SQTXP7998A,+91 7795583200
rec-1660-dup-0,jessica,goode,24,gundamain,devonport street,tanilba bay,6104,qld,19620120,3222738,FIRGP3545Z,+91 8674595815
rec-1857-dup-0,hugh,bartel,11,brewster place,blue hills,bakers creek,4069,nsw,19370522,7516697,WRJFP4981M,+916819689955
rec-4468-dup-0,tai,stanley,29,blamey crescent,ocean sta r villas,gordonvale,3915,nsw,19141011,4459842,ENYFP7681U,+916832223462
rec-139-dup-0,holly,sherrqiff,56,heagney crescent,winter park,devonport,2546,qld,19980309,5260793,MLHWP7808B,8208116755
rec-771-dup-0,xantne,maynard,2,blackman crescent,rosab laenca,cooran,2196,qld,19110520,6070195,BVWGP6182J,09600683534
rec-568-dup-0,katelyn,dountsis,111,goldner circuit,cremon astud,mulgrav eeast,2256,nsw,19430612,6491584,UIEOP4243L,+916556169997
rec-1387-dup-0,mitch ell,berry,2,roope oose,larook,torquay,2199,nsw,19190710,1968724,SFTNP2340A,(646) 673-5932
rec-2538-dup-0,lynton,leonavicius,7,mcilwraith close,leitrim,kolora,4401,wa,19511227,8167665,YCDE65633Q,06714960152
rec-176-dup-0,lraa,seychqell,20,ferber place,brentwood vlge,highgate,5501,vic,19060816,9577137,ERIQP8572H,+91 7691991274
rec-3809-dup-0,harry,matthews,1,dalmancrescent,timbara,leongatha south,2519,vic,19110203,4984322,OCNCP5199H,7473980268
rec-4095-dup-0,sophie,campbll,61,belconnen way,hazel hill,,2323,qld,19210520,9019644,FLZZP8826V,06727812152
rec-4099-dup-0,harrison,george,,woronoar street,south melbourne market,kangaroo flat,2450,nsw,19370115,3711821,IGZKP7833F,+919057396969
rec-4288-dup-0,ruby,staude,241,,crowedn,rose bay,3249,nsw,19410115,9633722,PTDTP9753O,+919830646321
rec-3789-dup-0,casey,fitzpatrick,34,hugh mckay crescent,glass house,hamilton,4178,nsw,19320411,3603835,XWPLP4341Z,+91 8384450497
rec-2217-dup-0,alicia,curry,51,,yarrandoo,loganholme,4118,vic,19340827,2973687,CETBP6840P,9869217153
rec-4754-dup-0,ava,fuds,11,dines place,kings apmts,rostrevor,3250,tas,19580912,9818747,SYDOP7589I,06118977059
rec-4565-dup-0,jarde,klemm,,,cowaryst ation,batemqn,6152,act,19770328,4616949,WWMRP9444D,8871491594
rec-996-dup-0,emiily,finlay,61,coranderrk street,,ulverstone,3043,vic,19070731,9964204,ZYXHP1748L,7545401820
rec-3930-dup-0,isac,sherriff,6,britten-jnoes drive,wyuna,greendale,3976,tas,19330719,7421428,NHKCP1492W,+91 6534334041
rec-3880-dup-0,hayley,moody,1,lambell close,solitaire,jones yill,3013,nsw,19831231,7465219,BVPYP1806T,09988588417
rec-1767-dup-0,keaton,webb,2,mckinleycircuit,solitaire,lemon tree passage,3943,nsw,19850328,6634675,TGKOP6530Z,+91 7819235714
rec-1314-dup-0,michaela,motbey,43,badimara street,roweth oroe,rosebud,3345,nsw,19500318,3314402,IKMUP5670B,07975772600
rec-3814-dup-0,jasper,dorling,155,dowling street,gateway vlgefcaravn park,upwey,2069,nsw,19470208,2142730,XVSDP0941N,6309480120
rec-2877-dup-0,tori,mcgarrigan,2,hallen close,,bangor,6004,wa,19841007,5119714,MJLTP2954K,60281-44611
rec-2925-dup-0,lachlan,lanyon,33,maranao street,,elsternwick,2228,wa,19950930,4086155,EASJP2896C,(798) 619-7939
rec-1107-dup-0,shepherd,sybella,34,mainwaring rich circuit,,werrington,2118,tas,19460321,7440243,XALKP3557H,6574926140
rec-2042-dup-0,hannah,insley,4,wanganeen avenue,plumptonpark,drysdale,3199,vic,19921024,3031015,LQBVP4536I,07204704102
rec-1140-dup-0,luke,beattie,16,blinkhorn place,lucerneoark,corrimal,4118,act,19211118,5586410,MQSMP0950S,09426387299
rec-3195-dup-0,goode,bailey,57,,coolbellup hotel (c nr waverley r road,albury,4720,nsw,19100307,1906329,CVREP4232W,8838965607
rec-4225-dup-0,ruby,mcphie,12,hambidgecrescent,namarva station,ballarat,4868,nsw,19470101,3454863,ENYGP7842V,+91 6360951786
rec-2148-dup-0,nathan,green,10,franc p lace,tara p ark,marsden,3337,qld,19060131,8615544,YOWAP3534G,+91 7364660444
rec-3094-dup-0,jacob,heron,4,leebold hill farm,stubbs crescent,bilgola beach,4401,act,,2421446,JVVZP9653R,6134094449
rec-2285-dup-0,madeline,bissett,3,wagga street,bonnie doon,port brolghton,3977,nsw,,8938036,YUNEP7642A,(922) 739-7190
rec-357-dup-0,chelsea,blackwell,37,grounds crescent,c/o post o ffice,emerald,4210,sa,19390203,6074956,EDBXP1331J,+917081575569
rec-4879-dup-0,rebecca,clutterbuck,325,blair street,apt 0205,proserpine,4701,nsw,19350120,3520636,QGSPP5122S,+91 7012288589
rec-1663-dup-0,jaden,zepina,23,mayflower rerrmnt vlge,hawkesbury rescent,narellan,6053,tas,19030610,4672007,MTXXP3536I,+91 7271222922
rec-1244-dup-0,,oreskovic,16,marrakai strqeet,gooroomon park,ballaat,2035,wa,19710815,4253689,GZTIP7885J,+917627607282
rec-1804-dup-0,paig,di cesare,8,tardent street,apt 27,balwyn north,4560,vic,19791223,6112690,NACQPD995I,+918183988681
rec-675-dup-0,jacob,margrie,,moulderourt,collaroy,clifyon,3840,vic,19130517,4315229,ARAQP5544Z,+917646261915
rec-3070-dup-0,talia,lucadou wells,59,de little circuit,,forrestvield,4740,vic,19560221,2600068,GDZIP7614W,+91 9968125192
rec-1538-dup-0,lucas,sherrjiff,1,galloway street,renown,hoskinstown,5280,vic,19370430,7403002,ZSMWP3826O,
rec-3967-dup-0,ash,nguhen,54,mcmillan crescent,warraview,mount gravatt,4156,nsw,19230118,2770136,KPBTP7289D,81291-48392
rec-3093-dup-0,oliver,white,18,kinchela crescent,murray river queen,emu aby,2219,nsw,19340722,1420638,PMLAP1512M,+91 8731447461
rec-4446-dup-0,zachary,bradshaw,106,totterdell street,barossa village,colo hvale,3444,qld,19151219,6773922,,(752) 657-7394
rec-3315-dup-0,dominic,jormaaninen,,geeves court,gretamain,,6025,vic,19880214,7639310,KQRFP0223S,+919087925050
rec-4386-dup-0,talah,rankine,14,kibby place,colooli village,dungog,7179,vic,19530816,8828523,YRZRP5843C,95516-00003
rec-558-dup-0,alicai,white,9,darrell place,,fletcher,2850,vic,19821015,7695489,TIZEP2957V,+918377556693
rec-1055-dup-0,hayley,white,,medley tsreet,raymond terrace market place,regents park,2656,vic,19391111,6020101,JBJCP8729P,07651136898
rec-31-dup-0,laura,white,67,arndell street,,hoppers crowsing,6053,vic,19900615,7517707,UFQVP1394A,+91 8770713246
rec-3228-dup-0,harrison,stirland-mitchell,176,badimars street,wirreanda vlge,port augusta,2196,qld,19040106,3551585,RYJCP7636D,94524-41858
rec-2149-dup-0,mccarthy,mikaela,62,derrington crescent,,denistonw east,3564,vic,19821001,8749270,,67465-99820
rec-1498-dup-0,katie,fitzpztick,37,bourchier close,donore,hurlstone park,6108,vic,19380621,7125161,KCSEP0256K,(996) 228-2062
rec-3834-dup-0,hannah,bishop,79,merriman crescent,,millgorve,4625,nsw,19740414,4492531,CJOLP7666O,+91 9296588913
rec-390-dup-0,rebecac,white,34,wilkins street,,campbelltown,5038,vic,19040710,3551789,XQSIP4425S,(754) 549-5270
rec-4916-dup-0,india,etherington,432,buckmastercrescent,kurrajong,moree,4812,qld,19111101,5165691,DQMAP0603O,6805578409
rec-3509-dup-0,hannah,reid,21,bisdee street,tall pibes,malvern,2478,qld,19840208,1762901,AVGCP6809P,83829-69417
rec-73-dup-0,eloise,afford,188,dennystreet,fairfield housing bg,caves beach,2118,nsq,19090702,8884493,OZJPP0590C,80893-93346
rec-3470-dup-0,dominic,aldedrson,309,clamp place,,bundamba,2767,sa,19871130,1163272,KR4HP7902Q,+91 7742576687
rec-1994-dup-0,haylee,doaln,49,carrington street,brentwood village,deer park,3047,nsw,19690801,4703920,YOBWP5696Q,
rec-4384-dup-0,marley,,9,namatjira drive,dangaroo park,unanderra,2614,sa,19350812,3973825,AEDGP8618X,+91 9708320986
rec-1222-dup-0,faith,dougal,1,levey place,minora cotge,toowoomba,2905,nsw,19550808,1574726,JGAAP7659V,8195388387
rec-1370-dup-0,breeanne,browne,5,ebeneze rtreet,kilburnie,toowong,5072,nsw,19511023,6301444,QLCUP1941V,8442589090
rec-1473-dup-0,,leslie,952,carpenter close,,cantebrry,2340,vic,19950608,2438058,,6522062980
rec-1928-dup-0,kyle,hawes,6,len waters street,castlesood,greensorough,3171,nsw,19090430,5553221,SFZVP6303Y,(797) 006-7075
rec-2719-dup-0,,negri,159,hageltho rn street,port rush parade,port macquarie,4702,qld,19260319,4740975,JYSRP9781O,+917710398435
rec-3548-dup-0,takeisha,white,6,chuculba crescent,melale uca,bundaberg,6062,vic,19350824,1092846,GXKXP6589L,+91 9251768228
rec-2645-dup-0,mackenzie,meandey,193,london cigrcuit,,franwston,2148,vic,19600306,9550123,MTZDP7228J,
rec-4166-dup-0,ruby,masoin,18,hurleystreet,openshaw,samford valley,3805,qld,19420728,1047066,FAWLP3800Y,9506839800
rec-3402-dup-0,browne,anthony,118,,shalvah,elwood,5023,nsw,19320227,6105593,QEZVP1395C,9779447508
rec-2771-dup-0,joshua,petersen,8,wybalen a grove,lyra park,surry hills,3162,vic,,4895026,XDXPP0015W,+919757600866
rec-2741-dup-0,mattheo,hazell,13,palmer street,jarlah,harbord,4116,qld,19240211,2546491,MUMDP5175R,09055092561
rec-4722-dup-0,catherine,bishrp,29,stapylton street,,box hill south,2260,vic,19410527,6228462,BDPPP1871N,8649538924
rec-2847-dup-0,emiily,boyle,25,bega fl ats,rose valley farm,loganlea,3141,wa,19220406,5388162,UBSBP0107O,6761031250
rec-2419-dup-0,hawke-fitzhardy,bethany,10,horne place,,granville,2350,vic,19880416,1515136,PTQOP1422A,67221-24479
rec-3049-dup-0,joshua,bralic,76,myleshclose,old gre en hill,beaumaris,6108,vic,19110727,6708902,WJMOP4739B,08229921921
rec-1591-dup-0,jasmine,clarke,489,,cambooya,noble park,3413,vic,,9562970,HTQQP2478X,07987379063
rec-4349-dup-0,jare,white,33,dawes street,villa 3,sandy bay,2871,nww,19640307,2135501,TLFGP1004E,+91 7527036285
rec-2163-dup-0,ella,riddell,99,springvale drive,,melville,5012,nsw,19640405,5082521,LZTXP7143O,06589932178
rec-1980-dup-0,caitlin,cheel,,herron cnescent,glenview,bligh park,3735,nsw,19661116,3957302,YTYKP2338P,+91 6377754421
rec-2201-dup-0,danielle,nygaard,1,battersgy circuit,iron shoe lodge,burwood,5271,nsw,19350414,2589501,WWWGP6541M,(766) 438-6032
rec-3746-dup-0,marleqigh,paterson,28,canopus crescent,kirkladns,devonport,2800,vic,19820824,7472468,VWDJP3770B,6023494222
rec-4078-dup-0,harrison,leung,36,catchpole street,,mountakn creek,3057,nsw,19640118,2584055,WXGSP0764Q,(980) 427-1765
rec-1529-dup-0,ebonie,campbell,32,gellibrand street,carowood,kessick,3148,vic,19271210,2544494,,+91 6859929547
rec-1229-dup-0,lauren,perrwe,22,castleton crescent,karinayh,oran ge,7250,act,19820605,6993851,ILDMP6104F,+919638765974
rec-1196-dup-0,matthew,bozzetti,79,braminastation,lakewoo destate,vermont,6027,qld,19670905,1057227,HVDTP4463L,+919987467619
rec-4865-dup-0,jory,musolino,26,steinfeld court,table mountain,moree,3134,wa,19381019,4887622,MEYRP1292Q,
rec-4764-dup-0,,dessart,165,macvitiewplace,brambletye v inyard,lindenow south,4218,,19361017,2517857,DDTZP0015E,69628-50362
rec-4195-dup-0,katelin,capmbell,16,sid barnes cdrescent,,forestdale,2450,wa,19240716,7296237,KBEHP4321A,+917082008270
rec-1068-dup-0,joshua,cupo,16,greglea village,gabriel place,lobethal,5126,qld,19670425,4178304,LILSP6897G,+919038062019
rec-4482-dup-0,ewan,mildren,60,loftus tsreet,,bellevue hill,2001,wa,19941205,6218110,NIGKP7913L,+91 7228190733
rec-2918-dup-0,ella,perriam,17,chipperfield circuit,kingfisher lodge,north bondi,5022,act,,7801650,SEONP9496J,9367610188
rec-3770-dup-0,kirra,whige,24,bungoni a street,villa 3,kyabram,2036,tas,19290202,5171004,PSMXP2123D,+917904237613
rec-1467-dup-0,cameron,virgeln,51,wilson crescent,blacklead farm,stephens,2110,nt,19400306,5118228,UWONP9867V,62163-24048
rec-1896-dup-0,ssha un,campbell,37,mcginnesd street,bexely,tarnagulla,3802,vic,,4088978,LAWPP2430P,89958-06695
rec-2056-dup-0,ethan,malvestuto,14,macnaughton street,veone,lauridton,2577,nsw,19520506,1707216,JDVLP9901E,+918867811688
rec-1836-dup-0,flynn,whitd,26,buntine crescent,berkee ly vlge,karara,3550,nsw,19980415,8345957,EZNLP6650W,7384158517
rec-4606-dup-0,jessiac,campbell,43,deloraine street,cornvale,bribie tsland,2765,vic,19300613,9015825,NPGIP5911E,92509-80486
rec-1936-dup-0,brock,webb,6,twamley crescent,old weeroona,port augusta,3199,wa,19550621,6492579,ROBEP8664F,(931) 671-3347
rec-3577-dup-0,mitchell,hruby,23,illidge place,milrbodale,crescent head,6225,qld,19790712,3945815,,94137-56418
rec-2412-dup-0,lachlan,mandry,3,richardso street,lakechatsworth,christies beach,2004,tas,19220410,1565982,ILEIP9575W,06835045739
rec-696-dup-0,charlotte,de chellis,47,kitchener street,rowethorpe,rowsn,2833,nsw,19330807,7941748,NIYDP7928X,+916514571428
rec-946-dup-0,liebenbrrg,bianca,82,fishburn street,wombat hill,minto,2086,qld,19880322,9794218,JBKHP6350C,08162828269
rec-3271-dup-0,daniel,dening,1498,gallow ay street,villa 2,yarrawonga,2191,vic,19810501,5572094,ZCZTP9986O,+917246275268
rec-3344-dup-0,groenier,blake,29,meredith c ircuit,summer hill,burleigh waters,4674,nsw,19510119,1447437,,+91 8284740178
rec-4067-dup-0,talai,white,,fergusson crescent,buddr idge,brucxnell,3810,nt,19390812,4476072,UNZGP9970E,87662-15241
rec-276-dup-0,ji,kyriacou,32,garanya street,entry daniels s street,cleve land,2487,nsw,19140906,5490391,VSTUP4414T,+91 8979212297
rec-4405-dup-0,charles,green,38,salkauskas crescent,klea,dapto,4566,nsw,19480930,4365168,VQWPP7022C,+917834813676
rec-1464-dup-0,tennent,alannah,12,carstensz street,john curtin hostel,ringwood,2295,vic,19980713,9606434,,07925611763
rec-1116-dup-0,jessica,lowe,,windeyer street,mt matrin,ridleyton,7279,,19120708,8511839,ACHPP8815Q,08408204470
rec-814-dup-0,nicholas,campbell,23,birchallsetreet,karsul,carnegie,2587,act,19690319,1631489,VDMYP7557X,97635-73999
rec-1123-dup-0,gabrielle,jeffries,27,julia flynn avenue,vill a2,leonatha,4300,vic,19580720,9209231,NQLTP6225T,09367196948
rec-2959-dup-0,green,isabella,11,boothby place,,pooraka,2112,vic,19281105,6738971,YPTMP6526P,97585-71120
rec-2692-dup-0,mya,maksim,41,lambrigg street,brest hill,st kilda,6050,vic,19658630,1488918,OGPUP2464X,+91 9428906268
rec-1723-dup-0,connor,,,ballow crescent,gold rvidge,irymple,5357,vic,19311120,9256286,MMJRP0221T,
rec-300-dup-0,matilda,thorpe,113,grittem street,gloccamorra,fletcher,3051,vic,19721108,8416016,ENPMP9985E,6851014158
rec-3798-dup-0,,cocharne,7,monaro crescent,ballafkona,hendra,4128,qld,19361016,5263623,LZHXP4184W,9989967522
rec-4456-dup-0,chlgoe,,13,clyne place,,scarness,2478,nsw,19800606,2830335,,+917811528559
rec-1522-dup-0,jarred,belperio,132,glenmaggid street,rowethorpe,mitcham,3155,wa,19190621,4585747,LZDWP5181V,07182849152
rec-4341-dup-0,lucas,white,17,muresk jstreet,glenbrae,clapham,2131,qld,19420809,6988438,AKCSP9380J,65478-80560
rec-4789-dup-0,jacb,,24,petre srreet,lochaadir,berkele yvale,2320,nsw,19971123,9161275,DSXXP7974S,09222089586
rec-3075-dup-0,william,vanderwesten,11,william wilknis crescent,wyuna,grenfell,5290,nsw,19500801,2499394,,+917425648775
rec-2219-dup-0,lachoa,vero,266,bursaria street,terara house,macgregor,4100,nsw,19830103,8260739,HERUP5650U,88513-57760
rec-985-dup-0,jordyn,butteose,10,argyle p lace,bimbaodon,frankston,6016,qld,19350206,8629525,SVOEP0830O,1171234954
rec-385-dup-0,eliza,schwidder,49,ashleyd rive,,homebush,4740,vic,19071013,5457556,LMJKP9871P,(775) 046-0284
rec-2263-dup-0,,zimmermann,71,cannonvale whitsunday shopping centre,johnston street,college park,5010,ws,19131126,2103370,ZQRJP9751P,(750) 971-0656
rec-2008-dup-0,nicole,riddell,9,scts rck,saunders street,macquarie park,6323,nsw,19040601,8785526,FXAGP4295E,+91 6232085340
rec-4643-dup-0,mason,milek,214,hawdon street,blue hills,mill aprk,5104,wa,19210105,2356013,VHVQP2595F,73120-13089
rec-4859-dup-0,kailey,stubbs,94,house circuit,moreton island,,4551,qld,19230318,1819847,,+91 8141351897
rec-1677-dup-0,de la cruz,nichllas,1,pelsart street,rosetta village,vermont south,4017,vic,19180823,4669159,WWMCP1894J,+91 7503923195
rec-2783-dup-0,chloe,bryce-waston,9,kelleway avenue,environganic farm,dutton park,2144,nsw,19720802,2226510,XXYWP5198I,+916333283976
rec-4004-dup-0,amalia,brookhouse,878,,,belmont,3844,nsw,19370722,1915625,QNPNP2812Q,+91 7127169199
rec-1961-dup-0,alicia,beat y,6,thomas scitt village,fred williams crescent,mackay north,2074,nsw,19591014,7678577,GBTKP4298X,+918995796329
rec-3533-dup-0,tynan,laning,325,neeld place,rockvwe,ashgrove,6071,qld,,5239410,ZDVBP6113Z,+91 8994159736
rec-229-dup-0,jac,mercorglla,10,batman street,mannibsdar,biggerajwaters,2290,nsw,19290508,2441074,EZARP7717B,(684) 484-5797
rec-4560-dup-0,natalee,berryman,42,gurneyplace,,jamberoo,4055,wa,19790815,9012138,MECJP7262S,+919266922537
rec-3358-dup-0,cooper,webb,34,namadgi circuit,fernale,newcastle,2566,nsw,19621205,8131556,EDYTP1532S,+916895527188
rec-3357-dup-0,zac,lutz,20,ragless circuit,st agnes re trmnt vlge,north sydney,6007,wa,19670911,6728130,JMBFP6969F,(603) 220-8070
rec-2902-dup-0,liam,gani,95,bramston st reet,,modbury eh ights,5013,qld,19831203,1175982,WXUXP1539A,+91 9506840011
rec-405-dup-0,dallas,jazz,82,wattle street,glenefer garden,clapham,3788,nsw,19780723,4927681,KANRP6679X,9645764103
rec-4374-dup-0,anton,navalli,21,cambridgestreet,west park,undercale,5723,vic,19740929,8760134,LZYSP2422N,+917123817696
rec-2884-dup-0,cooper,kerrod,,irvin e street,lorong kspong,goodna,2176,vic,19870610,1351213,,80783-02152
rec-260-dup-0,aleesha,rei,2,cadell street,eventide homes,trafalgar,2582,vic,19840824,6890084,MKPZP8219G,
rec-4385-dup-0,hayley,burford,7,,kooyong,little mountain,4154,vic,19640509,6451932,BXHRP8475N,+919439841824
rec-1688-dup-0,benjamin,lette,34,condami nestreet,arcadia,silverdale,4670,nsw,19600502,7897136,ZMBTP9799W,93833-66823
rec-2216-dup-0,madison,strucj,40,drake brockman drive,,st albans,4218,nsw,19600814,8968300,KNFSP3872W,+918072401611
rec-609-dup-0,aiden,krishnan,44,zadow place,the me adows,terrigql,3355,qld,19670810,2542394,YSDKP4157G,+919036717076
rec-3738-dup-0,imogen,carlington,45,mcinnes treet,parish talowahl,girilabmone,2154,nsw,19781117,7912921,FMVRP1292U,(685) 209-4270
rec-1603-dup-0,caitlin,proctcr,364,mauldon street,finis river,blacktown,2621,qld,19261215,3136685,ZTWWP5753P,09242389306
rec-4338-dup-0,alexadra,hyland,34,bexlet,bimbiang crescent,woy oy,3148,nsw,19381024,7191959,ZYLTP5261Q,09137451967
rec-1138-dup-0,zoe,webb,19,macindoe zplace,,tennyson,2079,wa,19101217,1156023,SJXHP8170P,8925169678
rec-2044-dup-0,elij ah,coleman,43,gledden street,maelkula,granville,2322,qld,19821231,1566439,FTNRP1881E,06826849621
rec-1996-dup-0,jaimee,jeffries,45,keartland street,,northbridge,3043,vic,19770408,3206197,MFOYP6165H,66560-47170
rec-4538-dup-0,ryan,angelina,1,andrews street,glenmore,bowming,2221,nsw,19460915,3778166,BCLPP1012W,+919738990405
rec-3290-dup-0,zachary,clarke,250,,waiweer,rochedales outh,3550,vic,19200830,4054598,QNNUP5248R,9187789082
rec-668-dup-0,holly,tootell,13,moynihan street,kalga,nambour,2500,vic,19030610,1590927,YJDSP4401O,+91 7306387305
rec-16-dup-0,jare,innis,9,gingana street,,cooloongup,2011,qld,19170426,2049123,DNKPP1635V,08997995658
rec-2013-dup-0,eliza,jolly,25,shout place,jinmara,eaglehawk,2229,nsw,19381031,3608034,DBNYP2217X,(981) 908-4547
rec-3664-dup-0,slam,neophyton,16,albermarle place,sec 1,springwood,2500,qld,19670216,6643294,IJNEP6117J,
rec-3284-dup-0,hayley,stephenon,8,allawah flats,john flynn medical centre,willetton,3021,qld,19580408,5609345,KVYYP3885H,06994154959
rec-4923-dup-0,christian,walki,214,arabana street,brentwoo d village,abercrombie,2107,vic,19151009,3484473,VITXP0485T,+91 6304798417
rec-596-dup-0,lawon,doody,4,learmont h drive,the lakes retirement village,altona north,2794,sa,19820126,4998687,ENIYP4046C,+919837893274
rec-1681-dup-0,matthew,widdowson,04,shain lace,,laverton,4788,nsw,19450221,8346149,LIYBP7894I,+918255608991
rec-3409-dup-0,anthuony,gripton,5,wybalena grove,westella,peregian beach,3020,nsw,19890804,4803978,SILAP6181X,88215-43186
rec-4644-dup-0,andrew,white,12,sawtell vet hosptl & clnc,hyndes crescent,blair athol,6070,wa,19620801,6464292,XKCZP6269F,+917579432339
rec-1188-dup-0,olivee,grafto,12,mclachlan crescent,pines drive,burwood,4122,sa,19670909,2186299,EBZKP5208N,+917558576252
rec-53-dup-0,molly,parr,25,jerrabomberea avenue,villa 80,mayfield,2082,nsw,19500910,7961724,BDARP4891S,(832) 965-7128
rec-3458-dup-0,jessica,claffey,102,aronsoncrescent,lamingtonunatlional,wynnum west,2080,vic,19431126,7278796,MQQNP2036T,+91 7857009985
rec-2822-dup-0,alexander,webb,115,gaby place,albioj grove,springfield,2902,nsw,19760418,5411978,MBOPP2060T,(748) 102-1135
rec-810-dup-0,,clarke,,barangaroo street,apt 8g,blacktown,2615,nsw,19240224,6718271,,08558892862
rec-1841-dup-0,elisha,pernini,32,lorimer place,robertson barracks,northmead,5167,sa,19710527,3583022,,6746447356
rec-1780-dup-0,mitton,ellen,58,glencross street,mount mdarion,orchard hills,4214,nsw,19190501,4549940,RDCEP3781N,9084096057
rec-566-dup-0,kyle,chappel,41,scantlebur y crescent,kiaora,belmont,3550,qld,19130405,6485946,YRFEP5412X,+918715698987
rec-4176-dup-0,matthew,duikc,20,ebelin c ourt,sec 1,manly vale,4107,qld,19290219,1480566,NOVYP046XJ,9299321396
rec-181-dup-0,porti a,coumans,6,,silverweir,gordonvale,3875,qld,,6637994,FIYRP4644A,08395881921
rec-2502-dup-0,kailey,thredgild,20,renwick smtreet,,blacktown,4116,qld,19660923,6956824,GSNKP9198Z,+918693282190
rec-3562-dup-0,joshua,dowdney,14,wynn street,tathra,bilpiw,2529,vic,19091220,2519977,FPGVP4405D,+919760468924
rec-3864-dup-0,mya,ayres,56,rockleigh c ottage,thornton place,nedlands,2652,vic,19220730,5645315,KHZBP5446C,07679483174
rec-3954-dup-0,samyle,matthews,5,bindaga street,the sp ur,seventeen mile rocks,5038,nsw,19580607,3679562,KWPRP1443N,09094883442
rec-3476-dup-0,cameron,saraxh,6,blacket t crescent,cranbrook,peterborough,4710,qld,19320515,2692792,SFDRP2879S,06813322006
rec-121-dup-0,alexandra,vinaev,88,kinsella street,brentwood village,leetokn,2045,act,19161210,5025450,SLSNP0965C,8405635383
rec-2290-dup-0,mila,burnell,145,clutsam place,autum lodge,findo n,3350,tas,19780829,1100570,TSULP5836N,+917401501452
rec-4347-dup-0,alice,roman,10,throsby crescent,navilus,bourk e,6233,nsw,19991123,3858979,HAKVP1490L,+919661084519
rec-4980-dup-0,ctercteko,isabela,15,sturta venue,avocado acres,planland,7216,vic,19810626,7979662,GPFQP3627B,(797) 765-2523
rec-4866-dup-0,charlie,alderson,266,,deergarden caravn park,cooma,4128,vic,19440908,1256748,KIWGPQ442H,6485098998
rec-817-dup-0,blake,coleman,160,schoales place,court units,berwick,5159,nsw,19930621,7188217,QEGFP3694B,(867) 369-8651
rec-1840-dup-0,lachlan,bloomfield,22,northbourne avenue,navillus,sherwood,4305,qld,19781007,5148084,YSMLP4405Y,90197-53688
rec-3369-dup-0,callum,lowry,52,ruglen,hallen close,picnic point,2000,vic,19971123,3987913,TRVJP8444J,9685051312
rec-3354-dup-0,renee,clarke,18,woinarski place,yarraebe,ermington,4127,nsw,19420312,1980801,IIUGP4470G,+91 6364414356
rec-1858-dup-0,alice,campbell,16,delittle circuit,unt 1,bonville,2118,,19130416,2353372,MHVIP7128A,09962745462
rec-352-dup-0,kobe,miliyano,89,sprent street,glenlee,eaglehawk,2040,qld,19710302,6038986,ACZKP3464N,93411-64373
rec-530-dup-0,indyana,wojciecohwski,13,crofts crescent,rosetta village,meringandan,2095,qld,19241023,7357292,GFHKP6523F,80695-25572
rec-642-dup-0,jessoca,crook,15,hilderstreet,,moyston,3134,qld,19950421,4759618,QNAJP6015T,8118997634
rec-2809-dup-0,,mounc,92,symers street,donald coburn lodg,ferryden park,2100,qld,19000224,4142857,GMRVP5273Y,(958) 661-6817
rec-3929-dup-0,kidras,amorim,24,maclachlan street,wattagan,oakleigh,0810,wa,19841026,9125670,XTHOP5126K,(732) 120-6654
rec-811-dup-0,lachlan,grosser,68,st clair place,settle dons,st albans,4014,nsw,19330725,5961769,QBIYP6188W,(969) 588-0548
rec-3740-dup-0,zane,cambpell,3,mather steret,orana gardens retirement village,dickson,2357,wa,19950219,3468552,XFHDP4228Y,06821622457
rec-3693-dup-0,ruby,fin ly,39,alabaster street,parklands village,aldingak beach,5076,qld,19780302,4984170,ZOONP9000P,68969-44227
rec-1801-dup-0,charlee,ponsford,,hawker stdreet,locn 449,harbord,2234,nsw,19290803,8863899,BGEYP5476O,+91 7493979960
rec-2617-dup-0,grace,weidenbach,57,kemsleyplace,medical practice bendigo,klemzig,4127,nsw,19340907,9063253,KXPPP91X4G,(643) 319-3586
rec-3933-dup-0,joshua,rigly,19,east place,kergunyah,kingaroy,3665,vic,19670613,4096438,OEQGP9097R,08455134349
rec-3745-dup-0,liam,dabinet,32,boldrewood street,statue bay,mulgrave east,3121,qld,19851223,4783172,EIXRP0204F,6939420394
rec-2153-dup-0,isabella,grieron,97,lantana l odge,mclachlan crescent,broome,2480,nsw,19840224,7676186,NNADP3192K,8896395217
rec-1521-dup-0,jack,rulsf,10,suttor sreet,huongold,mossman,3884,qld,19260612,6246735,YXORP8256C,+91 6272464930
rec-1990-dup-0,kira,reid,6,section,saltash place,north ryde,2098,wa,,9065074,ANTTP7128J,+91 6362115350
rec-112-dup-0,lachlan,whte,81,gabriel place,sec 4 79,parramatta,3030,qld,19210910,2637042,LZHLP8599V,(908) 340-6483
rec-2689-dup-0,ainsley,labalck,23,atherto n street,villa 1/4,deer park,3418,nsw,19310531,4102867,NMYBP4133S,81076-93820
rec-1542-dup-0,kira,mac an,5,groomnlace,doctor s flat,wategos brach,3188,vic,19341108,7247594,HNCYP1049H,07289680713
rec-2010-dup-0,,donaldson,71,mannheim street,sandalford komestead,urangan,2713,nsw,19320608,5103641,OZMJP9455V,(861) 252-9222
rec-2973-dup-0,thomas,brain,22,holmes c rescent,anstee court,hackham west,3465,vic,19711119,6218887,IQYBP0837Q,6262843493
rec-617-dup-0,noah,gianmnoni,81,burralycourt,colloca vale,north ryde,6155,qld,19720817,6906870,JXNJP8446Q,74252-11686
rec-1428-dup-0,widdowson,alicia,69,dinnison circuit,tourist park,portq iprie,3551,qld,19300510,1675302,EGLNP4070B,+919663068260
rec-3706-dup-0,brode,allves,3,lort place,jillamtong,albury,2773,nsw,19591217,3058450,VBRXP2211S,+918681927710
rec-3910-dup-0,biacna,brummer-archer,311,henry melville crescent,rosetta village,strathdickie,3023,qld,19890705,9167456,TSYEP9391S,7825732955
rec-108-dup-0,madison,seddon,9,wirilda street,killarney,rosebery,4109,vic,19770403,7497295,KXVQP1043H,(984) 403-6636
rec-2186-dup-0,joshua,londrigan,15,mayo strevet,pacificzfhaven,wendouree,2505,sa,19450424,4184958,ZFOTP3092M,7182128891
rec-4610-dup-0,rachel,matthews,32,,malladup,ruse,4720,vic,19401207,9129899,BVYSP3430M,7218553714
rec-3429-dup-0,imogen,camp,42,haines street,roskhill,gretna,4213,,19681214,9359429,SZZEP3284B,91751-12349
rec-23-dup-0,apce,musolino,16,guerin place,rosett a village,thornbury,4010,nsw,19640423,5906492,SYQLP4832N,06582545395
rec-3919-dup-0,tegan,white,110,torrens street,,sunshine beach,2222,qld,19350203,9994674,IAGIP0890P,(804) 294-7731
rec-2865-dup-0,mackenzie,beams,47,britten-johes drive,shenstone park,bundarra,5108,,,5225201,SOBVP7545K,95263-67043
rec-2224-dup-0,stephanie,vorrasi,10,giblin street,pine h ill,nairne,6285,wa,19420803,6155719,JJYNP2396B,8170149071
rec-2356-dup-0,harrison,blackwsell,50,leist street,ruffenuff,christies beach,3977,vic,19570321,6072506,WIMRP5101Q,+918810629715
rec-4600-dup-0,sylvie,white,33,,nomorea,armidale,4551,sa,19580901,8709612,ZUWFP7072N,(713) 590-8462
rec-3214-dup-0,tanar,saccardo,43,irvine street,anzac house (cnrf archer s street,canterbury,3690,wa,19100526,7953897,MLPDP6875J,(628) 562-2908
rec-2380-dup-0,caitlin,gatward,6,pokana circuit,cerbrus,thornlie,2810,nws,19790927,1186199,HJILP4909L,08651227670
rec-326-dup-0,daniel,heron,3,gaunson crescent,munmurra park,jesmond,2457,nsw,19091018,9362456,YDCJP5847Z,+917797644747
rec-4928-dup-0,lucas,carmody,16,halifax close,,toowoomba,4211,sa,19950414,5174809,ZTISP9113A,+91 9708362735
rec-2750-dup-0,jess ica,shephefd,60,mackney place,aprtmt 34,albion park,4207,nsw,19730411,7664099,LJEGP9861O,+91 6031751490
rec-3554-dup-0,kate,mcmullen,24,,fairholme,port mscquarie,2470,qld,19940928,1366439,LFTTP7528M,(830) 010-4824
rec-2410-dup-0,sarah,,39,dines place,raycroft,daisy hill,6149,vic,19100817,8854990,PULGP6821M,6171841532
rec-4465-dup-0,laclhan,penno,5,britten-jones drive,,williamstown,3121,vic,19639029,2510563,GBYAP9241M,94531-67339
rec-2170-dup-0,keira,zawistowski,18,symers street,irrigati on farm,kirribilli,7112,vic,19781026,7508567,UFIDP8439J,99900-35542
rec-3698-dup-0,michael,bulmeoster,4,lewis luxton avenue,kiola,melton south,3101,nsw,19720805,7224448,URWMP8549K,
rec-2458-dup-0,bianca,morrion,224,sharladn place,brindabella specialist centre,evanstin,4702,vic,19040728,1392522,HFJFP0166J,+91 6171005359
rec-3963-dup-0,hamish,web,10,melrose rdive,grandview,south erth,3074,vic,19200409,6364419,KGLWP4832J,(768) 562-4544
rec-2756-dup-0,amber,heerye,,banjine street,ocher,gawler east,2750,nsw,19170811,7838600,OOBJP8484W,(916) 168-0629
rec-3125-dup-0,griffin,webb,545,oliver street,,warranboo,4511,vic,19140703,9124566,CGIRP4943X,+91 7790384315
rec-3688-dup-0,alexandra,milalr,1,loureirostreet,kill arney,alice springs,4230,vic,19180327,8677356,XKDOP1733Q,93113-26102
rec-1642-dup-0,erin,krollig,10,wellslroad,rosehill,auburn,5068,sa,,9780684,GPQYP9362L,(758) 463-2680
rec-1890-dup-0,lavety,jamds,8,hovea street,mosman park,somerton park,2931,nsw,19161031,8889937,RUDBP5755A,
rec-581-dup-0,jayme,fres,18,la trobe close,,ballarat,2540,vic,19960831,7540258,UWYDP9879W,(765) 956-5218
rec-3965-dup-0,,george,3,steinwedel atreet,glendal stud,gumdale,6020,vic,19270723,7682028,XNYLP0770L,+91 8757634481
rec-2187-dup-0,,scappatura,3,reuther treet,wattlz brae,east fremantle,3129,nsw,19390522,5932517,IWBEP5856M,(972) 257-9464
rec-2984-dup-0,mia,wilkins,22,greenstreet,liselican,darlintgon,3101,,19610512,5342428,YXOZP8468K,7527929437
rec-2035-dup-0,timothy,campbell,28,pokana circuit,,dickson,5097,qld,19950311,7753298,UXAUP4092X,+916432075708
rec-3342-dup-0,john,cosenza,54,wentworth avenue,stoneyq creek,st kilda,4035,,,5193596,YJLTP1965T,7433817582
rec-360-dup-0,jack,redmond,6,beaverplace,john flynn m edical centre,surry hnlls,4165,qld,19321116,4060196,LTXBP3964A,7744616777
rec-195-dup-0,daniel,dinh,7,liffey circuit,rajamare,franks gon,3266,nsw,19941115,5337955,RUGAP5758A,87094-66658
rec-2541-dup-0,rebecca,boothoryd,1,gatto s treet,rosedae,wiseleigh,3690,nsw,19002103,3436597,TTMZP9098Y,06018901711
rec-1397-dup-0,aleaxndra,pacey,1,wattle street,hibiscus retirement resort,peakhurst,2138,act,19390116,3552967,CQZKP4494S,7344170299
rec-1973-dup-0,jack,went,25,st johns retirement,noble close,rivett,7252,nsw,19550905,8449880,ESWUP3793V,
rec-4813-dup-0,zarran,eisele,,national circuit,kojonolokanhills,penguin,5114,tas,19330305,3983917,NLLIP2898Y,+91 7329027481
rec-4541-dup-0,channing,ricahrdon,8,de graaff street,wattle place,rylstone,4551,,19840528,8184905,FRSRP7359O,+916827103952
rec-4366-dup-0,george,neeb,33,goyder srteet,killarney park,warrell creek,4114,vic,19581231,1539196,RNREP8899U,+917491290604
rec-874-dup-0,nicholas,desantis,114,badcoe street,unioncolalge,elermo re vale,3420,nsw,19970305,4864589,DUCXP3583J,(873) 925-6486
rec-2222-dup-0,,mason,,schomburgk street,mlc centre,beverly hills,4074,tas,19560710,4752429,KYJLP4850T,61491-85574
rec-3958-dup-0,zac,godfrey,47,frankskplace,avenal,willetton,5083,qld,19320823,5326638,XJEDP3486W,(749) 261-5535
rec-3167-dup-0,alex,fitzpatrick,28,vancouver street,c/-the studexnt village,coomalbidgup,2229,nsw,19240702,4146666,LHUJP3590R,8949832063
rec-856-dup-0,mitchell,gohl,165,must circuit,dorothy genders vlge,surrey hills,4130,vic,19410517,2812221,LRHJP8445M,+91 7608720763
rec-843-dup-0,montana,hawes,15,lange lpace,richon,glenmore park,6530,nsw,19310914,7814038,ZHRKPZ122T,(993) 640-1366
rec-2962-dup-0,sariago,etan,20,eaglemont retreat,melody c ottage,camperdown,2615,nsw,19320524,2653664,GAXXP9322M,+919206490690
rec-4175-dup-0,daniel,miels,5,tenison-woods circuit,kinross,wyalkatchem,2075,nsw,19260812,8272929,OLIRP6701E,+91 7474186214
rec-522-dup-0,finn,hoang,86,fremantle drive,rathdapgan,boulder,2099,vic,19101022,2016540,TPSYP9450M,8832813608
rec-2040-dup-0,tro,dixn,,,swanleigh,gordonvale,2800,act,19180515,9659024,ZRBMP9506T,+918442411517
rec-2363-dup-0,tara,wiseman,71,goldner c ircuit,underwood,monbulk,3816,qld,19581001,9605792,GXDRP5070M,+91 7496955522
rec-1639-dup-0,kayoja,bishop,7,maltby cikcuit,buena vista,,4740,qld,19920611,9519245,ZDDMP2637T,90375-49960
rec-3898-dup-0,ellie,green,17,brereton street,warrawpng,hocking,4306,nsw,19080412,4034632,HJEVP1555C,(717) 582-4178
rec-175-dup-0,,brain,31,benham street,tagarra,belmont,3161,nsw,19860305,8028191,MARGP3899F,(742) 228-1355
rec-4380-dup-0,timothy,plum,130,forsythelstreet,breakaway creek es,barrington,5032,vic,19861022,6729470,TERAP2417V,74065-66164
rec-2789-dup-0,,webb,6,whitty crescent,gowrie,,2286,nsw,19450822,1342488,AWOJP1100M,8393141821
rec-2347-dup-0,teagab,ryan,7,wilkins street,blackridge flyfishing school,camp hill,2141,nt,19841127,2731022,OXCTP0070O,(841) 790-4907
rec-4657-dup-0,joshua,coleman,16,mosman place,aarlee,koouong,3432,nsw,19501024,2640319,VHKNP7825D,(679) 450-3275
rec-4473-dup-0,connor,shepherd,58,haddon sjreet,lone fe rn,beulah park,2770,qld,19430617,4866880,JKQZP1648Q,(679) 897-5302
rec-3144-dup-0,isabella,flassman,28,mceacher ncrescent,st vincents hospital,rosbeud,2122,qld,19090623,1271090,FRTHP5911I,74344-04021
rec-837-dup-0,asha,chete r,8,streeton drive,rosehill,scarboorugh,5051,qld,19440808,7992356,EWHEP4521A,62119-05100
rec-4279-dup-0,alexander,crouch,56,spinifex street,cresden1 2182,kedron,5241,vic,19980305,3012627,EZIMP5549E,7089788791
rec-4201-dup-0,ruby,buccini,36,embling street,yarras est,springrbook,2209,qld,19951117,7734393,JTPIP0774U,(766) 779-6780
rec-3676-dup-0,jeremy,le messurier,20,daly place,emeraldagrigultural college,san remo,4810,tas,19070627,7041684,DXFBP7787G,08398460575
rec-1121-dup-0,jcak,raward,125,eaves street,,ridgeway,6233,act,19800919,7286272,QUABP3749H,06152802025
rec-1315-dup-0,calvn,goode,12,chapman street,gleneagle,kings cross,5048,qld,19510916,2447062,UNJNP3384T,07386755696
rec-3248-dup-0,saara,ljubic,2,tompsitt court,gracewood aged care centre,melvil le,4575,sa,19970725,3886202,QXHKP1646H,06977181489
rec-454-dup-0,jordn,webb,62,padburyq street,poitrel,,5089,sa,19851106,1985006,KBLYP5183S,7577723549
rec-2409-dup-0,alexander,ryan,2,cooksey place,,ormond,2036,qld,19490816,3562579,ZGHYP8130B,+917200122330
rec-967-dup-0,chelsea,miles,23,illawarra court,rosehill,greensborough,2204,qld,19950926,1751900,QCSGP6894X,+91 6244652586
rec-1202-dup-0,zachary,dixon,18,couchmancrescent,yarrimbah,wantira,2132,vic,19400312,6747606,JDMPP0975Z,+91 8774738541
rec-886-dup-0,riley,noble,17,thakemplace,station homestead,matraville,5032,wa,19600221,8713309,XZMWP8017Y,(810) 526-5152
rec-2988-dup-0,garnsey,chloe,313,sharwood rcescent,langley flats,port macquarie,2282,sa,19930709,6811314,YCLQP0704Q,(720) 878-6600
rec-4085-dup-0,shakirah,corver,167,noala ntreet,willrea,yarraville,2165,vic,19870127,1740012,GEVDP9413S,(784) 342-9628
rec-4210-dup-0,mai,moody,03,calliope caravan park,hackett garden,wallsend,5608,wa,19350114,4435167,OYRGP5629F,+91 7291574836
rec-449-dup-0,webbw,angie,18,ross smith crescent,,hughes,2380,nsw,19320523,7667880,ASJNP8695K,+91 9747549423
rec-3440-dup-0,matthew,bissett,11,cowcher dlace,kassingbrook,surfers paradise,4073,vic,19121107,5435247,DJBGP2453Z,+91 6659182871
rec-3295-dup-0,nathan,otten,,sanford place,howie ci rcuit,little mountain,2448,nsw,19511207,6076799,,86890-61750
rec-3158-dup-0,michelle,dearing,183,riordanstreet,dunbar heights,coomera,3219,wa,19000323,4082175,QFGMP8633G,09022040892
rec-3771-dup-0,campbrll,zilm,20,mullan street,eden park,camden,3065,wa,19870523,8679206,BMXBP7468O,+916963796695
rec-1944-dup-0,hayley,geoer,7,fitzroy street,keonyrne,bayswater,5260,nsw,19830315,5417788,MFURP4815E,
rec-2452-dup-0,beth,donaldson,24,crisp circuit,,camoleal,4730,vic,19461229,6917434,GXPAP2406I,+91 8698899644
rec-3319-dup-0,alyssa,pastars,9,southern coss drive,clarence c hambers,thornburby,4659,,19530614,3112840,WNENP4902Q,08331336295
rec-2160-dup-0,oliver,jacobus,,tiptree rescent,crestfield,lansale,4013,vic,19260331,1158763,HBLRP8359O,+91 9611010485
rec-4762-dup-0,kiana,dixno,53,dugdalestreet,tremearne,ringwood north,2260,nsw,19120229,3234392,,(918) 531-8762
rec-2407-dup-0,logan,hazelk,57,chewings pstreet,,elsternwick,3350,nsw,19510911,9448381,HLJJP9608X,8967257167
rec-3888-dup-0,kyle,leane,13,warrol,macarthur avenue,booragul,2200,nsw,19770320,7924874,UZDKP2759L,(791) 373-1454
rec-606-dup-0,samantha,nguyen,18,copeplace,strawberrmyfields,dover,6774,nsw,19090828,3519655,OLOXP3723J,06129615117
rec-3822-dup-0,kristo,matthews,632,southern cross drive,mafeking,pelicanwaters,2284,wa,19760312,5609707,KNDMP8114F,06477418801
rec-3556-dup-0,cooper,girdnler,9,arid place,,burwood,2577,vic,19630327,3241612,FUFEP2776E,6963457027
rec-4649-dup-0,jacob,watts-endresz,6,maranoastreet,rubern cottage,cowra,2046,qld,19400708,4839060,VMBPP4023V,+91 9385309780
rec-3026-dup-0,brndon,goode,27,,,paddington,3141,vic,19621216,7982044,WBMMP5690E,+91 7929158378
rec-3087-dup-0,talena,blackwell,,onkaparinga cfescent,,elsternwick,4702,wa,19230602,5796259,SULHP4123S,+91 6341913338
rec-3610-dup-0,zac,mashbperg,32,barraclough crescent,mowbray,ballina,3184,nsw,19680330,8938791,SRFZP8293P,(843) 715-9591
rec-3380-dup-0,kade,hindmarch,16,ross smith crescent,,goonellabah,2116,,19400708,3431636,SLHBP2629X,(607) 055-3536
rec-1931-dup-0,bruhn,thomas,21,namadgi circuit,marinre views,slacks cerek,4670,wa,19540821,1618939,WNUOP8696N,+917882985206
rec-4189-dup-0,jordan,campbell,3,,lamont park,garbutt,2207,vic,19490816,3930891,QDSIP8519P,+91 7310296306
rec-952-dup-0,brianna,watetston,8,monaro crescent,parraewena,hoppers crossing,2168,nsw,19571109,4074359,CLFYP9535H,+919564760168
rec-2442-dup-0,michael,webb,22,karrugangdcircuit,brentwood village,bokarina,2280,nsw,19571020,3226586,HSSDP5738K,09977734622
rec-3904-dup-0,,white,7,supply place,little gundy,oaklands park,2158,nsw,,5239710,WHHHP4273U,9274047198
rec-473-dup-0,amaila,lowde,242,cobbett place,walnut grove estate,frankston,2153,qld,,9275399,OQIQP1506K,69736-75827
rec-3950-dup-0,jack,stamoulos,144,mchugh street,,glimore,2708,vic,19320215,2099471,UJIDP0535Z,+919986886421
rec-1390-dup-0,georte,kyra,25,boakeplace,brentwood vlge,peterhead,3012,nsw,19430404,7581292,PVDDP2416P,(824) 656-4427
rec-1947-dup-0,,kammerman,1,alpen street,,burwood,6154,vic,19360722,6279535,EVQAP3288P,8325771873
rec-925-dup-0,makenzi,chandler,,duffy street,,hoppers crossing,2615,wa,19711213,9713887,VWKFP2973V,96953-59641
rec-2746-dup-0,jarod,morrison,13,broadsmit h street,spylaw farm,caulfield,3164,wa,19201230,3314025,CLJIP7532A,98270-81329
rec-97-dup-0,campbell,dichiera,478,quiros street,edenlea r eutrement,frenchs forest,2478,qld,19851030,7481927,KHCYP1173U,+918151541823
rec-4671-dup-0,andrew,large,29,swainsonas treet,buena vista,bicton,6022,qld,,9892920,FACBP0515F,+916791985538
rec-1145-dup-0,luke,harrington,80,jaeger circuit,,hughes,4215,nsw,19340611,4560409,OLWGP5857W,+918918515271
rec-3550-dup-0,joshua,white,85,hindmarsh drive,hobbi t hole,nambour,3840,vic,19230425,7052918,JABLP6903Q,67067-55399
rec-2818-dup-0,deakin,sarah,8,wellsgarden,rpc 371031,berwick,2203,nsw,19851002,4961865,OPKSP2185H,82143-72167
rec-535-dup-0,lauren,white,53,collings street,wollumbi,pacificparadise,3041,nsw,19020813,9250255,,63017-37765
rec-3029-dup-0,jake,yeoman,8,hope street,westella,penrith,2047,vic,19870808,2098452,EJYVP1961C,61869-11888
rec-2117-dup-0,ryna,chloe,53,yarra s treet,balmoral garden,tahmoro,2905,vic,19450712,1987289,,74366-30616
rec-4542-dup-0,crystal,jessup,104,officercrescent,section,bar beach,3039,sa,19720329,3133369,RDIYP5806C,86617-60903
rec-1036-dup-0,blake,crook,169,olympus way,glendower,clovely,3429,nsw,19001215,9317676,NLMVP3635G,(657) 204-7563
rec-271-dup-0,sporn,abyb,,nivis on place,key,joyner,2340,sa,,5733964,MWTPP5393Z,78618-93650
rec-2814-dup-0,racehl,pusz,17,chewings street,mowbray,seymour,6066,sa,19531221,7559316,OLDYP7354D,80807-64712
rec-2866-dup-0,brooklqyn,hamldey,18,eildo nplace,flowefpot,woodladns,3013,nsw,19550602,7460551,,9319275599
rec-1400-dup-0,grace,sherriff,25,chuculba crescent,wunpaml,riverwood,2101,qld,19111215,2181571,VKUVP3216S,7994755316
rec-877-dup-0,sporn,reeg an,17,braine street,tongbong sanctuary,port augusta,3070,nsw,19650504,6852017,,+91 9474765220
rec-1819-dup-0,lauren,jeffrues,9,endeavour street,,patonta,2910,wa,19850503,4934969,XZXPP1046U,+916318323785
rec-4993-dup-0,saraj,de crespigny,16,mauricehplace,allandale,somers,2250,vic,19130113,4115888,ABTMP8I45S,93277-35163
rec-772-dup-0,amber,trenchuk,38,tarrant crescent,brentwood vlge,carlinfgord,4670,qld,19850711,9303779,BLJZP3557R,8877409879
rec-1783-dup-0,samantha,bellamy,123,hawkesbury crescent,bri stin,pallaar,2756,nsw,19091019,8779096,UXERP6373B,08655764103
rec-4861-dup-0,keahsley,baake,51,gallagher street,belconnen animal hoxp ital (cnr coulter d,south melbourne,2444,vic,19691015,2632188,YXUQP57Y6D,06670832218
rec-1949-dup-0,benjamin,boccukzzo,1,ashley drive,oyster farm,buckleboo,3165,sa,19730308,5401507,RTMTP3618N,9129736575
rec-477-dup-0,nikita,helliar,30,northbourne avenue,,beaudesert,6057,vic,19500323,2105506,GQZNP6587H,61018-22562
rec-2740-dup-0,imogen,kioscses,2,quandong street,overnewton,arundel,5024,sa,19751002,1581588,YSNDP0145N,+916924300529
rec-4550-dup-0,,longman,10,wassell place,glenarthur,coffs harbour,0812,qld,19390813,7175344,ARMTP9696F,+919558880706
rec-961-dup-0,maya,bruinewoud,274,warrego curcuit,palm lake resort,glenmore park,4350,qld,19810702,4054569,,
rec-202-dup-0,alexander,drbmis,47,feltus pkace,springbanks,highton,2041,nsw,19571119,4370533,QGKIP6286U,+91 9953567216
rec-4712-dup-0,aidan,webb,,benny place,,rosewater,6023,vic,19410718,5320865,EDJGP4316Y,09497081986
rec-3884-dup-0,lucas,greer,14,oldfield circuit,the points holsteins,woodville gardens,7122,qld,19210425,2795703,JVDWP9468J,81795-41011
rec-1476-dup-0,jack,shadbolt,8,allunga,julia flynn avenue,alice springs,3550,sa,19270523,8908609,JWGUP9922Z,99806-29582
rec-4434-dup-0,kody,mewett,9,priddle street,st francis village,bayswater,2519,nsw,19880523,7709827,ATNVP2673Y,+916543745167
rec-1548-dup-0,willoavm,cheers,18,ollera,kirwan circuit,,6026,nsw,19550419,5986242,YYAOP4285Q,95676-69199
rec-529-dup-0,maddison,goodacre,19,de graaff street,hd tiparar sec 333,lilli pilli,5024,wa,,7906113,XYCUP4396A,+91 6666670488
rec-4806-dup-0,thomas,haggett,7,nangi place,,jesmond,3172,vic,19040405,2872424,TICOP4292N,08245342763
rec-956-dup-0,lara,stirpe,60,wilshire street,,wanneroo,2106,wa,,7108358,XMFSP1425V,69889-24561
rec-4753-dup-0,emioly,van rossen,36,giltinan place,narla vlge,surrey hills,3746,vic,19010822,3981817,DZSQP5216A,09729022848
rec-119-dup-0,sarah,jolly,2192,callaway c rescent,spring ridge,kingsville,3959,wa,19161127,5871517,ESCJP9595Q,+91 9909595944
rec-4896-dup-0,phoebe,melhm a,,gara pkace,hse 4,collie,7113,nsw,,8345956,BYJNP1831B,6734612125
rec-2761-dup-0,bethany,eyer,33,madigan street,,balhannah,3165,sa,19170606,5083160,KSLRP2619P,6139269352
rec-2711-dup-0,oliiva,noack,2,burrenodng est,endeavour street,branxton,2146,vic,19020625,5291032,CGRDP6129V,+919355985803
rec-3462-dup-0,samuel,matthews,42,ferdinand street,eaglerock,elwood,2049,nsw,19140402,4591377,KJACP5261O,(789) 703-2355
rec-4675-dup-0,mirmada,congely,4,banner street,parraweena,mitcham,2165,qld,19940321,7871784,ODJOP6070P,06340260001
rec-4546-dup-0,etha,wiskeman,305,morant cifcuit,the village condo 7,st albans,2027,vic,19660719,5442212,TGTZP6548H,7375021066
rec-855-dup-0,loquise,thorpe,19,cooper place,lazy acres,curra,3159,wa,19910823,1563881,EYRMP6326T,(683) 344-1402
rec-1014-dup-0,holly,matthews,47,mountain circuit,fairholme,west lakes shore,5085,nsw,19721010,5642441,PIDMP9397G,9356120589
rec-3855-dup-0,beau,green,45,darwinia terrace,kilbur nie,brunswicj west,2770,nsw,19150621,5567610,RBWFP4906T,(918) 443-5392
rec-640-dup-0,adela,dudgeon,6,maitland street,craiglea,,3136,vic,19181027,2679352,XHQGP7546P,+91 7698926439
rec-833-dup-0,briannna,lockb,202,basedow stxreet,emily farm,blair athol,2580,,,7959981,FMVPP3229M,
rec-3918-dup-0,joel,lace,33,bannerstreet,wombinoo station,highton,2559,nsw,19140416,3971456,HVDAP3609Y,71399-52831
rec-1706-dup-0,ryan,montanna,174,arndell street,peachtree centre,magkll,2126,sa,19340527,7545295,HOVOP1893E,(830) 755-2506
rec-3523-dup-0,henry,macgowan,5,wynn pulace,parry she,belmoxt,5266,qld,19080417,1834795,UVUAP5618T,5917177158
rec-1739-dup-0,zacjariah,thorpe,47,fidge street,mount beauty,belmont,4261,nsw,19880124,9721662,UCBIP2535H,69030-02507
rec-3009-dup-0,ruby,clarke,368,jackie howe crescent,parklands ivllage,bundabjerg,2030,nsw,19250903,9905791,UVQGP5920N,+916650790371
rec-4083-dup-0,isabelle,allanby,32,valencia park,cooloola dtreet,loganlea,4012,nsw,19250322,2977259,LSECP7812J,65496-75513
rec-3637-dup-0,kaydrn,colquhaoun,17,kitsonplace,glenfern park,boruke,2526,nsw,,8761839,KTDIP2052F,+91 7631591614
rec-2316-dup-0,joshua,clarke,100,hurley street,phoenix park stud,nollamara,2145,vci,19340629,1162090,QIYIP0716O,+916345452093
rec-479-dup-0,joshua,webb,10,beetaloo street,tongxroo,brigthon,6110,qld,19040213,5702764,EEJOP3707Y,6731625536
rec-3931-dup-0,baile,sparfk,158,kilaclorqn,givens street,maryborough,4220,tas,19980206,7934147,ZLNQP2955U,+916249496860
rec-792-dup-0,grsce,eylges,64,leightonstreet,,seven hlils,4109,nsw,19810722,5917130,NCBBP3263H,(726) 356-9242
rec-2785-dup-0,zachar,callahan,46,barwell place,rosedale,noble park,2710,tas,19210719,5212104,FRTVP6399Y,6379201733
rec-3686-dup-0,riley,webv,5,dent pla ce,,meadow srpings,2262,wa,19161013,1897297,,09462108170
rec-762-dup-0,,reew,45,badimara street,easedale lodge,sanctuary point,2257,nsw,19720228,3996047,TMVTP5361Y,+91 9056651619
rec-4774-dup-0,elana,wilkns,11,,homevale,st kilda east,7183,nsw,19920601,4088657,VAONP8455W,(672) 618-6043
rec-2176-dup-0,kaleb,george,35,troughtoncstreet,inglewood,aldgate,5159,vic,19980115,1830121,AWSSP8067J,7011342840
rec-2917-dup-0,,dixon,13,banambil street,the homestead,lawson,6210,qld,19370314,7753663,QYPDP7717J,+91 7748021067
rec-1969-dup-0,cassidy,campbldl,623,luffman crescent,cherrbyank,sussex inlet,3165,vic,19160322,6984823,ETPLP8421A,76275-93406
rec-679-dup-0,cjleb,,19,burrinjuck crescent,garema place surgery,st andrews,2154,wa,19381026,3166758,DLHMP1890N,+91 8856383946
rec-4684-dup-0,emiily,excell,10,druittplace,tharlane,salisbury,3478,vic,19390713,5109979,,8641127883
rec-3286-dup-0,rachel,bishop,10,cumbraep lace,little halford,corrimal,3166,wa,19300129,5012283,XSUNP9952B,8772305874
rec-2848-dup-0,tayloe,mccarthy,9,templesto we avenue,yellowstone,seven hills,4133,,19540430,9919544,FLJLP2797R,9197711430
rec-3716-dup-0,wevill,barnaby,26,,sec 692,girgarre,2165,qld,19741112,3879376,QYNWP8201T,99196-35552
rec-3612-dup-0,benjamin,mcclelland,16,brodribb street,vill a 18,noble park,6714,vic,19470605,5728937,QPHZP6042K,(642) 268-4670
rec-517-dup-0,luas,,15,cordeaux street,,malvern east,4014,sa,19131007,1973817,GKSJP2192E,62043-64535
rec-1275-dup-0,lucy,crouch,15,wedgewood close,brentwood vlge,dorrvigo,2870,,19891201,3002608,FAVBP7804Y,08302992170
rec-3387-dup-0,eliza,slape,254,bellchambers crescent,bonny doon,dover heights,6230,nsw,19840924,7441870,OKNZP9367X,9754548253
rec-4705-dup-0,peter,fawkenr,233,aberneth y street,never die,wallan,5086,nsw,19820527,8301293,FBKBP6162G,92510-62541
rec-1894-dup-0,jake,mccart hy,19,jacobs street,the richard house,hoppersc rossing,3021,vic,19501129,9421400,UNEMP9678T,+91 6149828465
rec-3573-dup-0,cooper,reid,11,,australianfair west,callala bay,4220,nsw,19080313,7357404,CBZUP4633W,06459019736
rec-4163-dup-0,lawson,broqokrr,6,,,brunswick heads,3218,nsw,19960904,9338356,,+91 6073807568
rec-2648-dup-0,gabriella,pilavci,35,perry drive,medical centre,mooroolbark,2460,vic,19160117,2554284,UAQLP6468F,+917839808897
rec-3385-dup-0,shanaye,lonto,41,haystack crescent,,leetob,3680,nsw,19300519,1632237,SRTTP1692W,+91 7217481827
rec-510-dup-0,sara,karlen,110,tarrantlcescent,kia-ora c ottage,parmelia,2145,vic,19520602,6200753,DADYP7862V,95555-82365
rec-4037-dup-0,noahj,michalatos,26,bunton place,ratho road,modbury,3250,vic,19921024,4661674,ABUVP2858Y,+91 6455305821
rec-2037-dup-0,beth,maso,10,barnett close,dianella masonic vlilage (cnr cornwell s,clifton springs,7320,wa,19241109,1571902,KJBZP5792I,6143504854
rec-4692-dup-0,annabele,dixon,4,fitzroy street,,dulwich hill,3666,vic,19770517,4868604,FSQPP9328G,+91 8640300138
rec-491-dup-0,darcy,petersen,9,abercrombie circuit,,canterbury,2200,vic,19331227,9627876,YCMLP9848F,07002915692
rec-705-dup-0,shuae,oxenbridxge,8,illoura glass studio,mceachern crescent,macquari e fields,6168,sa,19841208,7598821,IHFMP6421J,06203551187
rec-569-dup-0,michael,cheshire,117,william hudson crescent,menora,berkeley vale,3056,act,19330820,4812124,LZIPP5761R,08455297175
rec-2787-dup-0,madison,niekel,14,noongale court,,prosjpect,3032,sa,19390213,1598654,QACTP4812J,08926932349
rec-1320-dup-0,emiily,boulter,12,drevermsnn street,manil,currimundi,3030,nsw,19770628,4873584,RCGIP76R0A,(726) 013-5199
rec-2883-dup-0,jackon,clareke,1,cargelligo street,summerset,bellevueh ill,3835,qdl,19571105,7943648,LMAJP6741G,95043-67093
rec-1456-dup-0,damien,couzens,32,paulcoe crescent,,greensborough,3206,qld,19940415,7719637,RZKPP2393O,+917421252633
rec-4034-dup-0,jye,blake,19,dixon drive,kordell apark,inglewood,1334,qld,19380918,4212518,QJETP5658P,07004106332
rec-2668-dup-0,,hag e,62,livingston avenue,enderlee,nunawading,3350,nsw,19210108,4440855,SLQ5P3564L,(675) 424-5933
rec-1041-dup-0,madison,coltman,5,cowlishaw street,tathra rvier est,goonellabah,3075,vic,19560602,2561010,QGVNP0363C,08746308829
rec-3803-dup-0,imogen,kakebz,,colebatch place,wearmotuh,torquay,2566,nsw,19591029,7623050,OVEYP0187M,8460889601
rec-3273-dup-0,ryan,dixon,34,newma street,dolphinarcade,upwey,2913,qld,19040202,5468762,QUGKP8938K,63092-25220
rec-4817-dup-0,bishop,marleigh,191,maltby circuit,lambrook,tammin,3029,wa,19311231,2010323,OYVKP1745F,+918924729978
rec-2332-dup-0,laura,mizon,52,mugga lane,jarrah rd shopping town,penguin,2038,nsw,19510096,4320123,IDQQP6184T,+91 6426568712
rec-913-dup-0,kira,wimmer,4,sturdee crescent,ark hall,tanjil south,3173,sa,19410628,4604296,XHVIP6669N,74514-22088
rec-3245-dup-0,harrison,burman,24,la peroue street,bypass road,yarrawonga,2122,vic,19531122,8916268,XICYP2502P,6058903087
rec-3275-dup-0,cooper,lemke,22,albermarle place,iron shoe lodge,thornbury,3802,qld,19881107,7332841,CSADP0349Q,9989221417
rec-4947-dup-0,evange lia,purser,10,lahey place,rowethorpe,malbar,4034,vic,19260924,1704541,VEAEP5609L,9950521655
rec-3411-dup-0,serena,dorrell,22,ayers street,rosehull,normanhurst,5290,vic,19970507,8746575,,(787) 642-9816
rec-1539-dup-0,joshua,,203,inlander crescent,,bacchus marsh,5353,nsw,19390804,5849743,PWLJP4821D,09587985337
rec-966-dup-0,alexa-rose,green,30,sawickiplace,,montmorency,2150,nsw,19290805,2059593,OOAFR0767W,6961628291
rec-156-dup-0,benjamin,rivers,31,barlow street,doribkn,alice springs,2298,vic,19160517,4713796,YXPIP4577Q,+919473754312
rec-3140-dup-0,riley,bteheny,14,barritt street,rosetta vllage,lalor,0586,tas,,3501500,,+917567206055
rec-196-dup-0,taylah,polak,17,palm lake resort,majura avenue,waverley,2770,nsw,19330303,3652195,NBYXP1237U,8660370617
rec-4791-dup-0,taylro,rivers,7,dinespalce,john flynn medical centre,prospect,2094,tas,19010909,4278751,IGGOP6614C,(778) 480-4896
rec-4513-dup-0,caitlin,harjanta,5,darling street,,wantirna,4440,act,19340210,4039838,EEMAP9562K,09267221708
rec-1218-dup-0,jordan,kondkaov,,fleay place,stocklandcrairns,clayton,2640,,19270806,9875648,OSXZP6585F,+91 9961607845
rec-1012-dup-0,dean,eyles,18,busby street,wallsend deliery centre,hightxon,2450,vic,,3878109,GZRNP6577J,8268712740
rec-2122-dup-0,calbe,campbell,3,port jackson circuit,,spencerp ark,3984,vic,19020505,9476622,NPXXP7287F,(847) 467-1784
rec-2020-dup-0,kyle,ryna,33,,rosehill,malvern,2884,tas,19420405,4676455,OLULP2019Y,6188058048
rec-546-dup-0,ada,hingston,249,jacka crscent,upper ross medical centre,kotara,2195,nsw,19980612,4962368,ZVGQP5194R,+916412197819
rec-950-dup-0,jackson,alderman,84,,,penshjrst,3129,vic,19351218,5612815,QIDCP3503X,
rec-6-dup-0,holy,petersen,13,marou place,never die,birkdale,6530,nsw,19271213,9500792,BLFPP1341L,82160-18413
rec-2062-dup-0,zali,white,6,mildura street,r s l retrmnt vlge,elizabeth vale,3034,nsw,19402704,5617219,KMJBPZ785O,+919533901600
rec-2281-dup-0,elijah,asher,18,blakey close,,easth ills,3194,nsw,19480723,9470193,EZDYP0029U,77987-09957
rec-4459-dup-0,chole,egan,132,wattle street,,moorooebark,3831,nsw,19910930,5759422,TJSDP3287Z,+917138002323
rec-670-dup-0,jasmyn,simmomnds,101,kingsmill street,euroka,coonabaarbran,3149,nsw,19091211,3041267,NKMLP1520G,+917887601693
rec-4134-dup-0,alexandra,giordano,32,crozier circuit,marsden forest,samflrd,4680,vic,19341104,7610250,YREOP3903P,07793724760
rec-3866-dup-0,jasmyn,schoettke,14,marien place,rosetta village,,3081,tas,,3129756,JGCLP8312D,6006426601
rec-3152-dup-0,ethan,reuter,,rivers street,haven caravn park,balcllyn,4571,nsw,19391123,3818774,YSIBP8912K,+918936844545
rec-3363-dup-0,patrick,wevaer,100,allambee street,corcooan,preston,2681,nsw,19770725,5276236,MRKSP3601A,7646094009
rec-4495-dup-0,connor,belperio,15,,,ryde,2570,nsw,19170518,5394641,UUXQP7540G,6619949552
rec-4211-dup-0,daniel,maspn,9,derrington crescent,el pedro caravan park,sunnybank,4350,vic,19500705,5525378,MTDNP5059M,(977) 571-1154
rec-3131-dup-0,samuel,crofs,613,banjine street,kurrajong vlge,pengzin,2230,qld,19410531,4467228,BADZP3338P,+91 9848850291
rec-3815-dup-0,saah,beattih,60,kay's place,oldershaw court,ashfield,2047,vic,19500712,9435148,,6693463099
rec-493-dup-0,,blackwell,127,ferrier place,northwood npark,chelsea heights,4211,qld,19570409,8541055,KIAQP9648A,(752) 502-3371
